[08-May-2026 14:27:34 UTC] ../panel.db
[08-May-2026 14:27:34 UTC] 3
[08-May-2026 14:27:36 UTC] ../panel.db
[08-May-2026 14:27:36 UTC] 3
[08-May-2026 14:27:36 UTC] configurando
[08-May-2026 14:27:41 UTC] Erro no SMTPService ao enviar para murillofrazaocunha@gmail.com: SMTP Error: data not accepted. SMTP server error: DATA END command failed Detail: Relaying disallowed. Invalid Domain - mfraz.ovh
 SMTP code: 553
[08-May-2026 14:28:05 UTC] ../panel.db
[08-May-2026 14:28:05 UTC] 3
[08-May-2026 14:28:45 UTC] ../panel.db
[08-May-2026 14:28:45 UTC] 3
[08-May-2026 14:33:29 UTC] ../panel.db
[08-May-2026 14:33:29 UTC] 3
[08-May-2026 14:33:30 UTC] ../panel.db
[08-May-2026 14:33:30 UTC] 3
[08-May-2026 14:36:10 UTC] ../panel.db
[08-May-2026 14:36:10 UTC] 3
[08-May-2026 14:36:10 UTC] ../panel.db
[08-May-2026 14:36:10 UTC] 3
[08-May-2026 14:36:23 UTC] ../panel.db
[08-May-2026 14:36:23 UTC] 3
[08-May-2026 14:36:23 UTC] ../panel.db
[08-May-2026 14:36:23 UTC] ../panel.db
[08-May-2026 14:36:23 UTC] ../panel.db
[08-May-2026 14:36:23 UTC] ../panel.db
[08-May-2026 14:36:23 UTC] 3
[08-May-2026 14:36:23 UTC] 3
[08-May-2026 14:36:23 UTC] 3
[08-May-2026 14:36:23 UTC] 3
[08-May-2026 14:36:23 UTC] ../panel.db
[08-May-2026 14:36:23 UTC] 3
[08-May-2026 14:36:27 UTC] ../panel.db
[08-May-2026 14:36:27 UTC] 3
[08-May-2026 14:36:27 UTC] configurando
[08-May-2026 14:36:30 UTC] Erro no SMTPService ao enviar para murillofrazaocunha@gmail.com: SMTP Error: Could not authenticate.
[08-May-2026 14:36:33 UTC] ../panel.db
[08-May-2026 14:36:33 UTC] 3
[08-May-2026 14:37:26 UTC] ../panel.db
[08-May-2026 14:37:26 UTC] 3
[08-May-2026 14:37:29 UTC] ../panel.db
[08-May-2026 14:37:29 UTC] 3
[08-May-2026 14:37:29 UTC] configurando
[08-May-2026 14:38:04 UTC] ../panel.db
[08-May-2026 14:38:04 UTC] 3
[08-May-2026 14:39:15 UTC] ../panel.db
[08-May-2026 14:39:15 UTC] 3
[08-May-2026 14:39:17 UTC] ../panel.db
[08-May-2026 14:39:17 UTC] 3
[08-May-2026 14:39:17 UTC] configurando
[08-May-2026 14:41:25 UTC] ../panel.db
[08-May-2026 14:41:25 UTC] 3
[08-May-2026 14:41:54 UTC] ../panel.db
[08-May-2026 14:41:54 UTC] 3
[08-May-2026 14:41:54 UTC] ../panel.db
[08-May-2026 14:41:54 UTC] ../panel.db
[08-May-2026 14:41:54 UTC] ../panel.db
[08-May-2026 14:41:54 UTC] ../panel.db
[08-May-2026 14:41:54 UTC] 3
[08-May-2026 14:41:54 UTC] 3
[08-May-2026 14:41:54 UTC] 3
[08-May-2026 14:41:54 UTC] 3
[08-May-2026 14:41:55 UTC] ../panel.db
[08-May-2026 14:41:55 UTC] 3
[08-May-2026 14:41:58 UTC] ../panel.db
[08-May-2026 14:41:58 UTC] 3
[08-May-2026 14:41:58 UTC] ../panel.db
[08-May-2026 14:41:58 UTC] 3
[08-May-2026 14:42:01 UTC] ../panel.db
[08-May-2026 14:42:01 UTC] 3
[08-May-2026 14:42:01 UTC] ../panel.db
[08-May-2026 14:42:01 UTC] ../panel.db
[08-May-2026 14:42:01 UTC] ../panel.db
[08-May-2026 14:42:01 UTC] ../panel.db
[08-May-2026 14:42:01 UTC] ../panel.db
[08-May-2026 14:42:01 UTC] 3
[08-May-2026 14:42:01 UTC] 3
[08-May-2026 14:42:01 UTC] 3
[08-May-2026 14:42:01 UTC] 3
[08-May-2026 14:42:01 UTC] 3
[08-May-2026 14:42:02 UTC] ../panel.db
[08-May-2026 14:42:02 UTC] 3
[08-May-2026 14:42:37 UTC] ../panel.db
[08-May-2026 14:42:37 UTC] 3
[08-May-2026 14:45:56 UTC] ../panel.db
[08-May-2026 14:45:56 UTC] 3
[08-May-2026 21:28:31 UTC] ../panel.db
[08-May-2026 21:28:31 UTC] 3
[08-May-2026 21:28:31 UTC] ../panel.db
[08-May-2026 21:28:31 UTC] ../panel.db
[08-May-2026 21:28:31 UTC] 3
[08-May-2026 21:28:31 UTC] ../panel.db
[08-May-2026 21:28:31 UTC] ../panel.db
[08-May-2026 21:28:31 UTC] 3
[08-May-2026 21:28:31 UTC] 3
[08-May-2026 21:28:31 UTC] 3
[08-May-2026 21:28:31 UTC] ../panel.db
[08-May-2026 21:28:31 UTC] 3
[08-May-2026 21:28:31 UTC] ../panel.db
[08-May-2026 21:28:31 UTC] 3
[08-May-2026 21:28:31 UTC] ../panel.db
[08-May-2026 21:28:31 UTC] 3
[08-May-2026 21:28:32 UTC] ../panel.db
[08-May-2026 21:28:32 UTC] 3
[08-May-2026 21:28:33 UTC] ../panel.db
[08-May-2026 21:28:33 UTC] 3
[08-May-2026 21:28:33 UTC] ../panel.db
[08-May-2026 21:28:33 UTC] 3
[08-May-2026 21:28:33 UTC] ../panel.db
[08-May-2026 21:28:33 UTC] ../panel.db
[08-May-2026 21:28:33 UTC] ../panel.db
[08-May-2026 21:28:33 UTC] 3
[08-May-2026 21:28:33 UTC] 3
[08-May-2026 21:28:33 UTC] 3
[08-May-2026 21:28:33 UTC] {"serverId":"6d51f2c4-a03d-4373-a278-4932147e3c5a","userUuid":"1","token":"7dcd5010-b674-417d-b121-113eb9200a9a"}
[08-May-2026 21:28:33 UTC] apiRequest cURL Error (Node 1): Connection timed out after 206 milliseconds
[08-May-2026 21:28:33 UTC] {"serverId":"6d51f2c4-a03d-4373-a278-4932147e3c5a","userUuid":"1","token":"7dcd5010-b674-417d-b121-113eb9200a9a"}
[08-May-2026 21:28:34 UTC] apiRequest cURL Error (Node 1): Connection timed out after 203 milliseconds
[08-May-2026 21:28:34 UTC] {"serverId":"06ac013c-1f14-4f03-8c5a-bd97d0d0499f","userUuid":"1","token":"7dcd5010-b674-417d-b121-113eb9200a9a"}
[08-May-2026 21:28:34 UTC] apiRequest cURL Error (Node 1): Connection timed out after 212 milliseconds
[08-May-2026 21:28:34 UTC] {"serverId":"06ac013c-1f14-4f03-8c5a-bd97d0d0499f","userUuid":"1","token":"7dcd5010-b674-417d-b121-113eb9200a9a"}
[08-May-2026 21:28:34 UTC] apiRequest cURL Error (Node 1): Connection timed out after 215 milliseconds
[08-May-2026 21:28:34 UTC] {"serverId":"4c09c109-1764-445c-beda-bafce5c08b83","userUuid":"1","token":"7dcd5010-b674-417d-b121-113eb9200a9a"}
[08-May-2026 21:28:34 UTC] apiRequest cURL Error (Node 1): Connection timed out after 213 milliseconds
[08-May-2026 21:28:34 UTC] {"serverId":"4c09c109-1764-445c-beda-bafce5c08b83","userUuid":"1","token":"7dcd5010-b674-417d-b121-113eb9200a9a"}
[08-May-2026 21:28:34 UTC] apiRequest cURL Error (Node 1): Connection timed out after 200 milliseconds
[08-May-2026 21:28:36 UTC] ../panel.db
[08-May-2026 21:28:36 UTC] ../panel.db
[08-May-2026 21:28:36 UTC] 3
[08-May-2026 21:28:36 UTC] 3
[08-May-2026 21:28:36 UTC] ../panel.db
[08-May-2026 21:28:36 UTC] ../panel.db
[08-May-2026 21:28:36 UTC] ../panel.db
[08-May-2026 21:28:36 UTC] ../panel.db
[08-May-2026 21:28:36 UTC] 3
[08-May-2026 21:28:36 UTC] 3
[08-May-2026 21:28:36 UTC] 3
[08-May-2026 21:28:36 UTC] 3
[08-May-2026 21:28:36 UTC] ../panel.db
[08-May-2026 21:28:36 UTC] 3
[08-May-2026 21:28:37 UTC] ../panel.db
[08-May-2026 21:28:37 UTC] 3
[08-May-2026 21:28:37 UTC] ../panel.db
[08-May-2026 21:28:37 UTC] ../panel.db
[08-May-2026 21:28:37 UTC] ../panel.db
[08-May-2026 21:28:38 UTC] ../panel.db
[08-May-2026 21:28:38 UTC] 3
[08-May-2026 21:28:38 UTC] 3
[08-May-2026 21:28:38 UTC] 3
[08-May-2026 21:28:38 UTC] 3
[08-May-2026 21:28:38 UTC] ../panel.db
[08-May-2026 21:28:38 UTC] 3
[08-May-2026 21:28:39 UTC] ../panel.db
[08-May-2026 21:28:39 UTC] 3
[08-May-2026 21:28:39 UTC] ../panel.db
[08-May-2026 21:28:39 UTC] ../panel.db
[08-May-2026 21:28:39 UTC] ../panel.db
[08-May-2026 21:28:39 UTC] ../panel.db
[08-May-2026 21:28:39 UTC] 3
[08-May-2026 21:28:39 UTC] 3
[08-May-2026 21:28:39 UTC] 3
[08-May-2026 21:28:39 UTC] 3
[08-May-2026 21:28:39 UTC] ../panel.db
[08-May-2026 21:28:39 UTC] 3
[08-May-2026 21:28:39 UTC] ../panel.db
[08-May-2026 21:28:39 UTC] 3
[08-May-2026 21:28:39 UTC] ../panel.db
[08-May-2026 21:28:39 UTC] ../panel.db
[08-May-2026 21:28:39 UTC] ../panel.db
[08-May-2026 21:28:39 UTC] ../panel.db
[08-May-2026 21:28:39 UTC] 3
[08-May-2026 21:28:39 UTC] 3
[08-May-2026 21:28:39 UTC] 3
[08-May-2026 21:28:39 UTC] 3
[08-May-2026 21:28:39 UTC] ../panel.db
[08-May-2026 21:28:39 UTC] 3
[08-May-2026 21:28:39 UTC] ../panel.db
[08-May-2026 21:28:39 UTC] 3
[08-May-2026 21:28:39 UTC] ../panel.db
[08-May-2026 21:28:39 UTC] ../panel.db
[08-May-2026 21:28:39 UTC] ../panel.db
[08-May-2026 21:28:39 UTC] ../panel.db
[08-May-2026 21:28:39 UTC] 3
[08-May-2026 21:28:39 UTC] 3
[08-May-2026 21:28:39 UTC] 3
[08-May-2026 21:28:39 UTC] 3
[08-May-2026 21:28:39 UTC] ../panel.db
[08-May-2026 21:28:39 UTC] ../panel.db
[08-May-2026 21:28:39 UTC] 3
[08-May-2026 21:28:39 UTC] 3
[08-May-2026 21:28:39 UTC] ../panel.db
[08-May-2026 21:28:39 UTC] ../panel.db
[08-May-2026 21:28:39 UTC] ../panel.db
[08-May-2026 21:28:39 UTC] ../panel.db
[08-May-2026 21:28:39 UTC] 3
[08-May-2026 21:28:39 UTC] 3
[08-May-2026 21:28:39 UTC] 3
[08-May-2026 21:28:39 UTC] 3
[08-May-2026 21:28:39 UTC] ../panel.db
[08-May-2026 21:28:39 UTC] 3
[08-May-2026 21:28:40 UTC] ../panel.db
[08-May-2026 21:28:40 UTC] ../panel.db
[08-May-2026 21:28:40 UTC] ../panel.db
[08-May-2026 21:28:40 UTC] ../panel.db
[08-May-2026 21:28:40 UTC] 3
[08-May-2026 21:28:40 UTC] 3
[08-May-2026 21:28:40 UTC] 3
[08-May-2026 21:28:40 UTC] 3
[08-May-2026 21:28:40 UTC] ../panel.db
[08-May-2026 21:28:40 UTC] 3
[08-May-2026 21:28:40 UTC] ../panel.db
[08-May-2026 21:28:40 UTC] ../panel.db
[08-May-2026 21:28:40 UTC] ../panel.db
[08-May-2026 21:28:40 UTC] ../panel.db
[08-May-2026 21:28:40 UTC] 3
[08-May-2026 21:28:40 UTC] 3
[08-May-2026 21:28:40 UTC] 3
[08-May-2026 21:28:40 UTC] 3
[08-May-2026 21:28:40 UTC] ../panel.db
[08-May-2026 21:28:40 UTC] 3
[08-May-2026 21:28:40 UTC] ../panel.db
[08-May-2026 21:28:40 UTC] ../panel.db
[08-May-2026 21:28:40 UTC] ../panel.db
[08-May-2026 21:28:40 UTC] ../panel.db
[08-May-2026 21:28:40 UTC] 3
[08-May-2026 21:28:40 UTC] 3
[08-May-2026 21:28:40 UTC] 3
[08-May-2026 21:28:40 UTC] 3
[08-May-2026 21:28:40 UTC] ../panel.db
[08-May-2026 21:28:40 UTC] 3
[08-May-2026 21:28:40 UTC] ../panel.db
[08-May-2026 21:28:40 UTC] 3
[08-May-2026 21:28:40 UTC] ../panel.db
[08-May-2026 21:28:40 UTC] ../panel.db
[08-May-2026 21:28:40 UTC] ../panel.db
[08-May-2026 21:28:40 UTC] 3
[08-May-2026 21:28:40 UTC] 3
[08-May-2026 21:28:40 UTC] 3
[08-May-2026 21:28:40 UTC] ../panel.db
[08-May-2026 21:28:40 UTC] 3
[08-May-2026 21:28:40 UTC] ../panel.db
[08-May-2026 21:28:40 UTC] ../panel.db
[08-May-2026 21:28:40 UTC] ../panel.db
[08-May-2026 21:28:40 UTC] ../panel.db
[08-May-2026 21:28:40 UTC] 3
[08-May-2026 21:28:40 UTC] 3
[08-May-2026 21:28:40 UTC] 3
[08-May-2026 21:28:40 UTC] 3
[08-May-2026 21:28:40 UTC] ../panel.db
[08-May-2026 21:28:41 UTC] 3
[08-May-2026 21:28:41 UTC] ../panel.db
[08-May-2026 21:28:41 UTC] ../panel.db
[08-May-2026 21:28:41 UTC] ../panel.db
[08-May-2026 21:28:41 UTC] 3
[08-May-2026 21:28:41 UTC] ../panel.db
[08-May-2026 21:28:41 UTC] ../panel.db
[08-May-2026 21:28:41 UTC] 3
[08-May-2026 21:28:41 UTC] 3
[08-May-2026 21:28:41 UTC] 3
[08-May-2026 21:28:41 UTC] 3
[08-May-2026 21:28:41 UTC] ../panel.db
[08-May-2026 21:28:41 UTC] ../panel.db
[08-May-2026 21:28:41 UTC] ../panel.db
[08-May-2026 21:28:41 UTC] ../panel.db
[08-May-2026 21:28:41 UTC] 3
[08-May-2026 21:28:41 UTC] 3
[08-May-2026 21:28:41 UTC] 3
[08-May-2026 21:28:41 UTC] 3
[08-May-2026 21:28:41 UTC] ../panel.db
[08-May-2026 21:28:41 UTC] 3
[08-May-2026 21:28:41 UTC] ../panel.db
[08-May-2026 21:28:41 UTC] 3
[08-May-2026 21:28:41 UTC] ../panel.db
[08-May-2026 21:28:41 UTC] ../panel.db
[08-May-2026 21:28:41 UTC] ../panel.db
[08-May-2026 21:28:41 UTC] ../panel.db
[08-May-2026 21:28:41 UTC] 3
[08-May-2026 21:28:41 UTC] 3
[08-May-2026 21:28:41 UTC] 3
[08-May-2026 21:28:41 UTC] 3
[08-May-2026 21:28:41 UTC] ../panel.db
[08-May-2026 21:28:41 UTC] 3
[08-May-2026 21:28:41 UTC] ../panel.db
[08-May-2026 21:28:41 UTC] ../panel.db
[08-May-2026 21:28:41 UTC] ../panel.db
[08-May-2026 21:28:41 UTC] ../panel.db
[08-May-2026 21:28:41 UTC] 3
[08-May-2026 21:28:41 UTC] 3
[08-May-2026 21:28:41 UTC] 3
[08-May-2026 21:28:41 UTC] 3
[08-May-2026 21:28:42 UTC] ../panel.db
[08-May-2026 21:28:42 UTC] 3
[08-May-2026 21:28:50 UTC] ../panel.db
[08-May-2026 21:28:50 UTC] 3
[08-May-2026 21:28:51 UTC] ../panel.db
[08-May-2026 21:28:51 UTC] 3
[08-May-2026 21:28:53 UTC] ../panel.db
[08-May-2026 21:28:53 UTC] 3
[08-May-2026 21:28:53 UTC] ../panel.db
[08-May-2026 21:28:53 UTC] ../panel.db
[08-May-2026 21:28:53 UTC] ../panel.db
[08-May-2026 21:28:53 UTC] ../panel.db
[08-May-2026 21:28:53 UTC] 3
[08-May-2026 21:28:53 UTC] 3
[08-May-2026 21:28:53 UTC] 3
[08-May-2026 21:28:53 UTC] 3
[08-May-2026 21:28:53 UTC] ../panel.db
[08-May-2026 21:28:53 UTC] 3
[08-May-2026 21:29:05 UTC] ../panel.db
[08-May-2026 21:29:05 UTC] 3
[08-May-2026 21:29:06 UTC] ../panel.db
[08-May-2026 21:29:06 UTC] 3
[08-May-2026 21:29:06 UTC] ../panel.db
[08-May-2026 21:29:06 UTC] ../panel.db
[08-May-2026 21:29:06 UTC] ../panel.db
[08-May-2026 21:29:06 UTC] ../panel.db
[08-May-2026 21:29:06 UTC] 3
[08-May-2026 21:29:06 UTC] 3
[08-May-2026 21:29:06 UTC] 3
[08-May-2026 21:29:06 UTC] 3
[08-May-2026 21:29:06 UTC] ../panel.db
[08-May-2026 21:29:06 UTC] 3
[08-May-2026 21:29:08 UTC] ../panel.db
[08-May-2026 21:29:08 UTC] 3
[08-May-2026 21:29:08 UTC] ../panel.db
[08-May-2026 21:29:08 UTC] ../panel.db
[08-May-2026 21:29:08 UTC] ../panel.db
[08-May-2026 21:29:08 UTC] ../panel.db
[08-May-2026 21:29:08 UTC] 3
[08-May-2026 21:29:08 UTC] 3
[08-May-2026 21:29:08 UTC] 3
[08-May-2026 21:29:08 UTC] 3
[08-May-2026 21:29:08 UTC] ../panel.db
[08-May-2026 21:29:08 UTC] 3
[08-May-2026 21:29:42 UTC] ../panel.db
[08-May-2026 21:29:42 UTC] 3
[08-May-2026 21:29:43 UTC] ../panel.db
[08-May-2026 21:29:43 UTC] 3
[08-May-2026 21:29:43 UTC] ../panel.db
[08-May-2026 21:29:43 UTC] ../panel.db
[08-May-2026 21:29:43 UTC] ../panel.db
[08-May-2026 21:29:43 UTC] ../panel.db
[08-May-2026 21:29:43 UTC] 3
[08-May-2026 21:29:43 UTC] 3
[08-May-2026 21:29:43 UTC] 3
[08-May-2026 21:29:43 UTC] 3
[08-May-2026 21:29:43 UTC] ../panel.db
[08-May-2026 21:29:43 UTC] 3
[08-May-2026 21:29:46 UTC] ../panel.db
[08-May-2026 21:29:46 UTC] 3
[08-May-2026 21:29:58 UTC] ../panel.db
[08-May-2026 21:29:58 UTC] 3
[08-May-2026 21:29:58 UTC] ../panel.db
[08-May-2026 21:29:58 UTC] ../panel.db
[08-May-2026 21:29:58 UTC] ../panel.db
[08-May-2026 21:29:58 UTC] 3
[08-May-2026 21:29:58 UTC] 3
[08-May-2026 21:29:58 UTC] 3
[08-May-2026 21:29:58 UTC] ../panel.db
[08-May-2026 21:29:58 UTC] 3
[08-May-2026 21:29:59 UTC] ../panel.db
[08-May-2026 21:29:59 UTC] 3
[08-May-2026 21:30:10 UTC] ../panel.db
[08-May-2026 21:30:10 UTC] 3
[08-May-2026 21:30:10 UTC] ../panel.db
[08-May-2026 21:30:10 UTC] 3
[08-May-2026 21:30:10 UTC] ../panel.db
[08-May-2026 21:30:10 UTC] ../panel.db
[08-May-2026 21:30:10 UTC] ../panel.db
[08-May-2026 21:30:10 UTC] ../panel.db
[08-May-2026 21:30:10 UTC] 3
[08-May-2026 21:30:10 UTC] 3
[08-May-2026 21:30:10 UTC] 3
[08-May-2026 21:30:10 UTC] 3
[08-May-2026 21:30:10 UTC] ../panel.db
[08-May-2026 21:30:10 UTC] 3
[08-May-2026 21:30:18 UTC] ../panel.db
[08-May-2026 21:30:18 UTC] 3
[08-May-2026 21:30:18 UTC] ../panel.db
[08-May-2026 21:30:18 UTC] 3
[08-May-2026 21:30:18 UTC] ../panel.db
[08-May-2026 21:30:18 UTC] ../panel.db
[08-May-2026 21:30:18 UTC] ../panel.db
[08-May-2026 21:30:18 UTC] ../panel.db
[08-May-2026 21:30:18 UTC] 3
[08-May-2026 21:30:18 UTC] 3
[08-May-2026 21:30:18 UTC] 3
[08-May-2026 21:30:18 UTC] 3
[08-May-2026 21:30:18 UTC] ../panel.db
[08-May-2026 21:30:18 UTC] 3
[08-May-2026 21:30:19 UTC] ../panel.db
[08-May-2026 21:30:19 UTC] 3
[08-May-2026 21:30:19 UTC] ../panel.db
[08-May-2026 21:30:19 UTC] ../panel.db
[08-May-2026 21:30:19 UTC] ../panel.db
[08-May-2026 21:30:19 UTC] 3
[08-May-2026 21:30:19 UTC] ../panel.db
[08-May-2026 21:30:19 UTC] 3
[08-May-2026 21:30:19 UTC] 3
[08-May-2026 21:30:19 UTC] 3
[08-May-2026 21:30:19 UTC] ../panel.db
[08-May-2026 21:30:19 UTC] 3
[08-May-2026 21:30:20 UTC] ../panel.db
[08-May-2026 21:30:20 UTC] 3
[08-May-2026 21:30:20 UTC] ../panel.db
[08-May-2026 21:30:20 UTC] ../panel.db
[08-May-2026 21:30:20 UTC] ../panel.db
[08-May-2026 21:30:20 UTC] ../panel.db
[08-May-2026 21:30:20 UTC] 3
[08-May-2026 21:30:20 UTC] 3
[08-May-2026 21:30:20 UTC] 3
[08-May-2026 21:30:20 UTC] 3
[08-May-2026 21:30:21 UTC] ../panel.db
[08-May-2026 21:30:21 UTC] 3
[08-May-2026 21:30:21 UTC] ../panel.db
[08-May-2026 21:30:21 UTC] 3
[08-May-2026 21:30:22 UTC] ../panel.db
[08-May-2026 21:30:22 UTC] ../panel.db
[08-May-2026 21:30:22 UTC] ../panel.db
[08-May-2026 21:30:22 UTC] ../panel.db
[08-May-2026 21:30:22 UTC] 3
[08-May-2026 21:30:22 UTC] 3
[08-May-2026 21:30:22 UTC] 3
[08-May-2026 21:30:22 UTC] 3
[08-May-2026 21:30:22 UTC] ../panel.db
[08-May-2026 21:30:22 UTC] 3
[08-May-2026 21:30:44 UTC] ../panel.db
[08-May-2026 21:30:44 UTC] 3
[08-May-2026 21:36:46 UTC] ../panel.db
[08-May-2026 21:36:46 UTC] 3
[08-May-2026 21:36:50 UTC] ../panel.db
[08-May-2026 21:36:50 UTC] 3
[08-May-2026 21:37:04 UTC] ../panel.db
[08-May-2026 21:37:04 UTC] 3
[08-May-2026 21:37:05 UTC] ../panel.db
[08-May-2026 21:37:05 UTC] 3
[08-May-2026 21:37:06 UTC] ../panel.db
[08-May-2026 21:37:06 UTC] 3
[08-May-2026 21:37:06 UTC] ../panel.db
[08-May-2026 21:37:06 UTC] 3
[08-May-2026 21:37:06 UTC] ../panel.db
[08-May-2026 21:37:06 UTC] ../panel.db
[08-May-2026 21:37:06 UTC] ../panel.db
[08-May-2026 21:37:06 UTC] 3
[08-May-2026 21:37:06 UTC] 3
[08-May-2026 21:37:06 UTC] 3
[08-May-2026 21:37:06 UTC] ../panel.db
[08-May-2026 21:37:06 UTC] 3
[08-May-2026 21:37:07 UTC] ../panel.db
[08-May-2026 21:37:07 UTC] 3
[08-May-2026 21:37:07 UTC] ../panel.db
[08-May-2026 21:37:07 UTC] ../panel.db
[08-May-2026 21:37:07 UTC] ../panel.db
[08-May-2026 21:37:07 UTC] 3
[08-May-2026 21:37:07 UTC] 3
[08-May-2026 21:37:07 UTC] 3
[08-May-2026 21:37:07 UTC] {"serverId":"06ac013c-1f14-4f03-8c5a-bd97d0d0499f","userUuid":"1","token":"7dcd5010-b674-417d-b121-113eb9200a9a"}
[08-May-2026 21:37:07 UTC] apiRequest cURL Error (Node 1): Connection timed out after 209 milliseconds
[08-May-2026 21:37:07 UTC] {"serverId":"06ac013c-1f14-4f03-8c5a-bd97d0d0499f","userUuid":"1","token":"7dcd5010-b674-417d-b121-113eb9200a9a"}
[08-May-2026 21:37:08 UTC] apiRequest cURL Error (Node 1): Connection timed out after 201 milliseconds
[08-May-2026 21:37:08 UTC] {"serverId":"4c09c109-1764-445c-beda-bafce5c08b83","userUuid":"1","token":"7dcd5010-b674-417d-b121-113eb9200a9a"}
[08-May-2026 21:37:08 UTC] apiRequest cURL Error (Node 1): Connection timed out after 200 milliseconds
[08-May-2026 21:37:08 UTC] {"serverId":"4c09c109-1764-445c-beda-bafce5c08b83","userUuid":"1","token":"7dcd5010-b674-417d-b121-113eb9200a9a"}
[08-May-2026 21:37:08 UTC] apiRequest cURL Error (Node 1): Connection timed out after 202 milliseconds
[08-May-2026 21:37:08 UTC] {"serverId":"6d51f2c4-a03d-4373-a278-4932147e3c5a","userUuid":"1","token":"7dcd5010-b674-417d-b121-113eb9200a9a"}
[08-May-2026 21:37:08 UTC] apiRequest cURL Error (Node 1): Connection timed out after 214 milliseconds
[08-May-2026 21:37:08 UTC] {"serverId":"6d51f2c4-a03d-4373-a278-4932147e3c5a","userUuid":"1","token":"7dcd5010-b674-417d-b121-113eb9200a9a"}
[08-May-2026 21:37:09 UTC] ../panel.db
[08-May-2026 21:37:09 UTC] 3
[08-May-2026 21:37:09 UTC] apiRequest cURL Error (Node 1): Connection timed out after 200 milliseconds
[08-May-2026 21:37:10 UTC] ../panel.db
[08-May-2026 21:37:10 UTC] 3
[08-May-2026 21:37:10 UTC] ../panel.db
[08-May-2026 21:37:10 UTC] ../panel.db
[08-May-2026 21:37:10 UTC] ../panel.db
[08-May-2026 21:37:10 UTC] 3
[08-May-2026 21:37:10 UTC] 3
[08-May-2026 21:37:10 UTC] 3
[08-May-2026 21:37:10 UTC] {"serverId":"4c09c109-1764-445c-beda-bafce5c08b83","userUuid":"1","token":"7dcd5010-b674-417d-b121-113eb9200a9a"}
[08-May-2026 21:37:10 UTC] apiRequest cURL Error (Node 1): Connection timed out after 217 milliseconds
[08-May-2026 21:37:10 UTC] {"serverId":"4c09c109-1764-445c-beda-bafce5c08b83","userUuid":"1","token":"7dcd5010-b674-417d-b121-113eb9200a9a"}
[08-May-2026 21:37:10 UTC] apiRequest cURL Error (Node 1): Connection timed out after 204 milliseconds
[08-May-2026 21:37:10 UTC] {"serverId":"06ac013c-1f14-4f03-8c5a-bd97d0d0499f","userUuid":"1","token":"7dcd5010-b674-417d-b121-113eb9200a9a"}
[08-May-2026 21:37:11 UTC] apiRequest cURL Error (Node 1): Connection timed out after 202 milliseconds
[08-May-2026 21:37:11 UTC] {"serverId":"06ac013c-1f14-4f03-8c5a-bd97d0d0499f","userUuid":"1","token":"7dcd5010-b674-417d-b121-113eb9200a9a"}
[08-May-2026 21:37:11 UTC] apiRequest cURL Error (Node 1): Connection timed out after 201 milliseconds
[08-May-2026 21:37:11 UTC] {"serverId":"6d51f2c4-a03d-4373-a278-4932147e3c5a","userUuid":"1","token":"7dcd5010-b674-417d-b121-113eb9200a9a"}
[08-May-2026 21:37:11 UTC] apiRequest cURL Error (Node 1): Connection timed out after 215 milliseconds
[08-May-2026 21:37:11 UTC] {"serverId":"6d51f2c4-a03d-4373-a278-4932147e3c5a","userUuid":"1","token":"7dcd5010-b674-417d-b121-113eb9200a9a"}
[08-May-2026 21:37:11 UTC] apiRequest cURL Error (Node 1): Connection timed out after 213 milliseconds
[08-May-2026 21:37:15 UTC] ../panel.db
[08-May-2026 21:37:15 UTC] 3
[08-May-2026 21:37:21 UTC] ../panel.db
[08-May-2026 21:37:21 UTC] 3
[08-May-2026 21:37:22 UTC] ../panel.db
[08-May-2026 21:37:22 UTC] 3
[08-May-2026 21:37:22 UTC] ../panel.db
[08-May-2026 21:37:22 UTC] ../panel.db
[08-May-2026 21:37:22 UTC] ../panel.db
[08-May-2026 21:37:22 UTC] ../panel.db
[08-May-2026 21:37:22 UTC] 3
[08-May-2026 21:37:22 UTC] 3
[08-May-2026 21:37:22 UTC] 3
[08-May-2026 21:37:22 UTC] 3
[08-May-2026 21:37:22 UTC] ../panel.db
[08-May-2026 21:37:22 UTC] 3
[08-May-2026 21:37:23 UTC] ../panel.db
[08-May-2026 21:37:23 UTC] 3
[08-May-2026 21:37:23 UTC] ../panel.db
[08-May-2026 21:37:23 UTC] ../panel.db
[08-May-2026 21:37:23 UTC] ../panel.db
[08-May-2026 21:37:23 UTC] 3
[08-May-2026 21:37:23 UTC] 3
[08-May-2026 21:37:23 UTC] 3
[08-May-2026 21:37:23 UTC] {"serverId":"06ac013c-1f14-4f03-8c5a-bd97d0d0499f","userUuid":"1","token":"7dcd5010-b674-417d-b121-113eb9200a9a"}
[08-May-2026 21:37:23 UTC] apiRequest cURL Error (Node 1): Connection timed out after 201 milliseconds
[08-May-2026 21:37:23 UTC] {"serverId":"06ac013c-1f14-4f03-8c5a-bd97d0d0499f","userUuid":"1","token":"7dcd5010-b674-417d-b121-113eb9200a9a"}
[08-May-2026 21:37:23 UTC] apiRequest cURL Error (Node 1): Connection timed out after 203 milliseconds
[08-May-2026 21:37:23 UTC] {"serverId":"6d51f2c4-a03d-4373-a278-4932147e3c5a","userUuid":"1","token":"7dcd5010-b674-417d-b121-113eb9200a9a"}
[08-May-2026 21:37:23 UTC] apiRequest cURL Error (Node 1): Connection timed out after 215 milliseconds
[08-May-2026 21:37:23 UTC] {"serverId":"6d51f2c4-a03d-4373-a278-4932147e3c5a","userUuid":"1","token":"7dcd5010-b674-417d-b121-113eb9200a9a"}
[08-May-2026 21:37:24 UTC] apiRequest cURL Error (Node 1): Connection timed out after 200 milliseconds
[08-May-2026 21:37:24 UTC] {"serverId":"4c09c109-1764-445c-beda-bafce5c08b83","userUuid":"1","token":"7dcd5010-b674-417d-b121-113eb9200a9a"}
[08-May-2026 21:37:24 UTC] apiRequest cURL Error (Node 1): Connection timed out after 202 milliseconds
[08-May-2026 21:37:24 UTC] {"serverId":"4c09c109-1764-445c-beda-bafce5c08b83","userUuid":"1","token":"7dcd5010-b674-417d-b121-113eb9200a9a"}
[08-May-2026 21:37:24 UTC] ../panel.db
[08-May-2026 21:37:24 UTC] 3
[08-May-2026 21:37:24 UTC] apiRequest cURL Error (Node 1): Connection timed out after 203 milliseconds
[08-May-2026 21:37:33 UTC] ../panel.db
[08-May-2026 21:37:33 UTC] 3
[08-May-2026 21:41:52 UTC] ../panel.db
[08-May-2026 21:41:53 UTC] 3
[08-May-2026 21:41:53 UTC] ../panel.db
[08-May-2026 21:41:53 UTC] 3
[08-May-2026 21:41:53 UTC] ../panel.db
[08-May-2026 21:41:53 UTC] 3
[08-May-2026 21:41:54 UTC] ../panel.db
[08-May-2026 21:41:54 UTC] 3
[08-May-2026 21:41:55 UTC] ../panel.db
[08-May-2026 21:41:55 UTC] ../panel.db
[08-May-2026 21:41:55 UTC] ../panel.db
[08-May-2026 21:41:55 UTC] 3
[08-May-2026 21:41:55 UTC] {"serverId":"4c09c109-1764-445c-beda-bafce5c08b83","userUuid":"1","token":"7dcd5010-b674-417d-b121-113eb9200a9a"}
[08-May-2026 21:41:55 UTC] 3
[08-May-2026 21:41:55 UTC] 3
[08-May-2026 21:41:55 UTC] apiRequest cURL Error (Node 1): Connection timed out after 214 milliseconds
[08-May-2026 21:41:55 UTC] {"serverId":"4c09c109-1764-445c-beda-bafce5c08b83","userUuid":"1","token":"7dcd5010-b674-417d-b121-113eb9200a9a"}
[08-May-2026 21:41:55 UTC] apiRequest cURL Error (Node 1): Connection timed out after 203 milliseconds
[08-May-2026 21:41:55 UTC] {"serverId":"06ac013c-1f14-4f03-8c5a-bd97d0d0499f","userUuid":"1","token":"7dcd5010-b674-417d-b121-113eb9200a9a"}
[08-May-2026 21:41:55 UTC] apiRequest cURL Error (Node 1): Connection timed out after 217 milliseconds
[08-May-2026 21:41:55 UTC] {"serverId":"06ac013c-1f14-4f03-8c5a-bd97d0d0499f","userUuid":"1","token":"7dcd5010-b674-417d-b121-113eb9200a9a"}
[08-May-2026 21:41:55 UTC] apiRequest cURL Error (Node 1): Connection timed out after 202 milliseconds
[08-May-2026 21:41:55 UTC] {"serverId":"6d51f2c4-a03d-4373-a278-4932147e3c5a","userUuid":"1","token":"7dcd5010-b674-417d-b121-113eb9200a9a"}
[08-May-2026 21:41:56 UTC] apiRequest cURL Error (Node 1): Connection timed out after 202 milliseconds
[08-May-2026 21:41:56 UTC] {"serverId":"6d51f2c4-a03d-4373-a278-4932147e3c5a","userUuid":"1","token":"7dcd5010-b674-417d-b121-113eb9200a9a"}
[08-May-2026 21:41:56 UTC] apiRequest cURL Error (Node 1): Connection timed out after 202 milliseconds
[08-May-2026 21:41:59 UTC] ../panel.db
[08-May-2026 21:41:59 UTC] 3
[08-May-2026 21:42:00 UTC] ../panel.db
[08-May-2026 21:42:00 UTC] 3
[08-May-2026 21:42:00 UTC] ../panel.db
[08-May-2026 21:42:00 UTC] ../panel.db
[08-May-2026 21:42:00 UTC] ../panel.db
[08-May-2026 21:42:00 UTC] 3
[08-May-2026 21:42:00 UTC] 3
[08-May-2026 21:42:00 UTC] 3
[08-May-2026 21:42:00 UTC] {"serverId":"6d51f2c4-a03d-4373-a278-4932147e3c5a","userUuid":"1","token":"7dcd5010-b674-417d-b121-113eb9200a9a"}
[08-May-2026 21:42:00 UTC] apiRequest cURL Error (Node 1): Connection timed out after 213 milliseconds
[08-May-2026 21:42:00 UTC] {"serverId":"6d51f2c4-a03d-4373-a278-4932147e3c5a","userUuid":"1","token":"7dcd5010-b674-417d-b121-113eb9200a9a"}
[08-May-2026 21:42:00 UTC] apiRequest cURL Error (Node 1): Connection timed out after 204 milliseconds
[08-May-2026 21:42:00 UTC] {"serverId":"06ac013c-1f14-4f03-8c5a-bd97d0d0499f","userUuid":"1","token":"7dcd5010-b674-417d-b121-113eb9200a9a"}
[08-May-2026 21:42:00 UTC] apiRequest cURL Error (Node 1): Connection timed out after 200 milliseconds
[08-May-2026 21:42:00 UTC] {"serverId":"06ac013c-1f14-4f03-8c5a-bd97d0d0499f","userUuid":"1","token":"7dcd5010-b674-417d-b121-113eb9200a9a"}
[08-May-2026 21:42:01 UTC] apiRequest cURL Error (Node 1): Connection timed out after 204 milliseconds
[08-May-2026 21:42:01 UTC] {"serverId":"4c09c109-1764-445c-beda-bafce5c08b83","userUuid":"1","token":"7dcd5010-b674-417d-b121-113eb9200a9a"}
[08-May-2026 21:42:01 UTC] apiRequest cURL Error (Node 1): Connection timed out after 200 milliseconds
[08-May-2026 21:42:01 UTC] {"serverId":"4c09c109-1764-445c-beda-bafce5c08b83","userUuid":"1","token":"7dcd5010-b674-417d-b121-113eb9200a9a"}
[08-May-2026 21:42:01 UTC] apiRequest cURL Error (Node 1): Connection timed out after 204 milliseconds
[08-May-2026 21:42:01 UTC] ../panel.db
[08-May-2026 21:42:01 UTC] 3
[08-May-2026 21:42:03 UTC] ../panel.db
[08-May-2026 21:42:03 UTC] 3
[08-May-2026 21:42:03 UTC] ../panel.db
[08-May-2026 21:42:03 UTC] ../panel.db
[08-May-2026 21:42:03 UTC] ../panel.db
[08-May-2026 21:42:03 UTC] ../panel.db
[08-May-2026 21:42:03 UTC] 3
[08-May-2026 21:42:03 UTC] 3
[08-May-2026 21:42:03 UTC] 3
[08-May-2026 21:42:03 UTC] 3
[08-May-2026 21:42:03 UTC] ../panel.db
[08-May-2026 21:42:03 UTC] 3
[08-May-2026 21:42:05 UTC] ../panel.db
[08-May-2026 21:42:05 UTC] 3
[08-May-2026 21:42:05 UTC] ../panel.db
[08-May-2026 21:42:05 UTC] ../panel.db
[08-May-2026 21:42:05 UTC] ../panel.db
[08-May-2026 21:42:05 UTC] ../panel.db
[08-May-2026 21:42:05 UTC] 3
[08-May-2026 21:42:05 UTC] 3
[08-May-2026 21:42:05 UTC] 3
[08-May-2026 21:42:05 UTC] 3
[08-May-2026 21:42:05 UTC] ../panel.db
[08-May-2026 21:42:05 UTC] 3
[08-May-2026 21:42:11 UTC] ../panel.db
[08-May-2026 21:42:11 UTC] 3
[08-May-2026 21:45:36 UTC] ../panel.db
[08-May-2026 21:45:36 UTC] 3
[08-May-2026 21:45:37 UTC] ../panel.db
[08-May-2026 21:45:37 UTC] 3
[08-May-2026 21:45:37 UTC] ../panel.db
[08-May-2026 21:45:37 UTC] ../panel.db
[08-May-2026 21:45:37 UTC] ../panel.db
[08-May-2026 21:45:37 UTC] 3
[08-May-2026 21:45:37 UTC] ../panel.db
[08-May-2026 21:45:37 UTC] 3
[08-May-2026 21:45:37 UTC] 3
[08-May-2026 21:45:37 UTC] 3
[08-May-2026 21:45:37 UTC] ../panel.db
[08-May-2026 21:45:37 UTC] 3
[08-May-2026 21:45:37 UTC] ../panel.db
[08-May-2026 21:45:37 UTC] 3
[08-May-2026 21:45:37 UTC] ../panel.db
[08-May-2026 21:45:37 UTC] ../panel.db
[08-May-2026 21:45:37 UTC] ../panel.db
[08-May-2026 21:45:37 UTC] 3
[08-May-2026 21:45:37 UTC] 3
[08-May-2026 21:45:37 UTC] 3
[08-May-2026 21:45:37 UTC] {"serverId":"6d51f2c4-a03d-4373-a278-4932147e3c5a","userUuid":"1","token":"7dcd5010-b674-417d-b121-113eb9200a9a"}
[08-May-2026 21:45:38 UTC] apiRequest cURL Error (Node 1): Connection timed out after 211 milliseconds
[08-May-2026 21:45:38 UTC] {"serverId":"6d51f2c4-a03d-4373-a278-4932147e3c5a","userUuid":"1","token":"7dcd5010-b674-417d-b121-113eb9200a9a"}
[08-May-2026 21:45:38 UTC] apiRequest cURL Error (Node 1): Connection timed out after 203 milliseconds
[08-May-2026 21:45:38 UTC] {"serverId":"06ac013c-1f14-4f03-8c5a-bd97d0d0499f","userUuid":"1","token":"7dcd5010-b674-417d-b121-113eb9200a9a"}
[08-May-2026 21:45:38 UTC] apiRequest cURL Error (Node 1): Connection timed out after 201 milliseconds
[08-May-2026 21:45:38 UTC] {"serverId":"06ac013c-1f14-4f03-8c5a-bd97d0d0499f","userUuid":"1","token":"7dcd5010-b674-417d-b121-113eb9200a9a"}
[08-May-2026 21:45:38 UTC] apiRequest cURL Error (Node 1): Connection timed out after 216 milliseconds
[08-May-2026 21:45:38 UTC] {"serverId":"4c09c109-1764-445c-beda-bafce5c08b83","userUuid":"1","token":"7dcd5010-b674-417d-b121-113eb9200a9a"}
[08-May-2026 21:45:38 UTC] apiRequest cURL Error (Node 1): Connection timed out after 215 milliseconds
[08-May-2026 21:45:38 UTC] {"serverId":"4c09c109-1764-445c-beda-bafce5c08b83","userUuid":"1","token":"7dcd5010-b674-417d-b121-113eb9200a9a"}
[08-May-2026 21:45:39 UTC] apiRequest cURL Error (Node 1): Connection timed out after 202 milliseconds
[08-May-2026 21:45:39 UTC] ../panel.db
[08-May-2026 21:45:39 UTC] 3
[08-May-2026 21:45:55 UTC] ../panel.db
[08-May-2026 21:45:55 UTC] 3
[08-May-2026 21:45:59 UTC] ../panel.db
[08-May-2026 21:45:59 UTC] 3
[08-May-2026 21:46:07 UTC] ../panel.db
[08-May-2026 21:46:07 UTC] 3
[08-May-2026 21:46:07 UTC] ../panel.db
[08-May-2026 21:46:07 UTC] ../panel.db
[08-May-2026 21:46:07 UTC] ../panel.db
[08-May-2026 21:46:07 UTC] ../panel.db
[08-May-2026 21:46:07 UTC] 3
[08-May-2026 21:46:07 UTC] 3
[08-May-2026 21:46:07 UTC] 3
[08-May-2026 21:46:07 UTC] 3
[08-May-2026 21:46:07 UTC] ../panel.db
[08-May-2026 21:46:07 UTC] 3
[08-May-2026 21:46:08 UTC] ../panel.db
[08-May-2026 21:46:08 UTC] 3
[08-May-2026 21:46:11 UTC] ../panel.db
[08-May-2026 21:46:11 UTC] 3
[08-May-2026 21:46:11 UTC] ../panel.db
[08-May-2026 21:46:11 UTC] ../panel.db
[08-May-2026 21:46:11 UTC] ../panel.db
[08-May-2026 21:46:11 UTC] 3
[08-May-2026 21:46:11 UTC] 3
[08-May-2026 21:46:11 UTC] {"serverId":"4c09c109-1764-445c-beda-bafce5c08b83","userUuid":"1","token":"7dcd5010-b674-417d-b121-113eb9200a9a"}
[08-May-2026 21:46:11 UTC] 3
[08-May-2026 21:46:12 UTC] apiRequest cURL Error (Node 1): Connection timed out after 212 milliseconds
[08-May-2026 21:46:12 UTC] {"serverId":"4c09c109-1764-445c-beda-bafce5c08b83","userUuid":"1","token":"7dcd5010-b674-417d-b121-113eb9200a9a"}
[08-May-2026 21:46:12 UTC] apiRequest cURL Error (Node 1): Connection timed out after 201 milliseconds
[08-May-2026 21:46:12 UTC] {"serverId":"6d51f2c4-a03d-4373-a278-4932147e3c5a","userUuid":"1","token":"7dcd5010-b674-417d-b121-113eb9200a9a"}
[08-May-2026 21:46:12 UTC] apiRequest cURL Error (Node 1): Connection timed out after 214 milliseconds
[08-May-2026 21:46:12 UTC] {"serverId":"6d51f2c4-a03d-4373-a278-4932147e3c5a","userUuid":"1","token":"7dcd5010-b674-417d-b121-113eb9200a9a"}
[08-May-2026 21:46:12 UTC] apiRequest cURL Error (Node 1): Connection timed out after 216 milliseconds
[08-May-2026 21:46:12 UTC] {"serverId":"06ac013c-1f14-4f03-8c5a-bd97d0d0499f","userUuid":"1","token":"7dcd5010-b674-417d-b121-113eb9200a9a"}
[08-May-2026 21:46:12 UTC] ../panel.db
[08-May-2026 21:46:12 UTC] 3
[08-May-2026 21:46:12 UTC] ../panel.db
[08-May-2026 21:46:12 UTC] 3
[08-May-2026 21:46:12 UTC] apiRequest cURL Error (Node 1): Connection timed out after 204 milliseconds
[08-May-2026 21:46:12 UTC] {"serverId":"06ac013c-1f14-4f03-8c5a-bd97d0d0499f","userUuid":"1","token":"7dcd5010-b674-417d-b121-113eb9200a9a"}
[08-May-2026 21:46:13 UTC] apiRequest cURL Error (Node 1): Connection timed out after 204 milliseconds
[08-May-2026 21:53:48 UTC] ../panel.db
[08-May-2026 21:53:48 UTC] 3
[08-May-2026 21:53:49 UTC] ../panel.db
[08-May-2026 21:53:49 UTC] ../panel.db
[08-May-2026 21:53:49 UTC] ../panel.db
[08-May-2026 21:53:49 UTC] 3
[08-May-2026 21:53:49 UTC] ../panel.db
[08-May-2026 21:53:49 UTC] ../panel.db
[08-May-2026 21:53:49 UTC] 3
[08-May-2026 21:53:49 UTC] 3
[08-May-2026 21:53:49 UTC] 3
[08-May-2026 21:53:49 UTC] 3
[08-May-2026 21:53:49 UTC] ../panel.db
[08-May-2026 21:53:49 UTC] 3
[08-May-2026 21:53:50 UTC] ../panel.db
[08-May-2026 21:53:50 UTC] 3
[08-May-2026 21:53:50 UTC] ../panel.db
[08-May-2026 21:53:50 UTC] ../panel.db
[08-May-2026 21:53:50 UTC] ../panel.db
[08-May-2026 21:53:50 UTC] 3
[08-May-2026 21:53:50 UTC] 3
[08-May-2026 21:53:50 UTC] 3
[08-May-2026 21:53:50 UTC] {"serverId":"4c09c109-1764-445c-beda-bafce5c08b83","userUuid":"1","token":"7dcd5010-b674-417d-b121-113eb9200a9a"}
[08-May-2026 21:53:50 UTC] apiRequest cURL Error (Node 1): Connection timed out after 206 milliseconds
[08-May-2026 21:53:50 UTC] {"serverId":"4c09c109-1764-445c-beda-bafce5c08b83","userUuid":"1","token":"7dcd5010-b674-417d-b121-113eb9200a9a"}
[08-May-2026 21:53:50 UTC] apiRequest cURL Error (Node 1): Connection timed out after 203 milliseconds
[08-May-2026 21:53:50 UTC] {"serverId":"06ac013c-1f14-4f03-8c5a-bd97d0d0499f","userUuid":"1","token":"7dcd5010-b674-417d-b121-113eb9200a9a"}
[08-May-2026 21:53:50 UTC] apiRequest cURL Error (Node 1): Connection timed out after 214 milliseconds
[08-May-2026 21:53:50 UTC] {"serverId":"06ac013c-1f14-4f03-8c5a-bd97d0d0499f","userUuid":"1","token":"7dcd5010-b674-417d-b121-113eb9200a9a"}
[08-May-2026 21:53:50 UTC] apiRequest cURL Error (Node 1): Connection timed out after 215 milliseconds
[08-May-2026 21:53:50 UTC] {"serverId":"6d51f2c4-a03d-4373-a278-4932147e3c5a","userUuid":"1","token":"7dcd5010-b674-417d-b121-113eb9200a9a"}
[08-May-2026 21:53:51 UTC] apiRequest cURL Error (Node 1): Connection timed out after 202 milliseconds
[08-May-2026 21:53:51 UTC] {"serverId":"6d51f2c4-a03d-4373-a278-4932147e3c5a","userUuid":"1","token":"7dcd5010-b674-417d-b121-113eb9200a9a"}
[08-May-2026 21:53:51 UTC] apiRequest cURL Error (Node 1): Connection timed out after 201 milliseconds
[08-May-2026 21:54:16 UTC] ../panel.db
[08-May-2026 21:54:16 UTC] 3
[08-May-2026 21:54:16 UTC] ../panel.db
[08-May-2026 21:54:16 UTC] ../panel.db
[08-May-2026 21:54:16 UTC] ../panel.db
[08-May-2026 21:54:16 UTC] ../panel.db
[08-May-2026 21:54:16 UTC] ../panel.db
[08-May-2026 21:54:16 UTC] 3
[08-May-2026 21:54:16 UTC] 3
[08-May-2026 21:54:16 UTC] 3
[08-May-2026 21:54:16 UTC] 3
[08-May-2026 21:54:16 UTC] 3
[08-May-2026 21:54:16 UTC] ../panel.db
[08-May-2026 21:54:16 UTC] 3
[08-May-2026 21:54:17 UTC] ../panel.db
[08-May-2026 21:54:17 UTC] 3
[08-May-2026 21:54:17 UTC] ../panel.db
[08-May-2026 21:54:17 UTC] ../panel.db
[08-May-2026 21:54:17 UTC] ../panel.db
[08-May-2026 21:54:17 UTC] 3
[08-May-2026 21:54:17 UTC] 3
[08-May-2026 21:54:17 UTC] 3
[08-May-2026 21:54:17 UTC] {"serverId":"06ac013c-1f14-4f03-8c5a-bd97d0d0499f","userUuid":"1","token":"7dcd5010-b674-417d-b121-113eb9200a9a"}
[08-May-2026 21:54:17 UTC] apiRequest cURL Error (Node 1): Connection timed out after 213 milliseconds
[08-May-2026 21:54:17 UTC] {"serverId":"06ac013c-1f14-4f03-8c5a-bd97d0d0499f","userUuid":"1","token":"7dcd5010-b674-417d-b121-113eb9200a9a"}
[08-May-2026 21:54:17 UTC] apiRequest cURL Error (Node 1): Connection timed out after 203 milliseconds
[08-May-2026 21:54:17 UTC] {"serverId":"6d51f2c4-a03d-4373-a278-4932147e3c5a","userUuid":"1","token":"7dcd5010-b674-417d-b121-113eb9200a9a"}
[08-May-2026 21:54:17 UTC] apiRequest cURL Error (Node 1): Connection timed out after 215 milliseconds
[08-May-2026 21:54:17 UTC] {"serverId":"6d51f2c4-a03d-4373-a278-4932147e3c5a","userUuid":"1","token":"7dcd5010-b674-417d-b121-113eb9200a9a"}
[08-May-2026 21:54:18 UTC] apiRequest cURL Error (Node 1): Connection timed out after 215 milliseconds
[08-May-2026 21:54:18 UTC] {"serverId":"4c09c109-1764-445c-beda-bafce5c08b83","userUuid":"1","token":"7dcd5010-b674-417d-b121-113eb9200a9a"}
[08-May-2026 21:54:18 UTC] apiRequest cURL Error (Node 1): Connection timed out after 202 milliseconds
[08-May-2026 21:54:18 UTC] {"serverId":"4c09c109-1764-445c-beda-bafce5c08b83","userUuid":"1","token":"7dcd5010-b674-417d-b121-113eb9200a9a"}
[08-May-2026 21:54:18 UTC] apiRequest cURL Error (Node 1): Connection timed out after 216 milliseconds
[08-May-2026 21:54:19 UTC] ../panel.db
[08-May-2026 21:54:19 UTC] 3
[08-May-2026 21:54:19 UTC] ../panel.db
[08-May-2026 21:54:19 UTC] ../panel.db
[08-May-2026 21:54:19 UTC] ../panel.db
[08-May-2026 21:54:19 UTC] ../panel.db
[08-May-2026 21:54:19 UTC] ../panel.db
[08-May-2026 21:54:19 UTC] 3
[08-May-2026 21:54:19 UTC] 3
[08-May-2026 21:54:19 UTC] 3
[08-May-2026 21:54:19 UTC] 3
[08-May-2026 21:54:19 UTC] 3
[08-May-2026 21:54:19 UTC] ../panel.db
[08-May-2026 21:54:19 UTC] 3
[08-May-2026 21:54:22 UTC] ../panel.db
[08-May-2026 21:54:22 UTC] 3
[08-May-2026 21:54:22 UTC] ../panel.db
[08-May-2026 21:54:22 UTC] ../panel.db
[08-May-2026 21:54:22 UTC] ../panel.db
[08-May-2026 21:54:22 UTC] 3
[08-May-2026 21:54:22 UTC] 3
[08-May-2026 21:54:22 UTC] 3
[08-May-2026 21:54:22 UTC] {"serverId":"06ac013c-1f14-4f03-8c5a-bd97d0d0499f","userUuid":"1","token":"7dcd5010-b674-417d-b121-113eb9200a9a"}
[08-May-2026 21:54:22 UTC] apiRequest cURL Error (Node 1): Connection timed out after 201 milliseconds
[08-May-2026 21:54:22 UTC] {"serverId":"06ac013c-1f14-4f03-8c5a-bd97d0d0499f","userUuid":"1","token":"7dcd5010-b674-417d-b121-113eb9200a9a"}
[08-May-2026 21:54:22 UTC] apiRequest cURL Error (Node 1): Connection timed out after 217 milliseconds
[08-May-2026 21:54:22 UTC] {"serverId":"6d51f2c4-a03d-4373-a278-4932147e3c5a","userUuid":"1","token":"7dcd5010-b674-417d-b121-113eb9200a9a"}
[08-May-2026 21:54:22 UTC] apiRequest cURL Error (Node 1): Connection timed out after 203 milliseconds
[08-May-2026 21:54:22 UTC] {"serverId":"6d51f2c4-a03d-4373-a278-4932147e3c5a","userUuid":"1","token":"7dcd5010-b674-417d-b121-113eb9200a9a"}
[08-May-2026 21:54:23 UTC] apiRequest cURL Error (Node 1): Connection timed out after 203 milliseconds
[08-May-2026 21:54:23 UTC] {"serverId":"4c09c109-1764-445c-beda-bafce5c08b83","userUuid":"1","token":"7dcd5010-b674-417d-b121-113eb9200a9a"}
[08-May-2026 21:54:23 UTC] apiRequest cURL Error (Node 1): Connection timed out after 213 milliseconds
[08-May-2026 21:54:23 UTC] {"serverId":"4c09c109-1764-445c-beda-bafce5c08b83","userUuid":"1","token":"7dcd5010-b674-417d-b121-113eb9200a9a"}
[08-May-2026 21:54:23 UTC] apiRequest cURL Error (Node 1): Connection timed out after 214 milliseconds
[08-May-2026 21:54:35 UTC] ../panel.db
[08-May-2026 21:54:35 UTC] 3
[08-May-2026 21:54:36 UTC] ../panel.db
[08-May-2026 21:54:36 UTC] ../panel.db
[08-May-2026 21:54:36 UTC] ../panel.db
[08-May-2026 21:54:36 UTC] ../panel.db
[08-May-2026 21:54:36 UTC] ../panel.db
[08-May-2026 21:54:36 UTC] 3
[08-May-2026 21:54:36 UTC] 3
[08-May-2026 21:54:36 UTC] 3
[08-May-2026 21:54:36 UTC] 3
[08-May-2026 21:54:36 UTC] 3
[08-May-2026 21:54:36 UTC] ../panel.db
[08-May-2026 21:54:36 UTC] 3
[08-May-2026 21:54:37 UTC] ../panel.db
[08-May-2026 21:54:37 UTC] 3
[08-May-2026 21:54:37 UTC] ../panel.db
[08-May-2026 21:54:37 UTC] ../panel.db
[08-May-2026 21:54:37 UTC] ../panel.db
[08-May-2026 21:54:37 UTC] 3
[08-May-2026 21:54:37 UTC] 3
[08-May-2026 21:54:37 UTC] 3
[08-May-2026 21:54:37 UTC] {"serverId":"4c09c109-1764-445c-beda-bafce5c08b83","userUuid":"1","token":"7dcd5010-b674-417d-b121-113eb9200a9a"}
[08-May-2026 21:54:37 UTC] apiRequest cURL Error (Node 1): Connection timed out after 202 milliseconds
[08-May-2026 21:54:37 UTC] {"serverId":"4c09c109-1764-445c-beda-bafce5c08b83","userUuid":"1","token":"7dcd5010-b674-417d-b121-113eb9200a9a"}
[08-May-2026 21:54:37 UTC] apiRequest cURL Error (Node 1): Connection timed out after 214 milliseconds
[08-May-2026 21:54:37 UTC] {"serverId":"06ac013c-1f14-4f03-8c5a-bd97d0d0499f","userUuid":"1","token":"7dcd5010-b674-417d-b121-113eb9200a9a"}
[08-May-2026 21:54:37 UTC] apiRequest cURL Error (Node 1): Connection timed out after 215 milliseconds
[08-May-2026 21:54:37 UTC] {"serverId":"06ac013c-1f14-4f03-8c5a-bd97d0d0499f","userUuid":"1","token":"7dcd5010-b674-417d-b121-113eb9200a9a"}
[08-May-2026 21:54:37 UTC] apiRequest cURL Error (Node 1): Connection timed out after 214 milliseconds
[08-May-2026 21:54:37 UTC] {"serverId":"6d51f2c4-a03d-4373-a278-4932147e3c5a","userUuid":"1","token":"7dcd5010-b674-417d-b121-113eb9200a9a"}
[08-May-2026 21:54:38 UTC] apiRequest cURL Error (Node 1): Connection timed out after 211 milliseconds
[08-May-2026 21:54:38 UTC] {"serverId":"6d51f2c4-a03d-4373-a278-4932147e3c5a","userUuid":"1","token":"7dcd5010-b674-417d-b121-113eb9200a9a"}
[08-May-2026 21:54:38 UTC] apiRequest cURL Error (Node 1): Connection timed out after 214 milliseconds
[08-May-2026 21:54:38 UTC] ../panel.db
[08-May-2026 21:54:38 UTC] 3
[08-May-2026 21:54:38 UTC] ../panel.db
[08-May-2026 21:54:38 UTC] ../panel.db
[08-May-2026 21:54:38 UTC] ../panel.db
[08-May-2026 21:54:38 UTC] ../panel.db
[08-May-2026 21:54:38 UTC] 3
[08-May-2026 21:54:38 UTC] 3
[08-May-2026 21:54:38 UTC] 3
[08-May-2026 21:54:38 UTC] 3
[08-May-2026 21:54:38 UTC] ../panel.db
[08-May-2026 21:54:38 UTC] 3
[08-May-2026 21:54:39 UTC] ../panel.db
[08-May-2026 21:54:39 UTC] 3
[08-May-2026 21:54:39 UTC] ../panel.db
[08-May-2026 21:54:39 UTC] 3
[08-May-2026 21:54:39 UTC] ../panel.db
[08-May-2026 21:54:39 UTC] ../panel.db
[08-May-2026 21:54:39 UTC] ../panel.db
[08-May-2026 21:54:39 UTC] 3
[08-May-2026 21:54:39 UTC] 3
[08-May-2026 21:54:39 UTC] 3
[08-May-2026 21:54:39 UTC] {"serverId":"4c09c109-1764-445c-beda-bafce5c08b83","userUuid":"1","token":"7dcd5010-b674-417d-b121-113eb9200a9a"}
[08-May-2026 21:54:39 UTC] apiRequest cURL Error (Node 1): Connection timed out after 201 milliseconds
[08-May-2026 21:54:39 UTC] {"serverId":"4c09c109-1764-445c-beda-bafce5c08b83","userUuid":"1","token":"7dcd5010-b674-417d-b121-113eb9200a9a"}
[08-May-2026 21:54:39 UTC] ../panel.db
[08-May-2026 21:54:39 UTC] 3
[08-May-2026 21:54:39 UTC] apiRequest cURL Error (Node 1): Connection timed out after 201 milliseconds
[08-May-2026 21:54:39 UTC] {"serverId":"6d51f2c4-a03d-4373-a278-4932147e3c5a","userUuid":"1","token":"7dcd5010-b674-417d-b121-113eb9200a9a"}
[08-May-2026 21:54:40 UTC] apiRequest cURL Error (Node 1): Connection timed out after 200 milliseconds
[08-May-2026 21:54:40 UTC] {"serverId":"6d51f2c4-a03d-4373-a278-4932147e3c5a","userUuid":"1","token":"7dcd5010-b674-417d-b121-113eb9200a9a"}
[08-May-2026 21:54:40 UTC] apiRequest cURL Error (Node 1): Connection timed out after 203 milliseconds
[08-May-2026 21:54:40 UTC] {"serverId":"06ac013c-1f14-4f03-8c5a-bd97d0d0499f","userUuid":"1","token":"7dcd5010-b674-417d-b121-113eb9200a9a"}
[08-May-2026 21:54:40 UTC] apiRequest cURL Error (Node 1): Connection timed out after 215 milliseconds
[08-May-2026 21:54:40 UTC] {"serverId":"06ac013c-1f14-4f03-8c5a-bd97d0d0499f","userUuid":"1","token":"7dcd5010-b674-417d-b121-113eb9200a9a"}
[08-May-2026 21:54:40 UTC] apiRequest cURL Error (Node 1): Connection timed out after 202 milliseconds
[08-May-2026 21:54:40 UTC] ../panel.db
[08-May-2026 21:54:40 UTC] ../panel.db
[08-May-2026 21:54:40 UTC] ../panel.db
[08-May-2026 21:54:40 UTC] ../panel.db
[08-May-2026 21:54:40 UTC] ../panel.db
[08-May-2026 21:54:40 UTC] 3
[08-May-2026 21:54:40 UTC] 3
[08-May-2026 21:54:40 UTC] 3
[08-May-2026 21:54:40 UTC] 3
[08-May-2026 21:54:40 UTC] 3
[08-May-2026 21:54:41 UTC] ../panel.db
[08-May-2026 21:54:41 UTC] 3
[08-May-2026 21:54:41 UTC] ../panel.db
[08-May-2026 21:54:41 UTC] 3
[08-May-2026 21:54:41 UTC] ../panel.db
[08-May-2026 21:54:41 UTC] ../panel.db
[08-May-2026 21:54:41 UTC] ../panel.db
[08-May-2026 21:54:41 UTC] 3
[08-May-2026 21:54:41 UTC] 3
[08-May-2026 21:54:41 UTC] 3
[08-May-2026 21:54:41 UTC] {"serverId":"06ac013c-1f14-4f03-8c5a-bd97d0d0499f","userUuid":"1","token":"7dcd5010-b674-417d-b121-113eb9200a9a"}
[08-May-2026 21:54:41 UTC] apiRequest cURL Error (Node 1): Connection timed out after 200 milliseconds
[08-May-2026 21:54:41 UTC] {"serverId":"06ac013c-1f14-4f03-8c5a-bd97d0d0499f","userUuid":"1","token":"7dcd5010-b674-417d-b121-113eb9200a9a"}
[08-May-2026 21:54:42 UTC] apiRequest cURL Error (Node 1): Connection timed out after 214 milliseconds
[08-May-2026 21:54:42 UTC] {"serverId":"6d51f2c4-a03d-4373-a278-4932147e3c5a","userUuid":"1","token":"7dcd5010-b674-417d-b121-113eb9200a9a"}
[08-May-2026 21:54:42 UTC] apiRequest cURL Error (Node 1): Connection timed out after 200 milliseconds
[08-May-2026 21:54:42 UTC] {"serverId":"6d51f2c4-a03d-4373-a278-4932147e3c5a","userUuid":"1","token":"7dcd5010-b674-417d-b121-113eb9200a9a"}
[08-May-2026 21:54:42 UTC] apiRequest cURL Error (Node 1): Connection timed out after 204 milliseconds
[08-May-2026 21:54:42 UTC] {"serverId":"4c09c109-1764-445c-beda-bafce5c08b83","userUuid":"1","token":"7dcd5010-b674-417d-b121-113eb9200a9a"}
[08-May-2026 21:54:42 UTC] apiRequest cURL Error (Node 1): Connection timed out after 200 milliseconds
[08-May-2026 21:54:42 UTC] {"serverId":"4c09c109-1764-445c-beda-bafce5c08b83","userUuid":"1","token":"7dcd5010-b674-417d-b121-113eb9200a9a"}
[08-May-2026 21:54:42 UTC] apiRequest cURL Error (Node 1): Connection timed out after 214 milliseconds
[08-May-2026 21:54:47 UTC] ../panel.db
[08-May-2026 21:54:47 UTC] 3
[08-May-2026 21:54:50 UTC] ../panel.db
[08-May-2026 21:54:50 UTC] 3
[08-May-2026 21:55:09 UTC] ../panel.db
[08-May-2026 21:55:09 UTC] 3
[08-May-2026 21:55:15 UTC] ../panel.db
[08-May-2026 21:55:15 UTC] 3
[08-May-2026 21:55:16 UTC] ../panel.db
[08-May-2026 21:55:16 UTC] 3
[08-May-2026 21:55:25 UTC] ../panel.db
[08-May-2026 21:55:25 UTC] 3
[08-May-2026 21:55:32 UTC] ../panel.db
[08-May-2026 21:55:32 UTC] 3
[08-May-2026 21:55:32 UTC] ../panel.db
[08-May-2026 21:55:32 UTC] 3
[08-May-2026 21:55:33 UTC] ../panel.db
[08-May-2026 21:55:33 UTC] 3
[08-May-2026 21:55:33 UTC] ../panel.db
[08-May-2026 21:55:33 UTC] ../panel.db
[08-May-2026 21:55:33 UTC] ../panel.db
[08-May-2026 21:55:33 UTC] 3
[08-May-2026 21:55:33 UTC] 3
[08-May-2026 21:55:33 UTC] {"serverId":"6d51f2c4-a03d-4373-a278-4932147e3c5a","userUuid":"1","token":"7dcd5010-b674-417d-b121-113eb9200a9a"}
[08-May-2026 21:55:33 UTC] 3
[08-May-2026 21:55:33 UTC] {"serverId":"6d51f2c4-a03d-4373-a278-4932147e3c5a","userUuid":"1","token":"7dcd5010-b674-417d-b121-113eb9200a9a"}
[08-May-2026 21:55:33 UTC] {"serverId":"06ac013c-1f14-4f03-8c5a-bd97d0d0499f","userUuid":"1","token":"7dcd5010-b674-417d-b121-113eb9200a9a"}
[08-May-2026 21:55:33 UTC] {"serverId":"06ac013c-1f14-4f03-8c5a-bd97d0d0499f","userUuid":"1","token":"7dcd5010-b674-417d-b121-113eb9200a9a"}
[08-May-2026 21:55:33 UTC] {"serverId":"4c09c109-1764-445c-beda-bafce5c08b83","userUuid":"1","token":"7dcd5010-b674-417d-b121-113eb9200a9a"}
[08-May-2026 21:55:33 UTC] {"serverId":"4c09c109-1764-445c-beda-bafce5c08b83","userUuid":"1","token":"7dcd5010-b674-417d-b121-113eb9200a9a"}
[08-May-2026 21:55:34 UTC] ../panel.db
[08-May-2026 21:55:34 UTC] 3
[08-May-2026 21:55:34 UTC] ../panel.db
[08-May-2026 21:55:34 UTC] ../panel.db
[08-May-2026 21:55:34 UTC] ../panel.db
[08-May-2026 21:55:34 UTC] ../panel.db
[08-May-2026 21:55:34 UTC] 3
[08-May-2026 21:55:34 UTC] 3
[08-May-2026 21:55:34 UTC] 3
[08-May-2026 21:55:34 UTC] 3
[08-May-2026 21:55:34 UTC] ../panel.db
[08-May-2026 21:55:34 UTC] 3
[08-May-2026 21:55:34 UTC] ../panel.db
[08-May-2026 21:55:34 UTC] 3
[08-May-2026 21:55:35 UTC] ../panel.db
[08-May-2026 21:55:35 UTC] 3
[08-May-2026 21:55:35 UTC] ../panel.db
[08-May-2026 21:55:35 UTC] ../panel.db
[08-May-2026 21:55:35 UTC] ../panel.db
[08-May-2026 21:55:35 UTC] 3
[08-May-2026 21:55:35 UTC] 3
[08-May-2026 21:55:35 UTC] 3
[08-May-2026 21:55:35 UTC] {"serverId":"06ac013c-1f14-4f03-8c5a-bd97d0d0499f","userUuid":"1","token":"7dcd5010-b674-417d-b121-113eb9200a9a"}
[08-May-2026 21:55:35 UTC] {"serverId":"06ac013c-1f14-4f03-8c5a-bd97d0d0499f","userUuid":"1","token":"7dcd5010-b674-417d-b121-113eb9200a9a"}
[08-May-2026 21:55:35 UTC] {"serverId":"4c09c109-1764-445c-beda-bafce5c08b83","userUuid":"1","token":"7dcd5010-b674-417d-b121-113eb9200a9a"}
[08-May-2026 21:55:35 UTC] {"serverId":"4c09c109-1764-445c-beda-bafce5c08b83","userUuid":"1","token":"7dcd5010-b674-417d-b121-113eb9200a9a"}
[08-May-2026 21:55:35 UTC] {"serverId":"6d51f2c4-a03d-4373-a278-4932147e3c5a","userUuid":"1","token":"7dcd5010-b674-417d-b121-113eb9200a9a"}
[08-May-2026 21:55:35 UTC] {"serverId":"6d51f2c4-a03d-4373-a278-4932147e3c5a","userUuid":"1","token":"7dcd5010-b674-417d-b121-113eb9200a9a"}
[08-May-2026 21:55:49 UTC] ../panel.db
[08-May-2026 21:55:49 UTC] 3
[08-May-2026 21:56:38 UTC] ../panel.db
[08-May-2026 21:56:38 UTC] 3
[08-May-2026 21:56:59 UTC] ../panel.db
[08-May-2026 21:56:59 UTC] 3
[08-May-2026 22:00:23 UTC] ../panel.db
[08-May-2026 22:00:23 UTC] 3
[08-May-2026 22:00:29 UTC] ../panel.db
[08-May-2026 22:00:29 UTC] ../panel.db
[08-May-2026 22:00:29 UTC] 3
[08-May-2026 22:00:29 UTC] 3
[08-May-2026 22:00:29 UTC] ../panel.db
[08-May-2026 22:00:29 UTC] ../panel.db
[08-May-2026 22:00:29 UTC] 3
[08-May-2026 22:00:29 UTC] 3
[08-May-2026 22:00:29 UTC] ../panel.db
[08-May-2026 22:00:29 UTC] ../panel.db
[08-May-2026 22:00:29 UTC] ../panel.db
[08-May-2026 22:00:29 UTC] 3
[08-May-2026 22:00:29 UTC] 3
[08-May-2026 22:00:29 UTC] 3
[08-May-2026 22:00:30 UTC] ../panel.db
[08-May-2026 22:00:30 UTC] 3
[08-May-2026 22:00:40 UTC] ../panel.db
[08-May-2026 22:00:40 UTC] 3
[08-May-2026 22:00:44 UTC] ../panel.db
[08-May-2026 22:00:44 UTC] 3
[08-May-2026 22:00:44 UTC] ../panel.db
[08-May-2026 22:00:44 UTC] 3
[08-May-2026 22:06:33 UTC] ../panel.db
[08-May-2026 22:06:33 UTC] 3
[08-May-2026 22:06:34 UTC] ../panel.db
[08-May-2026 22:06:34 UTC] 3
[08-May-2026 22:06:35 UTC] ../panel.db
[08-May-2026 22:06:35 UTC] 3
[08-May-2026 22:06:35 UTC] ../panel.db
[08-May-2026 22:06:35 UTC] ../panel.db
[08-May-2026 22:06:35 UTC] ../panel.db
[08-May-2026 22:06:35 UTC] ../panel.db
[08-May-2026 22:06:35 UTC] 3
[08-May-2026 22:06:35 UTC] 3
[08-May-2026 22:06:35 UTC] 3
[08-May-2026 22:06:35 UTC] 3
[08-May-2026 22:06:35 UTC] ../panel.db
[08-May-2026 22:06:35 UTC] 3
[08-May-2026 22:06:36 UTC] ../panel.db
[08-May-2026 22:06:36 UTC] 3
[08-May-2026 22:06:36 UTC] ../panel.db
[08-May-2026 22:06:36 UTC] ../panel.db
[08-May-2026 22:06:36 UTC] ../panel.db
[08-May-2026 22:06:36 UTC] ../panel.db
[08-May-2026 22:06:36 UTC] 3
[08-May-2026 22:06:36 UTC] ../panel.db
[08-May-2026 22:06:36 UTC] 3
[08-May-2026 22:06:36 UTC] 3
[08-May-2026 22:06:36 UTC] 3
[08-May-2026 22:06:36 UTC] 3
[08-May-2026 22:06:36 UTC] ../panel.db
[08-May-2026 22:06:36 UTC] 3
[08-May-2026 22:06:38 UTC] ../panel.db
[08-May-2026 22:06:38 UTC] 3
[08-May-2026 22:06:40 UTC] ../panel.db
[08-May-2026 22:06:40 UTC] 3
[08-May-2026 22:06:40 UTC] ../panel.db
[08-May-2026 22:06:40 UTC] 3
[08-May-2026 22:07:21 UTC] ../panel.db
[08-May-2026 22:07:21 UTC] 3
[08-May-2026 22:07:21 UTC] ../panel.db
[08-May-2026 22:07:21 UTC] ../panel.db
[08-May-2026 22:07:21 UTC] ../panel.db
[08-May-2026 22:07:21 UTC] ../panel.db
[08-May-2026 22:07:21 UTC] ../panel.db
[08-May-2026 22:07:21 UTC] 3
[08-May-2026 22:07:21 UTC] 3
[08-May-2026 22:07:21 UTC] 3
[08-May-2026 22:07:21 UTC] 3
[08-May-2026 22:07:21 UTC] 3
[08-May-2026 22:07:21 UTC] ../panel.db
[08-May-2026 22:07:21 UTC] 3
[08-May-2026 22:07:22 UTC] ../panel.db
[08-May-2026 22:07:22 UTC] 3
[08-May-2026 22:07:22 UTC] ../panel.db
[08-May-2026 22:07:22 UTC] ../panel.db
[08-May-2026 22:07:22 UTC] ../panel.db
[08-May-2026 22:07:22 UTC] 3
[08-May-2026 22:07:22 UTC] 3
[08-May-2026 22:07:22 UTC] 3
[08-May-2026 22:07:22 UTC] {"serverId":"4c09c109-1764-445c-beda-bafce5c08b83","userUuid":"1","token":"7dcd5010-b674-417d-b121-113eb9200a9a"}
[08-May-2026 22:07:22 UTC] {"serverId":"4c09c109-1764-445c-beda-bafce5c08b83","userUuid":"1","token":"7dcd5010-b674-417d-b121-113eb9200a9a"}
[08-May-2026 22:07:22 UTC] {"serverId":"06ac013c-1f14-4f03-8c5a-bd97d0d0499f","userUuid":"1","token":"7dcd5010-b674-417d-b121-113eb9200a9a"}
[08-May-2026 22:07:22 UTC] {"serverId":"06ac013c-1f14-4f03-8c5a-bd97d0d0499f","userUuid":"1","token":"7dcd5010-b674-417d-b121-113eb9200a9a"}
[08-May-2026 22:07:22 UTC] {"serverId":"6d51f2c4-a03d-4373-a278-4932147e3c5a","userUuid":"1","token":"7dcd5010-b674-417d-b121-113eb9200a9a"}
[08-May-2026 22:07:22 UTC] {"serverId":"6d51f2c4-a03d-4373-a278-4932147e3c5a","userUuid":"1","token":"7dcd5010-b674-417d-b121-113eb9200a9a"}
[08-May-2026 22:07:23 UTC] ../panel.db
[08-May-2026 22:07:23 UTC] 3
[08-May-2026 22:07:23 UTC] ../panel.db
[08-May-2026 22:07:23 UTC] ../panel.db
[08-May-2026 22:07:23 UTC] ../panel.db
[08-May-2026 22:07:23 UTC] ../panel.db
[08-May-2026 22:07:23 UTC] ../panel.db
[08-May-2026 22:07:23 UTC] 3
[08-May-2026 22:07:23 UTC] 3
[08-May-2026 22:07:23 UTC] 3
[08-May-2026 22:07:23 UTC] 3
[08-May-2026 22:07:23 UTC] 3
[08-May-2026 22:07:23 UTC] ../panel.db
[08-May-2026 22:07:23 UTC] 3
[08-May-2026 22:07:23 UTC] ../panel.db
[08-May-2026 22:07:23 UTC] 3
[08-May-2026 22:07:23 UTC] ../panel.db
[08-May-2026 22:07:23 UTC] ../panel.db
[08-May-2026 22:07:23 UTC] ../panel.db
[08-May-2026 22:07:23 UTC] 3
[08-May-2026 22:07:23 UTC] 3
[08-May-2026 22:07:23 UTC] {"serverId":"6d51f2c4-a03d-4373-a278-4932147e3c5a","userUuid":"1","token":"7dcd5010-b674-417d-b121-113eb9200a9a"}
[08-May-2026 22:07:23 UTC] 3
[08-May-2026 22:07:23 UTC] {"serverId":"6d51f2c4-a03d-4373-a278-4932147e3c5a","userUuid":"1","token":"7dcd5010-b674-417d-b121-113eb9200a9a"}
[08-May-2026 22:07:23 UTC] {"serverId":"4c09c109-1764-445c-beda-bafce5c08b83","userUuid":"1","token":"7dcd5010-b674-417d-b121-113eb9200a9a"}
[08-May-2026 22:07:23 UTC] {"serverId":"4c09c109-1764-445c-beda-bafce5c08b83","userUuid":"1","token":"7dcd5010-b674-417d-b121-113eb9200a9a"}
[08-May-2026 22:07:23 UTC] {"serverId":"06ac013c-1f14-4f03-8c5a-bd97d0d0499f","userUuid":"1","token":"7dcd5010-b674-417d-b121-113eb9200a9a"}
[08-May-2026 22:07:23 UTC] {"serverId":"06ac013c-1f14-4f03-8c5a-bd97d0d0499f","userUuid":"1","token":"7dcd5010-b674-417d-b121-113eb9200a9a"}
[08-May-2026 22:08:29 UTC] ../panel.db
[08-May-2026 22:08:29 UTC] 3
[08-May-2026 22:09:23 UTC] ../panel.db
[08-May-2026 22:09:23 UTC] 3
[08-May-2026 22:09:24 UTC] ../panel.db
[08-May-2026 22:09:24 UTC] 3
[08-May-2026 22:09:29 UTC] ../panel.db
[08-May-2026 22:09:29 UTC] 3
[08-May-2026 22:09:30 UTC] ../panel.db
[08-May-2026 22:09:30 UTC] 3
[08-May-2026 22:09:33 UTC] ../panel.db
[08-May-2026 22:09:33 UTC] ../panel.db
[08-May-2026 22:09:33 UTC] ../panel.db
[08-May-2026 22:09:33 UTC] ../panel.db
[08-May-2026 22:09:33 UTC] 3
[08-May-2026 22:09:33 UTC] 3
[08-May-2026 22:09:33 UTC] 3
[08-May-2026 22:09:33 UTC] 3
[08-May-2026 22:09:33 UTC] ../panel.db
[08-May-2026 22:09:33 UTC] 3
[08-May-2026 22:09:34 UTC] ../panel.db
[08-May-2026 22:09:34 UTC] 3
[08-May-2026 22:09:35 UTC] ../panel.db
[08-May-2026 22:09:35 UTC] 3
[08-May-2026 22:09:35 UTC] ../panel.db
[08-May-2026 22:09:35 UTC] 3
[08-May-2026 22:09:35 UTC] ../panel.db
[08-May-2026 22:09:35 UTC] ../panel.db
[08-May-2026 22:09:35 UTC] ../panel.db
[08-May-2026 22:09:35 UTC] 3
[08-May-2026 22:09:35 UTC] 3
[08-May-2026 22:09:35 UTC] 3
[08-May-2026 22:09:35 UTC] {"serverId":"6d51f2c4-a03d-4373-a278-4932147e3c5a","userUuid":"1","token":"7dcd5010-b674-417d-b121-113eb9200a9a"}
[08-May-2026 22:09:35 UTC] {"serverId":"6d51f2c4-a03d-4373-a278-4932147e3c5a","userUuid":"1","token":"7dcd5010-b674-417d-b121-113eb9200a9a"}
[08-May-2026 22:09:35 UTC] {"serverId":"4c09c109-1764-445c-beda-bafce5c08b83","userUuid":"1","token":"7dcd5010-b674-417d-b121-113eb9200a9a"}
[08-May-2026 22:09:35 UTC] {"serverId":"4c09c109-1764-445c-beda-bafce5c08b83","userUuid":"1","token":"7dcd5010-b674-417d-b121-113eb9200a9a"}
[08-May-2026 22:09:35 UTC] {"serverId":"06ac013c-1f14-4f03-8c5a-bd97d0d0499f","userUuid":"1","token":"7dcd5010-b674-417d-b121-113eb9200a9a"}
[08-May-2026 22:09:35 UTC] {"serverId":"06ac013c-1f14-4f03-8c5a-bd97d0d0499f","userUuid":"1","token":"7dcd5010-b674-417d-b121-113eb9200a9a"}
[08-May-2026 22:09:37 UTC] ../panel.db
[08-May-2026 22:09:37 UTC] 3
[08-May-2026 22:09:37 UTC] ../panel.db
[08-May-2026 22:09:37 UTC] ../panel.db
[08-May-2026 22:09:37 UTC] ../panel.db
[08-May-2026 22:09:37 UTC] ../panel.db
[08-May-2026 22:09:37 UTC] 3
[08-May-2026 22:09:37 UTC] ../panel.db
[08-May-2026 22:09:37 UTC] 3
[08-May-2026 22:09:37 UTC] 3
[08-May-2026 22:09:37 UTC] 3
[08-May-2026 22:09:37 UTC] 3
[08-May-2026 22:09:38 UTC] ../panel.db
[08-May-2026 22:09:38 UTC] 3
[08-May-2026 22:09:44 UTC] ../panel.db
[08-May-2026 22:09:44 UTC] 3
[08-May-2026 22:09:44 UTC] ../panel.db
[08-May-2026 22:09:44 UTC] ../panel.db
[08-May-2026 22:09:44 UTC] ../panel.db
[08-May-2026 22:09:44 UTC] ../panel.db
[08-May-2026 22:09:44 UTC] 3
[08-May-2026 22:09:44 UTC] 3
[08-May-2026 22:09:44 UTC] 3
[08-May-2026 22:09:44 UTC] 3
[08-May-2026 22:09:44 UTC] ../panel.db
[08-May-2026 22:09:44 UTC] 3
[08-May-2026 22:09:44 UTC] ../panel.db
[08-May-2026 22:09:44 UTC] 3
[08-May-2026 22:10:33 UTC] ../panel.db
[08-May-2026 22:10:33 UTC] 3
[08-May-2026 22:10:33 UTC] ../panel.db
[08-May-2026 22:10:33 UTC] ../panel.db
[08-May-2026 22:10:33 UTC] ../panel.db
[08-May-2026 22:10:33 UTC] ../panel.db
[08-May-2026 22:10:33 UTC] 3
[08-May-2026 22:10:33 UTC] 3
[08-May-2026 22:10:33 UTC] 3
[08-May-2026 22:10:33 UTC] 3
[08-May-2026 22:10:33 UTC] ../panel.db
[08-May-2026 22:10:33 UTC] 3
[08-May-2026 22:10:33 UTC] ../panel.db
[08-May-2026 22:10:33 UTC] 3
[08-May-2026 22:10:40 UTC] ../panel.db
[08-May-2026 22:10:40 UTC] 3
[08-May-2026 22:10:40 UTC] ../panel.db
[08-May-2026 22:10:40 UTC] ../panel.db
[08-May-2026 22:10:40 UTC] ../panel.db
[08-May-2026 22:10:40 UTC] ../panel.db
[08-May-2026 22:10:40 UTC] 3
[08-May-2026 22:10:40 UTC] 3
[08-May-2026 22:10:40 UTC] 3
[08-May-2026 22:10:40 UTC] 3
[08-May-2026 22:10:40 UTC] ../panel.db
[08-May-2026 22:10:40 UTC] 3
[08-May-2026 22:10:40 UTC] ../panel.db
[08-May-2026 22:10:40 UTC] 3
[08-May-2026 22:12:46 UTC] ../panel.db
[08-May-2026 22:12:46 UTC] 3
[08-May-2026 22:12:47 UTC] ../panel.db
[08-May-2026 22:12:47 UTC] ../panel.db
[08-May-2026 22:12:47 UTC] ../panel.db
[08-May-2026 22:12:47 UTC] ../panel.db
[08-May-2026 22:12:47 UTC] 3
[08-May-2026 22:12:47 UTC] 3
[08-May-2026 22:12:47 UTC] 3
[08-May-2026 22:12:47 UTC] 3
[08-May-2026 22:12:47 UTC] ../panel.db
[08-May-2026 22:12:47 UTC] 3
[08-May-2026 22:12:48 UTC] ../panel.db
[08-May-2026 22:12:48 UTC] 3
[08-May-2026 22:14:47 UTC] ../panel.db
[08-May-2026 22:14:47 UTC] 3
[08-May-2026 22:14:48 UTC] ../panel.db
[08-May-2026 22:14:48 UTC] ../panel.db
[08-May-2026 22:14:48 UTC] ../panel.db
[08-May-2026 22:14:48 UTC] ../panel.db
[08-May-2026 22:14:48 UTC] 3
[08-May-2026 22:14:48 UTC] 3
[08-May-2026 22:14:48 UTC] 3
[08-May-2026 22:14:48 UTC] 3
[08-May-2026 22:14:48 UTC] ../panel.db
[08-May-2026 22:14:48 UTC] 3
[08-May-2026 22:14:49 UTC] ../panel.db
[08-May-2026 22:14:49 UTC] 3
[08-May-2026 22:14:49 UTC] ../panel.db
[08-May-2026 22:14:49 UTC] 3
[08-May-2026 22:14:49 UTC] ../panel.db
[08-May-2026 22:14:49 UTC] 3
[08-May-2026 22:14:49 UTC] ../panel.db
[08-May-2026 22:14:49 UTC] ../panel.db
[08-May-2026 22:14:49 UTC] ../panel.db
[08-May-2026 22:14:49 UTC] 3
[08-May-2026 22:14:49 UTC] 3
[08-May-2026 22:14:49 UTC] 3
[08-May-2026 22:14:49 UTC] {"serverId":"06ac013c-1f14-4f03-8c5a-bd97d0d0499f","userUuid":"1","token":"7dcd5010-b674-417d-b121-113eb9200a9a"}
[08-May-2026 22:14:49 UTC] {"serverId":"06ac013c-1f14-4f03-8c5a-bd97d0d0499f","userUuid":"1","token":"7dcd5010-b674-417d-b121-113eb9200a9a"}
[08-May-2026 22:14:49 UTC] {"serverId":"4c09c109-1764-445c-beda-bafce5c08b83","userUuid":"1","token":"7dcd5010-b674-417d-b121-113eb9200a9a"}
[08-May-2026 22:14:49 UTC] {"serverId":"4c09c109-1764-445c-beda-bafce5c08b83","userUuid":"1","token":"7dcd5010-b674-417d-b121-113eb9200a9a"}
[08-May-2026 22:14:49 UTC] {"serverId":"6d51f2c4-a03d-4373-a278-4932147e3c5a","userUuid":"1","token":"7dcd5010-b674-417d-b121-113eb9200a9a"}
[08-May-2026 22:14:49 UTC] {"serverId":"6d51f2c4-a03d-4373-a278-4932147e3c5a","userUuid":"1","token":"7dcd5010-b674-417d-b121-113eb9200a9a"}
[08-May-2026 22:15:33 UTC] ../panel.db
[08-May-2026 22:15:33 UTC] 3
[08-May-2026 22:15:38 UTC] ../panel.db
[08-May-2026 22:15:38 UTC] 3
[08-May-2026 22:15:39 UTC] ../panel.db
[08-May-2026 22:15:39 UTC] ../panel.db
[08-May-2026 22:15:39 UTC] ../panel.db
[08-May-2026 22:15:39 UTC] ../panel.db
[08-May-2026 22:15:39 UTC] 3
[08-May-2026 22:15:39 UTC] ../panel.db
[08-May-2026 22:15:39 UTC] 3
[08-May-2026 22:15:39 UTC] 3
[08-May-2026 22:15:39 UTC] 3
[08-May-2026 22:15:39 UTC] 3
[08-May-2026 22:15:39 UTC] ../panel.db
[08-May-2026 22:15:39 UTC] 3
[08-May-2026 22:15:39 UTC] ../panel.db
[08-May-2026 22:15:39 UTC] 3
[08-May-2026 22:15:40 UTC] ../panel.db
[08-May-2026 22:15:40 UTC] 3
[08-May-2026 22:15:40 UTC] ../panel.db
[08-May-2026 22:15:40 UTC] ../panel.db
[08-May-2026 22:15:40 UTC] ../panel.db
[08-May-2026 22:15:40 UTC] 3
[08-May-2026 22:15:40 UTC] 3
[08-May-2026 22:15:40 UTC] 3
[08-May-2026 22:15:40 UTC] {"serverId":"06ac013c-1f14-4f03-8c5a-bd97d0d0499f","userUuid":"1","token":"7dcd5010-b674-417d-b121-113eb9200a9a"}
[08-May-2026 22:15:40 UTC] {"serverId":"06ac013c-1f14-4f03-8c5a-bd97d0d0499f","userUuid":"1","token":"7dcd5010-b674-417d-b121-113eb9200a9a"}
[08-May-2026 22:15:40 UTC] {"serverId":"4c09c109-1764-445c-beda-bafce5c08b83","userUuid":"1","token":"7dcd5010-b674-417d-b121-113eb9200a9a"}
[08-May-2026 22:15:40 UTC] {"serverId":"4c09c109-1764-445c-beda-bafce5c08b83","userUuid":"1","token":"7dcd5010-b674-417d-b121-113eb9200a9a"}
[08-May-2026 22:15:40 UTC] {"serverId":"6d51f2c4-a03d-4373-a278-4932147e3c5a","userUuid":"1","token":"7dcd5010-b674-417d-b121-113eb9200a9a"}
[08-May-2026 22:15:40 UTC] {"serverId":"6d51f2c4-a03d-4373-a278-4932147e3c5a","userUuid":"1","token":"7dcd5010-b674-417d-b121-113eb9200a9a"}
[08-May-2026 22:15:45 UTC] ../panel.db
[08-May-2026 22:15:45 UTC] 3
[08-May-2026 22:15:45 UTC] ../panel.db
[08-May-2026 22:15:45 UTC] ../panel.db
[08-May-2026 22:15:45 UTC] ../panel.db
[08-May-2026 22:15:45 UTC] ../panel.db
[08-May-2026 22:15:45 UTC] ../panel.db
[08-May-2026 22:15:45 UTC] 3
[08-May-2026 22:15:45 UTC] 3
[08-May-2026 22:15:45 UTC] 3
[08-May-2026 22:15:45 UTC] 3
[08-May-2026 22:15:45 UTC] 3
[08-May-2026 22:15:45 UTC] ../panel.db
[08-May-2026 22:15:45 UTC] 3
[08-May-2026 22:15:46 UTC] ../panel.db
[08-May-2026 22:15:46 UTC] ../panel.db
[08-May-2026 22:15:46 UTC] 3
[08-May-2026 22:15:46 UTC] 3
[08-May-2026 22:15:46 UTC] ../panel.db
[08-May-2026 22:15:46 UTC] ../panel.db
[08-May-2026 22:15:46 UTC] ../panel.db
[08-May-2026 22:15:46 UTC] 3
[08-May-2026 22:15:46 UTC] 3
[08-May-2026 22:15:46 UTC] 3
[08-May-2026 22:15:46 UTC] {"serverId":"4c09c109-1764-445c-beda-bafce5c08b83","userUuid":"1","token":"7dcd5010-b674-417d-b121-113eb9200a9a"}
[08-May-2026 22:15:46 UTC] {"serverId":"4c09c109-1764-445c-beda-bafce5c08b83","userUuid":"1","token":"7dcd5010-b674-417d-b121-113eb9200a9a"}
[08-May-2026 22:15:46 UTC] {"serverId":"06ac013c-1f14-4f03-8c5a-bd97d0d0499f","userUuid":"1","token":"7dcd5010-b674-417d-b121-113eb9200a9a"}
[08-May-2026 22:15:46 UTC] {"serverId":"06ac013c-1f14-4f03-8c5a-bd97d0d0499f","userUuid":"1","token":"7dcd5010-b674-417d-b121-113eb9200a9a"}
[08-May-2026 22:15:46 UTC] {"serverId":"6d51f2c4-a03d-4373-a278-4932147e3c5a","userUuid":"1","token":"7dcd5010-b674-417d-b121-113eb9200a9a"}
[08-May-2026 22:15:46 UTC] {"serverId":"6d51f2c4-a03d-4373-a278-4932147e3c5a","userUuid":"1","token":"7dcd5010-b674-417d-b121-113eb9200a9a"}
[08-May-2026 22:16:49 UTC] ../panel.db
[08-May-2026 22:16:49 UTC] 3
[08-May-2026 22:16:49 UTC] ../panel.db
[08-May-2026 22:16:49 UTC] ../panel.db
[08-May-2026 22:16:49 UTC] ../panel.db
[08-May-2026 22:16:49 UTC] ../panel.db
[08-May-2026 22:16:49 UTC] 3
[08-May-2026 22:16:49 UTC] ../panel.db
[08-May-2026 22:16:49 UTC] 3
[08-May-2026 22:16:49 UTC] 3
[08-May-2026 22:16:49 UTC] 3
[08-May-2026 22:16:49 UTC] 3
[08-May-2026 22:16:50 UTC] ../panel.db
[08-May-2026 22:16:50 UTC] 3
[08-May-2026 22:16:50 UTC] ../panel.db
[08-May-2026 22:16:50 UTC] 3
[08-May-2026 22:16:50 UTC] ../panel.db
[08-May-2026 22:16:50 UTC] 3
[08-May-2026 22:16:50 UTC] ../panel.db
[08-May-2026 22:16:50 UTC] ../panel.db
[08-May-2026 22:16:50 UTC] ../panel.db
[08-May-2026 22:16:50 UTC] 3
[08-May-2026 22:16:50 UTC] 3
[08-May-2026 22:16:50 UTC] 3
[08-May-2026 22:16:50 UTC] {"serverId":"4c09c109-1764-445c-beda-bafce5c08b83","userUuid":"1","token":"7dcd5010-b674-417d-b121-113eb9200a9a"}
[08-May-2026 22:16:50 UTC] {"serverId":"4c09c109-1764-445c-beda-bafce5c08b83","userUuid":"1","token":"7dcd5010-b674-417d-b121-113eb9200a9a"}
[08-May-2026 22:16:50 UTC] {"serverId":"06ac013c-1f14-4f03-8c5a-bd97d0d0499f","userUuid":"1","token":"7dcd5010-b674-417d-b121-113eb9200a9a"}
[08-May-2026 22:16:50 UTC] {"serverId":"06ac013c-1f14-4f03-8c5a-bd97d0d0499f","userUuid":"1","token":"7dcd5010-b674-417d-b121-113eb9200a9a"}
[08-May-2026 22:16:50 UTC] {"serverId":"6d51f2c4-a03d-4373-a278-4932147e3c5a","userUuid":"1","token":"7dcd5010-b674-417d-b121-113eb9200a9a"}
[08-May-2026 22:16:50 UTC] {"serverId":"6d51f2c4-a03d-4373-a278-4932147e3c5a","userUuid":"1","token":"7dcd5010-b674-417d-b121-113eb9200a9a"}
[08-May-2026 22:16:52 UTC] ../panel.db
[08-May-2026 22:16:52 UTC] 3
[08-May-2026 22:16:52 UTC] ../panel.db
[08-May-2026 22:16:52 UTC] ../panel.db
[08-May-2026 22:16:52 UTC] ../panel.db
[08-May-2026 22:16:52 UTC] ../panel.db
[08-May-2026 22:16:52 UTC] ../panel.db
[08-May-2026 22:16:52 UTC] 3
[08-May-2026 22:16:52 UTC] 3
[08-May-2026 22:16:52 UTC] 3
[08-May-2026 22:16:52 UTC] 3
[08-May-2026 22:16:52 UTC] 3
[08-May-2026 22:16:52 UTC] ../panel.db
[08-May-2026 22:16:52 UTC] 3
[08-May-2026 22:16:52 UTC] ../panel.db
[08-May-2026 22:16:52 UTC] 3
[08-May-2026 22:16:53 UTC] ../panel.db
[08-May-2026 22:16:53 UTC] 3
[08-May-2026 22:16:53 UTC] ../panel.db
[08-May-2026 22:16:53 UTC] ../panel.db
[08-May-2026 22:16:53 UTC] ../panel.db
[08-May-2026 22:16:53 UTC] 3
[08-May-2026 22:16:53 UTC] {"serverId":"06ac013c-1f14-4f03-8c5a-bd97d0d0499f","userUuid":"1","token":"7dcd5010-b674-417d-b121-113eb9200a9a"}
[08-May-2026 22:16:53 UTC] 3
[08-May-2026 22:16:53 UTC] {"serverId":"06ac013c-1f14-4f03-8c5a-bd97d0d0499f","userUuid":"1","token":"7dcd5010-b674-417d-b121-113eb9200a9a"}
[08-May-2026 22:16:53 UTC] 3
[08-May-2026 22:16:53 UTC] {"serverId":"4c09c109-1764-445c-beda-bafce5c08b83","userUuid":"1","token":"7dcd5010-b674-417d-b121-113eb9200a9a"}
[08-May-2026 22:16:53 UTC] {"serverId":"4c09c109-1764-445c-beda-bafce5c08b83","userUuid":"1","token":"7dcd5010-b674-417d-b121-113eb9200a9a"}
[08-May-2026 22:16:53 UTC] {"serverId":"6d51f2c4-a03d-4373-a278-4932147e3c5a","userUuid":"1","token":"7dcd5010-b674-417d-b121-113eb9200a9a"}
[08-May-2026 22:16:53 UTC] {"serverId":"6d51f2c4-a03d-4373-a278-4932147e3c5a","userUuid":"1","token":"7dcd5010-b674-417d-b121-113eb9200a9a"}
[08-May-2026 22:18:20 UTC] ../panel.db
[08-May-2026 22:18:20 UTC] 3
[08-May-2026 22:18:29 UTC] ../panel.db
[08-May-2026 22:18:29 UTC] 3
[08-May-2026 22:23:41 UTC] ../panel.db
[08-May-2026 22:23:41 UTC] 3
[08-May-2026 22:23:42 UTC] ../panel.db
[08-May-2026 22:23:42 UTC] ../panel.db
[08-May-2026 22:23:42 UTC] ../panel.db
[08-May-2026 22:23:42 UTC] ../panel.db
[08-May-2026 22:23:42 UTC] 3
[08-May-2026 22:23:42 UTC] 3
[08-May-2026 22:23:42 UTC] 3
[08-May-2026 22:23:42 UTC] 3
[08-May-2026 22:23:42 UTC] ../panel.db
[08-May-2026 22:23:42 UTC] 3
[08-May-2026 22:23:43 UTC] ../panel.db
[08-May-2026 22:23:43 UTC] 3
[08-May-2026 22:23:43 UTC] ../panel.db
[08-May-2026 22:23:43 UTC] 3
[08-May-2026 22:23:43 UTC] ../panel.db
[08-May-2026 22:23:43 UTC] 3
[08-May-2026 22:23:43 UTC] ../panel.db
[08-May-2026 22:23:43 UTC] 3
[08-May-2026 22:23:43 UTC] ../panel.db
[08-May-2026 22:23:43 UTC] ../panel.db
[08-May-2026 22:23:43 UTC] ../panel.db
[08-May-2026 22:23:43 UTC] ../panel.db
[08-May-2026 22:23:43 UTC] 3
[08-May-2026 22:23:43 UTC] ../panel.db
[08-May-2026 22:23:43 UTC] 3
[08-May-2026 22:23:43 UTC] 3
[08-May-2026 22:23:43 UTC] 3
[08-May-2026 22:23:43 UTC] 3
[08-May-2026 22:23:43 UTC] ../panel.db
[08-May-2026 22:23:43 UTC] 3
[08-May-2026 22:23:44 UTC] ../panel.db
[08-May-2026 22:23:44 UTC] 3
[08-May-2026 22:23:44 UTC] ../panel.db
[08-May-2026 22:23:44 UTC] 3
[08-May-2026 22:23:44 UTC] ../panel.db
[08-May-2026 22:23:44 UTC] ../panel.db
[08-May-2026 22:23:44 UTC] ../panel.db
[08-May-2026 22:23:44 UTC] 3
[08-May-2026 22:23:44 UTC] 3
[08-May-2026 22:23:44 UTC] 3
[08-May-2026 22:23:44 UTC] {"serverId":"4c09c109-1764-445c-beda-bafce5c08b83","userUuid":"1","token":"7dcd5010-b674-417d-b121-113eb9200a9a"}
[08-May-2026 22:23:44 UTC] {"serverId":"4c09c109-1764-445c-beda-bafce5c08b83","userUuid":"1","token":"7dcd5010-b674-417d-b121-113eb9200a9a"}
[08-May-2026 22:23:44 UTC] {"serverId":"6d51f2c4-a03d-4373-a278-4932147e3c5a","userUuid":"1","token":"7dcd5010-b674-417d-b121-113eb9200a9a"}
[08-May-2026 22:23:44 UTC] {"serverId":"6d51f2c4-a03d-4373-a278-4932147e3c5a","userUuid":"1","token":"7dcd5010-b674-417d-b121-113eb9200a9a"}
[08-May-2026 22:23:44 UTC] {"serverId":"06ac013c-1f14-4f03-8c5a-bd97d0d0499f","userUuid":"1","token":"7dcd5010-b674-417d-b121-113eb9200a9a"}
[08-May-2026 22:23:44 UTC] {"serverId":"06ac013c-1f14-4f03-8c5a-bd97d0d0499f","userUuid":"1","token":"7dcd5010-b674-417d-b121-113eb9200a9a"}
[08-May-2026 22:23:46 UTC] ../panel.db
[08-May-2026 22:23:46 UTC] 3
[08-May-2026 22:23:46 UTC] ../panel.db
[08-May-2026 22:23:46 UTC] 3
[08-May-2026 22:23:46 UTC] ../panel.db
[08-May-2026 22:23:46 UTC] ../panel.db
[08-May-2026 22:23:46 UTC] ../panel.db
[08-May-2026 22:23:46 UTC] ../panel.db
[08-May-2026 22:23:46 UTC] 3
[08-May-2026 22:23:46 UTC] 3
[08-May-2026 22:23:46 UTC] 3
[08-May-2026 22:23:46 UTC] 3
[08-May-2026 22:23:46 UTC] ../panel.db
[08-May-2026 22:23:46 UTC] 3
[08-May-2026 22:23:46 UTC] ../panel.db
[08-May-2026 22:23:46 UTC] 3
[08-May-2026 22:23:47 UTC] ../panel.db
[08-May-2026 22:23:47 UTC] 3
[08-May-2026 22:23:47 UTC] ../panel.db
[08-May-2026 22:23:47 UTC] ../panel.db
[08-May-2026 22:23:47 UTC] ../panel.db
[08-May-2026 22:23:47 UTC] 3
[08-May-2026 22:23:47 UTC] 3
[08-May-2026 22:23:47 UTC] 3
[08-May-2026 22:23:47 UTC] {"serverId":"06ac013c-1f14-4f03-8c5a-bd97d0d0499f","userUuid":"1","token":"7dcd5010-b674-417d-b121-113eb9200a9a"}
[08-May-2026 22:23:47 UTC] {"serverId":"06ac013c-1f14-4f03-8c5a-bd97d0d0499f","userUuid":"1","token":"7dcd5010-b674-417d-b121-113eb9200a9a"}
[08-May-2026 22:23:47 UTC] {"serverId":"4c09c109-1764-445c-beda-bafce5c08b83","userUuid":"1","token":"7dcd5010-b674-417d-b121-113eb9200a9a"}
[08-May-2026 22:23:47 UTC] {"serverId":"4c09c109-1764-445c-beda-bafce5c08b83","userUuid":"1","token":"7dcd5010-b674-417d-b121-113eb9200a9a"}
[08-May-2026 22:23:47 UTC] {"serverId":"6d51f2c4-a03d-4373-a278-4932147e3c5a","userUuid":"1","token":"7dcd5010-b674-417d-b121-113eb9200a9a"}
[08-May-2026 22:23:47 UTC] {"serverId":"6d51f2c4-a03d-4373-a278-4932147e3c5a","userUuid":"1","token":"7dcd5010-b674-417d-b121-113eb9200a9a"}
[08-May-2026 22:23:55 UTC] ../panel.db
[08-May-2026 22:23:55 UTC] 3
[08-May-2026 22:23:56 UTC] ../panel.db
[08-May-2026 22:23:56 UTC] 3
[08-May-2026 22:23:59 UTC] ../panel.db
[08-May-2026 22:23:59 UTC] 3
[08-May-2026 22:24:03 UTC] ../panel.db
[08-May-2026 22:24:03 UTC] 3
[08-May-2026 22:24:04 UTC] ../panel.db
[08-May-2026 22:24:04 UTC] 3
[08-May-2026 22:24:04 UTC] ../panel.db
[08-May-2026 22:24:04 UTC] 3
[08-May-2026 22:24:04 UTC] ../panel.db
[08-May-2026 22:24:04 UTC] ../panel.db
[08-May-2026 22:24:04 UTC] ../panel.db
[08-May-2026 22:24:04 UTC] ../panel.db
[08-May-2026 22:24:04 UTC] 3
[08-May-2026 22:24:04 UTC] 3
[08-May-2026 22:24:04 UTC] 3
[08-May-2026 22:24:04 UTC] 3
[08-May-2026 22:24:05 UTC] ../panel.db
[08-May-2026 22:24:05 UTC] 3
[08-May-2026 22:24:05 UTC] ../panel.db
[08-May-2026 22:24:05 UTC] 3
[08-May-2026 22:24:05 UTC] ../panel.db
[08-May-2026 22:24:05 UTC] 3
[08-May-2026 22:24:05 UTC] ../panel.db
[08-May-2026 22:24:05 UTC] ../panel.db
[08-May-2026 22:24:05 UTC] ../panel.db
[08-May-2026 22:24:05 UTC] 3
[08-May-2026 22:24:05 UTC] 3
[08-May-2026 22:24:05 UTC] 3
[08-May-2026 22:24:05 UTC] {"serverId":"6d51f2c4-a03d-4373-a278-4932147e3c5a","userUuid":"1","token":"7dcd5010-b674-417d-b121-113eb9200a9a"}
[08-May-2026 22:24:05 UTC] {"serverId":"6d51f2c4-a03d-4373-a278-4932147e3c5a","userUuid":"1","token":"7dcd5010-b674-417d-b121-113eb9200a9a"}
[08-May-2026 22:24:05 UTC] {"serverId":"4c09c109-1764-445c-beda-bafce5c08b83","userUuid":"1","token":"7dcd5010-b674-417d-b121-113eb9200a9a"}
[08-May-2026 22:24:05 UTC] {"serverId":"4c09c109-1764-445c-beda-bafce5c08b83","userUuid":"1","token":"7dcd5010-b674-417d-b121-113eb9200a9a"}
[08-May-2026 22:24:05 UTC] {"serverId":"06ac013c-1f14-4f03-8c5a-bd97d0d0499f","userUuid":"1","token":"7dcd5010-b674-417d-b121-113eb9200a9a"}
[08-May-2026 22:24:05 UTC] {"serverId":"06ac013c-1f14-4f03-8c5a-bd97d0d0499f","userUuid":"1","token":"7dcd5010-b674-417d-b121-113eb9200a9a"}
[08-May-2026 22:24:12 UTC] ../panel.db
[08-May-2026 22:24:12 UTC] 3
[08-May-2026 22:24:19 UTC] ../panel.db
[08-May-2026 22:24:19 UTC] 3
[08-May-2026 22:24:19 UTC] ../panel.db
[08-May-2026 22:24:19 UTC] ../panel.db
[08-May-2026 22:24:19 UTC] ../panel.db
[08-May-2026 22:24:19 UTC] ../panel.db
[08-May-2026 22:24:19 UTC] 3
[08-May-2026 22:24:19 UTC] 3
[08-May-2026 22:24:19 UTC] 3
[08-May-2026 22:24:19 UTC] 3
[08-May-2026 22:24:20 UTC] ../panel.db
[08-May-2026 22:24:20 UTC] 3
[08-May-2026 22:24:20 UTC] ../panel.db
[08-May-2026 22:24:20 UTC] 3
[08-May-2026 22:24:20 UTC] ../panel.db
[08-May-2026 22:24:20 UTC] 3
[08-May-2026 22:24:20 UTC] ../panel.db
[08-May-2026 22:24:20 UTC] ../panel.db
[08-May-2026 22:24:20 UTC] ../panel.db
[08-May-2026 22:24:20 UTC] 3
[08-May-2026 22:24:20 UTC] 3
[08-May-2026 22:24:20 UTC] 3
[08-May-2026 22:24:20 UTC] {"serverId":"4c09c109-1764-445c-beda-bafce5c08b83","userUuid":"1","token":"7dcd5010-b674-417d-b121-113eb9200a9a"}
[08-May-2026 22:24:20 UTC] {"serverId":"4c09c109-1764-445c-beda-bafce5c08b83","userUuid":"1","token":"7dcd5010-b674-417d-b121-113eb9200a9a"}
[08-May-2026 22:24:20 UTC] {"serverId":"06ac013c-1f14-4f03-8c5a-bd97d0d0499f","userUuid":"1","token":"7dcd5010-b674-417d-b121-113eb9200a9a"}
[08-May-2026 22:24:20 UTC] {"serverId":"06ac013c-1f14-4f03-8c5a-bd97d0d0499f","userUuid":"1","token":"7dcd5010-b674-417d-b121-113eb9200a9a"}
[08-May-2026 22:24:20 UTC] {"serverId":"6d51f2c4-a03d-4373-a278-4932147e3c5a","userUuid":"1","token":"7dcd5010-b674-417d-b121-113eb9200a9a"}
[08-May-2026 22:24:20 UTC] {"serverId":"6d51f2c4-a03d-4373-a278-4932147e3c5a","userUuid":"1","token":"7dcd5010-b674-417d-b121-113eb9200a9a"}
[08-May-2026 22:25:22 UTC] ../panel.db
[08-May-2026 22:25:22 UTC] 3
[08-May-2026 22:25:34 UTC] ../panel.db
[08-May-2026 22:25:34 UTC] 3
[08-May-2026 22:25:34 UTC] ../panel.db
[08-May-2026 22:25:34 UTC] 3
[08-May-2026 22:25:34 UTC] ../panel.db
[08-May-2026 22:25:34 UTC] ../panel.db
[08-May-2026 22:25:34 UTC] ../panel.db
[08-May-2026 22:25:34 UTC] ../panel.db
[08-May-2026 22:25:34 UTC] 3
[08-May-2026 22:25:34 UTC] 3
[08-May-2026 22:25:34 UTC] 3
[08-May-2026 22:25:34 UTC] 3
[08-May-2026 22:25:35 UTC] ../panel.db
[08-May-2026 22:25:35 UTC] 3
[08-May-2026 22:25:35 UTC] ../panel.db
[08-May-2026 22:25:35 UTC] 3
[08-May-2026 22:25:35 UTC] ../panel.db
[08-May-2026 22:25:35 UTC] 3
[08-May-2026 22:25:35 UTC] ../panel.db
[08-May-2026 22:25:35 UTC] ../panel.db
[08-May-2026 22:25:35 UTC] ../panel.db
[08-May-2026 22:25:35 UTC] 3
[08-May-2026 22:25:35 UTC] 3
[08-May-2026 22:25:35 UTC] 3
[08-May-2026 22:25:35 UTC] {"serverId":"06ac013c-1f14-4f03-8c5a-bd97d0d0499f","userUuid":"1","token":"7dcd5010-b674-417d-b121-113eb9200a9a"}
[08-May-2026 22:25:35 UTC] {"serverId":"06ac013c-1f14-4f03-8c5a-bd97d0d0499f","userUuid":"1","token":"7dcd5010-b674-417d-b121-113eb9200a9a"}
[08-May-2026 22:25:35 UTC] {"serverId":"6d51f2c4-a03d-4373-a278-4932147e3c5a","userUuid":"1","token":"7dcd5010-b674-417d-b121-113eb9200a9a"}
[08-May-2026 22:25:35 UTC] {"serverId":"6d51f2c4-a03d-4373-a278-4932147e3c5a","userUuid":"1","token":"7dcd5010-b674-417d-b121-113eb9200a9a"}
[08-May-2026 22:25:35 UTC] {"serverId":"4c09c109-1764-445c-beda-bafce5c08b83","userUuid":"1","token":"7dcd5010-b674-417d-b121-113eb9200a9a"}
[08-May-2026 22:25:35 UTC] {"serverId":"4c09c109-1764-445c-beda-bafce5c08b83","userUuid":"1","token":"7dcd5010-b674-417d-b121-113eb9200a9a"}
[08-May-2026 22:26:14 UTC] ../panel.db
[08-May-2026 22:26:14 UTC] 3
[08-May-2026 22:26:20 UTC] ../panel.db
[08-May-2026 22:26:20 UTC] 3
[08-May-2026 22:26:21 UTC] ../panel.db
[08-May-2026 22:26:21 UTC] 3
[08-May-2026 22:26:23 UTC] ../panel.db
[08-May-2026 22:26:23 UTC] ../panel.db
[08-May-2026 22:26:23 UTC] ../panel.db
[08-May-2026 22:26:23 UTC] ../panel.db
[08-May-2026 22:26:23 UTC] 3
[08-May-2026 22:26:23 UTC] 3
[08-May-2026 22:26:23 UTC] 3
[08-May-2026 22:26:23 UTC] 3
[08-May-2026 22:26:23 UTC] ../panel.db
[08-May-2026 22:26:23 UTC] 3
[08-May-2026 22:26:23 UTC] ../panel.db
[08-May-2026 22:26:23 UTC] 3
[08-May-2026 22:26:23 UTC] ../panel.db
[08-May-2026 22:26:23 UTC] 3
[08-May-2026 22:26:23 UTC] ../panel.db
[08-May-2026 22:26:23 UTC] ../panel.db
[08-May-2026 22:26:23 UTC] ../panel.db
[08-May-2026 22:26:23 UTC] 3
[08-May-2026 22:26:23 UTC] 3
[08-May-2026 22:26:23 UTC] 3
[08-May-2026 22:26:23 UTC] {"serverId":"6d51f2c4-a03d-4373-a278-4932147e3c5a","userUuid":"1","token":"7dcd5010-b674-417d-b121-113eb9200a9a"}
[08-May-2026 22:26:23 UTC] {"serverId":"6d51f2c4-a03d-4373-a278-4932147e3c5a","userUuid":"1","token":"7dcd5010-b674-417d-b121-113eb9200a9a"}
[08-May-2026 22:26:23 UTC] {"serverId":"4c09c109-1764-445c-beda-bafce5c08b83","userUuid":"1","token":"7dcd5010-b674-417d-b121-113eb9200a9a"}
[08-May-2026 22:26:23 UTC] {"serverId":"4c09c109-1764-445c-beda-bafce5c08b83","userUuid":"1","token":"7dcd5010-b674-417d-b121-113eb9200a9a"}
[08-May-2026 22:26:23 UTC] {"serverId":"06ac013c-1f14-4f03-8c5a-bd97d0d0499f","userUuid":"1","token":"7dcd5010-b674-417d-b121-113eb9200a9a"}
[08-May-2026 22:26:23 UTC] {"serverId":"06ac013c-1f14-4f03-8c5a-bd97d0d0499f","userUuid":"1","token":"7dcd5010-b674-417d-b121-113eb9200a9a"}
[08-May-2026 22:26:25 UTC] ../panel.db
[08-May-2026 22:26:25 UTC] 3
[08-May-2026 22:26:26 UTC] ../panel.db
[08-May-2026 22:26:26 UTC] 3
[08-May-2026 22:26:46 UTC] ../panel.db
[08-May-2026 22:26:46 UTC] 3
[08-May-2026 22:27:07 UTC] ../panel.db
[08-May-2026 22:27:07 UTC] 3
[08-May-2026 22:27:09 UTC] ../panel.db
[08-May-2026 22:27:09 UTC] 3
[08-May-2026 22:27:11 UTC] ../panel.db
[08-May-2026 22:27:11 UTC] 3
[08-May-2026 22:27:18 UTC] ../panel.db
[08-May-2026 22:27:18 UTC] 3
[08-May-2026 22:27:21 UTC] ../panel.db
[08-May-2026 22:27:21 UTC] ../panel.db
[08-May-2026 22:27:21 UTC] ../panel.db
[08-May-2026 22:27:21 UTC] 3
[08-May-2026 22:27:21 UTC] 3
[08-May-2026 22:27:21 UTC] 3
[08-May-2026 22:27:21 UTC] ../panel.db
[08-May-2026 22:27:21 UTC] 3
[08-May-2026 22:27:21 UTC] ../panel.db
[08-May-2026 22:27:21 UTC] 3
[08-May-2026 22:27:21 UTC] ../panel.db
[08-May-2026 22:27:21 UTC] ../panel.db
[08-May-2026 22:27:21 UTC] 3
[08-May-2026 22:27:21 UTC] 3
[08-May-2026 22:27:21 UTC] ../panel.db
[08-May-2026 22:27:21 UTC] 3
[08-May-2026 22:27:23 UTC] ../panel.db
[08-May-2026 22:27:23 UTC] 3
[08-May-2026 22:27:23 UTC] ../panel.db
[08-May-2026 22:27:23 UTC] 3
[08-May-2026 22:27:27 UTC] ../panel.db
[08-May-2026 22:27:27 UTC] 3
[08-May-2026 22:27:27 UTC] ../panel.db
[08-May-2026 22:27:28 UTC] 3
[08-May-2026 22:27:28 UTC] ../panel.db
[08-May-2026 22:27:28 UTC] ../panel.db
[08-May-2026 22:27:28 UTC] ../panel.db
[08-May-2026 22:27:28 UTC] 3
[08-May-2026 22:27:28 UTC] 3
[08-May-2026 22:27:28 UTC] 3
[08-May-2026 22:27:28 UTC] {"serverId":"6d51f2c4-a03d-4373-a278-4932147e3c5a","userUuid":"1","token":"7dcd5010-b674-417d-b121-113eb9200a9a"}
[08-May-2026 22:27:28 UTC] {"serverId":"6d51f2c4-a03d-4373-a278-4932147e3c5a","userUuid":"1","token":"7dcd5010-b674-417d-b121-113eb9200a9a"}
[08-May-2026 22:27:28 UTC] {"serverId":"4c09c109-1764-445c-beda-bafce5c08b83","userUuid":"1","token":"7dcd5010-b674-417d-b121-113eb9200a9a"}
[08-May-2026 22:27:28 UTC] {"serverId":"4c09c109-1764-445c-beda-bafce5c08b83","userUuid":"1","token":"7dcd5010-b674-417d-b121-113eb9200a9a"}
[08-May-2026 22:27:28 UTC] {"serverId":"06ac013c-1f14-4f03-8c5a-bd97d0d0499f","userUuid":"1","token":"7dcd5010-b674-417d-b121-113eb9200a9a"}
[08-May-2026 22:27:28 UTC] {"serverId":"06ac013c-1f14-4f03-8c5a-bd97d0d0499f","userUuid":"1","token":"7dcd5010-b674-417d-b121-113eb9200a9a"}
[08-May-2026 22:27:33 UTC] ../panel.db
[08-May-2026 22:27:33 UTC] 3
[08-May-2026 22:27:34 UTC] ../panel.db
[08-May-2026 22:27:34 UTC] 3
[08-May-2026 22:27:51 UTC] ../panel.db
[08-May-2026 22:27:51 UTC] 3
[08-May-2026 22:27:54 UTC] ../panel.db
[08-May-2026 22:27:54 UTC] 3
[08-May-2026 22:28:11 UTC] ../panel.db
[08-May-2026 22:28:11 UTC] 3
[08-May-2026 22:28:12 UTC] ../panel.db
[08-May-2026 22:28:12 UTC] 3
[08-May-2026 22:28:12 UTC] ../panel.db
[08-May-2026 22:28:12 UTC] ../panel.db
[08-May-2026 22:28:12 UTC] ../panel.db
[08-May-2026 22:28:12 UTC] 3
[08-May-2026 22:28:12 UTC] 3
[08-May-2026 22:28:12 UTC] {"serverId":"6d51f2c4-a03d-4373-a278-4932147e3c5a","userUuid":"1","token":"7dcd5010-b674-417d-b121-113eb9200a9a"}
[08-May-2026 22:28:12 UTC] 3
[08-May-2026 22:28:12 UTC] {"serverId":"6d51f2c4-a03d-4373-a278-4932147e3c5a","userUuid":"1","token":"7dcd5010-b674-417d-b121-113eb9200a9a"}
[08-May-2026 22:28:12 UTC] {"serverId":"4c09c109-1764-445c-beda-bafce5c08b83","userUuid":"1","token":"7dcd5010-b674-417d-b121-113eb9200a9a"}
[08-May-2026 22:28:12 UTC] {"serverId":"4c09c109-1764-445c-beda-bafce5c08b83","userUuid":"1","token":"7dcd5010-b674-417d-b121-113eb9200a9a"}
[08-May-2026 22:28:12 UTC] {"serverId":"06ac013c-1f14-4f03-8c5a-bd97d0d0499f","userUuid":"1","token":"7dcd5010-b674-417d-b121-113eb9200a9a"}
[08-May-2026 22:28:12 UTC] {"serverId":"06ac013c-1f14-4f03-8c5a-bd97d0d0499f","userUuid":"1","token":"7dcd5010-b674-417d-b121-113eb9200a9a"}
[08-May-2026 22:28:14 UTC] ../panel.db
[08-May-2026 22:28:14 UTC] 3
[08-May-2026 22:28:19 UTC] ../panel.db
[08-May-2026 22:28:19 UTC] 3
[08-May-2026 22:28:22 UTC] ../panel.db
[08-May-2026 22:28:22 UTC] ../panel.db
[08-May-2026 22:28:22 UTC] 3
[08-May-2026 22:28:22 UTC] 3
[08-May-2026 22:28:22 UTC] ../panel.db
[08-May-2026 22:28:22 UTC] ../panel.db
[08-May-2026 22:28:22 UTC] ../panel.db
[08-May-2026 22:28:22 UTC] ../panel.db
[08-May-2026 22:28:22 UTC] 3
[08-May-2026 22:28:22 UTC] 3
[08-May-2026 22:28:22 UTC] 3
[08-May-2026 22:28:22 UTC] 3
[08-May-2026 22:28:22 UTC] ../panel.db
[08-May-2026 22:28:22 UTC] 3
[08-May-2026 22:28:23 UTC] ../panel.db
[08-May-2026 22:28:23 UTC] 3
[08-May-2026 22:28:23 UTC] ../panel.db
[08-May-2026 22:28:23 UTC] 3
[08-May-2026 22:28:25 UTC] ../panel.db
[08-May-2026 22:28:25 UTC] 3
[08-May-2026 22:28:25 UTC] ../panel.db
[08-May-2026 22:28:25 UTC] ../panel.db
[08-May-2026 22:28:25 UTC] ../panel.db
[08-May-2026 22:28:25 UTC] ../panel.db
[08-May-2026 22:28:25 UTC] 3
[08-May-2026 22:28:25 UTC] 3
[08-May-2026 22:28:25 UTC] 3
[08-May-2026 22:28:25 UTC] 3
[08-May-2026 22:28:25 UTC] ../panel.db
[08-May-2026 22:28:25 UTC] 3
[08-May-2026 22:28:25 UTC] ../panel.db
[08-May-2026 22:28:25 UTC] 3
[08-May-2026 22:28:26 UTC] ../panel.db
[08-May-2026 22:28:26 UTC] 3
[08-May-2026 22:28:43 UTC] ../panel.db
[08-May-2026 22:28:43 UTC] 3
[08-May-2026 22:28:55 UTC] ../panel.db
[08-May-2026 22:28:55 UTC] 3
[08-May-2026 22:28:55 UTC] ../panel.db
[08-May-2026 22:28:55 UTC] ../panel.db
[08-May-2026 22:28:55 UTC] ../panel.db
[08-May-2026 22:28:55 UTC] ../panel.db
[08-May-2026 22:28:55 UTC] 3
[08-May-2026 22:28:55 UTC] ../panel.db
[08-May-2026 22:28:55 UTC] 3
[08-May-2026 22:28:55 UTC] 3
[08-May-2026 22:28:55 UTC] 3
[08-May-2026 22:28:55 UTC] 3
[08-May-2026 22:28:55 UTC] ../panel.db
[08-May-2026 22:28:55 UTC] 3
[08-May-2026 22:28:55 UTC] ../panel.db
[08-May-2026 22:28:55 UTC] 3
[08-May-2026 22:29:08 UTC] ../panel.db
[08-May-2026 22:29:08 UTC] 3
[08-May-2026 22:29:08 UTC] ../panel.db
[08-May-2026 22:29:08 UTC] ../panel.db
[08-May-2026 22:29:08 UTC] ../panel.db
[08-May-2026 22:29:08 UTC] ../panel.db
[08-May-2026 22:29:08 UTC] 3
[08-May-2026 22:29:08 UTC] 3
[08-May-2026 22:29:08 UTC] 3
[08-May-2026 22:29:08 UTC] 3
[08-May-2026 22:29:08 UTC] ../panel.db
[08-May-2026 22:29:08 UTC] 3
[08-May-2026 22:29:08 UTC] ../panel.db
[08-May-2026 22:29:08 UTC] 3
[08-May-2026 22:29:10 UTC] ../panel.db
[08-May-2026 22:29:10 UTC] 3
[08-May-2026 22:29:10 UTC] ../panel.db
[08-May-2026 22:29:10 UTC] 3
[08-May-2026 22:29:30 UTC] ../panel.db
[08-May-2026 22:29:30 UTC] 3
[08-May-2026 22:29:33 UTC] ../panel.db
[08-May-2026 22:29:33 UTC] 3
[08-May-2026 22:38:22 UTC] ../panel.db
[08-May-2026 22:38:22 UTC] 3
[08-May-2026 22:38:23 UTC] ../panel.db
[08-May-2026 22:38:23 UTC] 3
[08-May-2026 22:38:56 UTC] ../panel.db
[08-May-2026 22:38:56 UTC] 3
[08-May-2026 22:43:10 UTC] ../panel.db
[08-May-2026 22:43:10 UTC] ../panel.db
[08-May-2026 22:43:10 UTC] 3
[08-May-2026 22:43:10 UTC] 3
[08-May-2026 22:43:15 UTC] ../panel.db
[08-May-2026 22:43:15 UTC] 3
[08-May-2026 22:43:16 UTC] ../panel.db
[08-May-2026 22:43:16 UTC] ../panel.db
[08-May-2026 22:43:16 UTC] ../panel.db
[08-May-2026 22:43:16 UTC] 3
[08-May-2026 22:43:16 UTC] 3
[08-May-2026 22:43:16 UTC] 3
[08-May-2026 22:43:16 UTC] ../panel.db
[08-May-2026 22:43:16 UTC] 3
[08-May-2026 22:43:16 UTC] ../panel.db
[08-May-2026 22:43:16 UTC] 3
[08-May-2026 22:43:27 UTC] ../panel.db
[08-May-2026 22:43:27 UTC] 3
[08-May-2026 22:43:27 UTC] ../panel.db
[08-May-2026 22:43:27 UTC] 3
[08-May-2026 22:43:27 UTC] ../panel.db
[08-May-2026 22:43:27 UTC] ../panel.db
[08-May-2026 22:43:27 UTC] 3
[08-May-2026 22:43:27 UTC] 3
[08-May-2026 22:43:27 UTC] ../panel.db
[08-May-2026 22:43:27 UTC] 3
[08-May-2026 22:43:27 UTC] ../panel.db
[08-May-2026 22:43:27 UTC] 3
[08-May-2026 22:43:50 UTC] ../panel.db
[08-May-2026 22:43:50 UTC] 3
[08-May-2026 22:43:50 UTC] ../panel.db
[08-May-2026 22:43:50 UTC] ../panel.db
[08-May-2026 22:43:50 UTC] ../panel.db
[08-May-2026 22:43:50 UTC] 3
[08-May-2026 22:43:50 UTC] 3
[08-May-2026 22:43:50 UTC] 3
[08-May-2026 22:43:50 UTC] ../panel.db
[08-May-2026 22:43:50 UTC] 3
[08-May-2026 22:43:50 UTC] ../panel.db
[08-May-2026 22:43:50 UTC] 3
[08-May-2026 22:43:54 UTC] ../panel.db
[08-May-2026 22:43:54 UTC] 3
[08-May-2026 22:43:59 UTC] ../panel.db
[08-May-2026 22:43:59 UTC] 3
[08-May-2026 22:43:59 UTC] ../panel.db
[08-May-2026 22:43:59 UTC] ../panel.db
[08-May-2026 22:43:59 UTC] ../panel.db
[08-May-2026 22:43:59 UTC] ../panel.db
[08-May-2026 22:43:59 UTC] 3
[08-May-2026 22:43:59 UTC] 3
[08-May-2026 22:43:59 UTC] 3
[08-May-2026 22:43:59 UTC] 3
[08-May-2026 22:43:59 UTC] ../panel.db
[08-May-2026 22:43:59 UTC] 3
[08-May-2026 22:43:59 UTC] ../panel.db
[08-May-2026 22:43:59 UTC] 3
[08-May-2026 22:44:01 UTC] ../panel.db
[08-May-2026 22:44:01 UTC] 3
[08-May-2026 22:44:02 UTC] ../panel.db
[08-May-2026 22:44:02 UTC] 3
[08-May-2026 22:44:02 UTC] ../panel.db
[08-May-2026 22:44:02 UTC] 3
[08-May-2026 22:44:02 UTC] ../panel.db
[08-May-2026 22:44:02 UTC] ../panel.db
[08-May-2026 22:44:02 UTC] ../panel.db
[08-May-2026 22:44:02 UTC] ../panel.db
[08-May-2026 22:44:02 UTC] ../panel.db
[08-May-2026 22:44:02 UTC] 3
[08-May-2026 22:44:02 UTC] 3
[08-May-2026 22:44:02 UTC] 3
[08-May-2026 22:44:02 UTC] 3
[08-May-2026 22:44:02 UTC] 3
[08-May-2026 22:44:02 UTC] ../panel.db
[08-May-2026 22:44:02 UTC] 3
[08-May-2026 22:44:02 UTC] ../panel.db
[08-May-2026 22:44:02 UTC] ../panel.db
[08-May-2026 22:44:02 UTC] ../panel.db
[08-May-2026 22:44:02 UTC] 3
[08-May-2026 22:44:02 UTC] 3
[08-May-2026 22:44:02 UTC] 3
[08-May-2026 22:44:02 UTC] ../panel.db
[08-May-2026 22:44:02 UTC] 3
[08-May-2026 22:44:02 UTC] ../panel.db
[08-May-2026 22:44:02 UTC] 3
[08-May-2026 22:44:02 UTC] ../panel.db
[08-May-2026 22:44:02 UTC] 3
[08-May-2026 22:44:03 UTC] ../panel.db
[08-May-2026 22:44:03 UTC] 3
[08-May-2026 22:44:03 UTC] ../panel.db
[08-May-2026 22:44:03 UTC] 3
[08-May-2026 22:44:03 UTC] ../panel.db
[08-May-2026 22:44:03 UTC] ../panel.db
[08-May-2026 22:44:03 UTC] ../panel.db
[08-May-2026 22:44:03 UTC] ../panel.db
[08-May-2026 22:44:03 UTC] ../panel.db
[08-May-2026 22:44:03 UTC] 3
[08-May-2026 22:44:03 UTC] 3
[08-May-2026 22:44:03 UTC] 3
[08-May-2026 22:44:03 UTC] 3
[08-May-2026 22:44:03 UTC] 3
[08-May-2026 22:44:03 UTC] ../panel.db
[08-May-2026 22:44:03 UTC] 3
[08-May-2026 22:44:03 UTC] ../panel.db
[08-May-2026 22:44:03 UTC] 3
[08-May-2026 22:44:50 UTC] ../panel.db
[08-May-2026 22:44:50 UTC] 3
[08-May-2026 22:44:50 UTC] ../panel.db
[08-May-2026 22:44:50 UTC] ../panel.db
[08-May-2026 22:44:50 UTC] ../panel.db
[08-May-2026 22:44:50 UTC] ../panel.db
[08-May-2026 22:44:50 UTC] 3
[08-May-2026 22:44:50 UTC] 3
[08-May-2026 22:44:50 UTC] 3
[08-May-2026 22:44:50 UTC] 3
[08-May-2026 22:44:50 UTC] ../panel.db
[08-May-2026 22:44:50 UTC] 3
[08-May-2026 22:44:50 UTC] ../panel.db
[08-May-2026 22:44:50 UTC] ../panel.db
[08-May-2026 22:44:50 UTC] ../panel.db
[08-May-2026 22:44:50 UTC] 3
[08-May-2026 22:44:50 UTC] 3
[08-May-2026 22:44:50 UTC] 3
[08-May-2026 22:44:50 UTC] ../panel.db
[08-May-2026 22:44:50 UTC] 3
[08-May-2026 22:44:50 UTC] ../panel.db
[08-May-2026 22:44:50 UTC] 3
[08-May-2026 22:44:50 UTC] ../panel.db
[08-May-2026 22:44:50 UTC] 3
[08-May-2026 22:44:50 UTC] ../panel.db
[08-May-2026 22:44:50 UTC] 3
[08-May-2026 22:45:52 UTC] ../panel.db
[08-May-2026 22:45:52 UTC] 3
[08-May-2026 22:45:52 UTC] ../panel.db
[08-May-2026 22:45:52 UTC] 3
[08-May-2026 22:45:52 UTC] ../panel.db
[08-May-2026 22:45:52 UTC] ../panel.db
[08-May-2026 22:45:52 UTC] ../panel.db
[08-May-2026 22:45:52 UTC] 3
[08-May-2026 22:45:52 UTC] 3
[08-May-2026 22:45:52 UTC] 3
[08-May-2026 22:45:52 UTC] ../panel.db
[08-May-2026 22:45:52 UTC] 3
[08-May-2026 22:45:52 UTC] ../panel.db
[08-May-2026 22:45:52 UTC] ../panel.db
[08-May-2026 22:45:52 UTC] ../panel.db
[08-May-2026 22:45:52 UTC] 3
[08-May-2026 22:45:52 UTC] 3
[08-May-2026 22:45:52 UTC] 3
[08-May-2026 22:45:52 UTC] ../panel.db
[08-May-2026 22:45:52 UTC] 3
[08-May-2026 22:45:52 UTC] ../panel.db
[08-May-2026 22:45:52 UTC] 3
[08-May-2026 22:45:52 UTC] ../panel.db
[08-May-2026 22:45:52 UTC] 3
[08-May-2026 22:45:53 UTC] ../panel.db
[08-May-2026 22:45:53 UTC] 3
[08-May-2026 22:45:56 UTC] ../panel.db
[08-May-2026 22:45:56 UTC] 3
[08-May-2026 22:45:56 UTC] ../panel.db
[08-May-2026 22:45:56 UTC] ../panel.db
[08-May-2026 22:45:56 UTC] ../panel.db
[08-May-2026 22:45:56 UTC] ../panel.db
[08-May-2026 22:45:56 UTC] 3
[08-May-2026 22:45:56 UTC] 3
[08-May-2026 22:45:56 UTC] 3
[08-May-2026 22:45:56 UTC] 3
[08-May-2026 22:45:56 UTC] ../panel.db
[08-May-2026 22:45:56 UTC] 3
[08-May-2026 22:45:56 UTC] ../panel.db
[08-May-2026 22:45:56 UTC] 3
[08-May-2026 22:47:34 UTC] ../panel.db
[08-May-2026 22:47:34 UTC] 3
[08-May-2026 22:47:35 UTC] ../panel.db
[08-May-2026 22:47:35 UTC] ../panel.db
[08-May-2026 22:47:35 UTC] ../panel.db
[08-May-2026 22:47:35 UTC] 3
[08-May-2026 22:47:35 UTC] ../panel.db
[08-May-2026 22:47:35 UTC] 3
[08-May-2026 22:47:35 UTC] 3
[08-May-2026 22:47:35 UTC] 3
[08-May-2026 22:47:35 UTC] ../panel.db
[08-May-2026 22:47:35 UTC] 3
[08-May-2026 22:47:35 UTC] ../panel.db
[08-May-2026 22:47:35 UTC] 3
[08-May-2026 22:48:03 UTC] ../panel.db
[08-May-2026 22:48:03 UTC] 3
[08-May-2026 22:48:03 UTC] ../panel.db
[08-May-2026 22:48:03 UTC] 3
[08-May-2026 22:48:03 UTC] ../panel.db
[08-May-2026 22:48:03 UTC] ../panel.db
[08-May-2026 22:48:03 UTC] ../panel.db
[08-May-2026 22:48:03 UTC] 3
[08-May-2026 22:48:03 UTC] 3
[08-May-2026 22:48:03 UTC] 3
[08-May-2026 22:48:03 UTC] ../panel.db
[08-May-2026 22:48:03 UTC] 3
[08-May-2026 22:48:03 UTC] ../panel.db
[08-May-2026 22:48:03 UTC] 3
[08-May-2026 22:48:12 UTC] ../panel.db
[08-May-2026 22:48:12 UTC] 3
[08-May-2026 22:48:12 UTC] ../panel.db
[08-May-2026 22:48:12 UTC] ../panel.db
[08-May-2026 22:48:12 UTC] ../panel.db
[08-May-2026 22:48:12 UTC] ../panel.db
[08-May-2026 22:48:12 UTC] 3
[08-May-2026 22:48:12 UTC] 3
[08-May-2026 22:48:12 UTC] 3
[08-May-2026 22:48:12 UTC] 3
[08-May-2026 22:48:12 UTC] ../panel.db
[08-May-2026 22:48:12 UTC] 3
[08-May-2026 22:48:12 UTC] ../panel.db
[08-May-2026 22:48:12 UTC] 3
[08-May-2026 22:48:35 UTC] ../panel.db
[08-May-2026 22:48:35 UTC] 3
[08-May-2026 22:48:36 UTC] ../panel.db
[08-May-2026 22:48:36 UTC] ../panel.db
[08-May-2026 22:48:36 UTC] ../panel.db
[08-May-2026 22:48:36 UTC] 3
[08-May-2026 22:48:36 UTC] ../panel.db
[08-May-2026 22:48:36 UTC] 3
[08-May-2026 22:48:36 UTC] 3
[08-May-2026 22:48:36 UTC] 3
[08-May-2026 22:48:37 UTC] ../panel.db
[08-May-2026 22:48:37 UTC] 3
[08-May-2026 22:48:37 UTC] ../panel.db
[08-May-2026 22:48:37 UTC] 3
[08-May-2026 22:48:38 UTC] ../panel.db
[08-May-2026 22:48:38 UTC] 3
[08-May-2026 22:48:41 UTC] ../panel.db
[08-May-2026 22:48:41 UTC] ../panel.db
[08-May-2026 22:48:41 UTC] ../panel.db
[08-May-2026 22:48:41 UTC] ../panel.db
[08-May-2026 22:48:41 UTC] 3
[08-May-2026 22:48:41 UTC] 3
[08-May-2026 22:48:41 UTC] 3
[08-May-2026 22:48:41 UTC] 3
[08-May-2026 22:48:42 UTC] ../panel.db
[08-May-2026 22:48:42 UTC] 3
[08-May-2026 22:48:42 UTC] ../panel.db
[08-May-2026 22:48:42 UTC] 3
[08-May-2026 22:51:51 UTC] ../panel.db
[08-May-2026 22:51:51 UTC] 3
[08-May-2026 22:51:51 UTC] ../panel.db
[08-May-2026 22:51:51 UTC] ../panel.db
[08-May-2026 22:51:51 UTC] ../panel.db
[08-May-2026 22:51:51 UTC] 3
[08-May-2026 22:51:51 UTC] 3
[08-May-2026 22:51:51 UTC] ../panel.db
[08-May-2026 22:51:51 UTC] 3
[08-May-2026 22:51:51 UTC] 3
[08-May-2026 22:51:51 UTC] ../panel.db
[08-May-2026 22:51:52 UTC] 3
[08-May-2026 22:51:52 UTC] ../panel.db
[08-May-2026 22:51:52 UTC] 3
[08-May-2026 22:51:52 UTC] ../panel.db
[08-May-2026 22:51:52 UTC] 3
[08-May-2026 22:51:52 UTC] ../panel.db
[08-May-2026 22:51:52 UTC] ../panel.db
[08-May-2026 22:51:52 UTC] ../panel.db
[08-May-2026 22:51:52 UTC] ../panel.db
[08-May-2026 22:51:52 UTC] 3
[08-May-2026 22:51:52 UTC] 3
[08-May-2026 22:51:52 UTC] 3
[08-May-2026 22:51:52 UTC] 3
[08-May-2026 22:51:52 UTC] ../panel.db
[08-May-2026 22:51:52 UTC] 3
[08-May-2026 22:51:52 UTC] ../panel.db
[08-May-2026 22:51:52 UTC] 3
[08-May-2026 22:52:59 UTC] ../panel.db
[08-May-2026 22:52:59 UTC] 3
[08-May-2026 22:52:59 UTC] ../panel.db
[08-May-2026 22:52:59 UTC] ../panel.db
[08-May-2026 22:52:59 UTC] ../panel.db
[08-May-2026 22:52:59 UTC] ../panel.db
[08-May-2026 22:52:59 UTC] 3
[08-May-2026 22:52:59 UTC] 3
[08-May-2026 22:52:59 UTC] 3
[08-May-2026 22:52:59 UTC] 3
[08-May-2026 22:52:59 UTC] ../panel.db
[08-May-2026 22:52:59 UTC] 3
[08-May-2026 22:52:59 UTC] ../panel.db
[08-May-2026 22:52:59 UTC] 3
[08-May-2026 22:53:02 UTC] ../panel.db
[08-May-2026 22:53:02 UTC] 3
[08-May-2026 22:53:02 UTC] ../panel.db
[08-May-2026 22:53:02 UTC] ../panel.db
[08-May-2026 22:53:02 UTC] ../panel.db
[08-May-2026 22:53:02 UTC] ../panel.db
[08-May-2026 22:53:02 UTC] 3
[08-May-2026 22:53:02 UTC] 3
[08-May-2026 22:53:02 UTC] 3
[08-May-2026 22:53:02 UTC] 3
[08-May-2026 22:53:02 UTC] ../panel.db
[08-May-2026 22:53:02 UTC] 3
[08-May-2026 22:53:02 UTC] ../panel.db
[08-May-2026 22:53:02 UTC] 3
[08-May-2026 22:53:27 UTC] ../panel.db
[08-May-2026 22:53:27 UTC] 3
[08-May-2026 22:53:27 UTC] ../panel.db
[08-May-2026 22:53:27 UTC] ../panel.db
[08-May-2026 22:53:27 UTC] ../panel.db
[08-May-2026 22:53:27 UTC] ../panel.db
[08-May-2026 22:53:27 UTC] 3
[08-May-2026 22:53:27 UTC] 3
[08-May-2026 22:53:27 UTC] 3
[08-May-2026 22:53:27 UTC] 3
[08-May-2026 22:53:28 UTC] ../panel.db
[08-May-2026 22:53:28 UTC] 3
[08-May-2026 22:53:28 UTC] ../panel.db
[08-May-2026 22:53:28 UTC] 3
[08-May-2026 22:53:29 UTC] ../panel.db
[08-May-2026 22:53:29 UTC] 3
[08-May-2026 22:53:29 UTC] ../panel.db
[08-May-2026 22:53:29 UTC] ../panel.db
[08-May-2026 22:53:29 UTC] ../panel.db
[08-May-2026 22:53:29 UTC] ../panel.db
[08-May-2026 22:53:29 UTC] 3
[08-May-2026 22:53:29 UTC] 3
[08-May-2026 22:53:29 UTC] 3
[08-May-2026 22:53:29 UTC] 3
[08-May-2026 22:53:29 UTC] ../panel.db
[08-May-2026 22:53:29 UTC] 3
[08-May-2026 22:53:29 UTC] ../panel.db
[08-May-2026 22:53:29 UTC] 3
[08-May-2026 22:53:49 UTC] ../panel.db
[08-May-2026 22:53:49 UTC] 3
[08-May-2026 22:53:49 UTC] ../panel.db
[08-May-2026 22:53:49 UTC] ../panel.db
[08-May-2026 22:53:49 UTC] ../panel.db
[08-May-2026 22:53:49 UTC] ../panel.db
[08-May-2026 22:53:49 UTC] 3
[08-May-2026 22:53:49 UTC] 3
[08-May-2026 22:53:49 UTC] 3
[08-May-2026 22:53:49 UTC] 3
[08-May-2026 22:53:49 UTC] ../panel.db
[08-May-2026 22:53:49 UTC] 3
[08-May-2026 22:53:49 UTC] ../panel.db
[08-May-2026 22:53:49 UTC] 3
[08-May-2026 22:53:50 UTC] ../panel.db
[08-May-2026 22:53:50 UTC] 3
[08-May-2026 22:53:50 UTC] ../panel.db
[08-May-2026 22:53:50 UTC] ../panel.db
[08-May-2026 22:53:50 UTC] ../panel.db
[08-May-2026 22:53:50 UTC] ../panel.db
[08-May-2026 22:53:50 UTC] 3
[08-May-2026 22:53:50 UTC] 3
[08-May-2026 22:53:50 UTC] 3
[08-May-2026 22:53:50 UTC] 3
[08-May-2026 22:53:51 UTC] ../panel.db
[08-May-2026 22:53:51 UTC] 3
[08-May-2026 22:53:51 UTC] ../panel.db
[08-May-2026 22:53:51 UTC] 3
[08-May-2026 22:54:31 UTC] ../panel.db
[08-May-2026 22:54:31 UTC] 3
[08-May-2026 22:54:31 UTC] ../panel.db
[08-May-2026 22:54:31 UTC] ../panel.db
[08-May-2026 22:54:31 UTC] ../panel.db
[08-May-2026 22:54:31 UTC] 3
[08-May-2026 22:54:31 UTC] 3
[08-May-2026 22:54:31 UTC] 3
[08-May-2026 22:54:31 UTC] ../panel.db
[08-May-2026 22:54:31 UTC] 3
[08-May-2026 22:54:31 UTC] ../panel.db
[08-May-2026 22:54:31 UTC] 3
[08-May-2026 22:54:45 UTC] ../panel.db
[08-May-2026 22:54:45 UTC] 3
[08-May-2026 22:54:57 UTC] ../panel.db
[08-May-2026 22:54:57 UTC] 3
[08-May-2026 22:54:57 UTC] ../panel.db
[08-May-2026 22:54:57 UTC] ../panel.db
[08-May-2026 22:54:57 UTC] ../panel.db
[08-May-2026 22:54:57 UTC] 3
[08-May-2026 22:54:57 UTC] 3
[08-May-2026 22:54:57 UTC] 3
[08-May-2026 22:54:57 UTC] ../panel.db
[08-May-2026 22:54:57 UTC] 3
[08-May-2026 22:54:57 UTC] ../panel.db
[08-May-2026 22:54:57 UTC] 3
[08-May-2026 22:55:00 UTC] ../panel.db
[08-May-2026 22:55:00 UTC] 3
[08-May-2026 22:55:13 UTC] ../panel.db
[08-May-2026 22:55:13 UTC] 3
[08-May-2026 22:55:13 UTC] ../panel.db
[08-May-2026 22:55:13 UTC] ../panel.db
[08-May-2026 22:55:13 UTC] ../panel.db
[08-May-2026 22:55:13 UTC] 3
[08-May-2026 22:55:13 UTC] 3
[08-May-2026 22:55:13 UTC] 3
[08-May-2026 22:55:13 UTC] ../panel.db
[08-May-2026 22:55:13 UTC] 3
[08-May-2026 22:55:14 UTC] ../panel.db
[08-May-2026 22:55:14 UTC] 3
[08-May-2026 22:55:14 UTC] ../panel.db
[08-May-2026 22:55:14 UTC] 3
[08-May-2026 22:55:19 UTC] ../panel.db
[08-May-2026 22:55:19 UTC] 3
[08-May-2026 22:55:24 UTC] ../panel.db
[08-May-2026 22:55:24 UTC] 3
[08-May-2026 22:55:24 UTC] ../panel.db
[08-May-2026 22:55:24 UTC] ../panel.db
[08-May-2026 22:55:24 UTC] ../panel.db
[08-May-2026 22:55:24 UTC] ../panel.db
[08-May-2026 22:55:24 UTC] 3
[08-May-2026 22:55:24 UTC] 3
[08-May-2026 22:55:24 UTC] 3
[08-May-2026 22:55:24 UTC] 3
[08-May-2026 22:55:24 UTC] ../panel.db
[08-May-2026 22:55:24 UTC] 3
[08-May-2026 22:55:24 UTC] ../panel.db
[08-May-2026 22:55:24 UTC] 3
[08-May-2026 22:56:29 UTC] ../panel.db
[08-May-2026 22:56:29 UTC] 3
[08-May-2026 22:56:29 UTC] ../panel.db
[08-May-2026 22:56:29 UTC] ../panel.db
[08-May-2026 22:56:29 UTC] ../panel.db
[08-May-2026 22:56:29 UTC] ../panel.db
[08-May-2026 22:56:29 UTC] 3
[08-May-2026 22:56:29 UTC] 3
[08-May-2026 22:56:29 UTC] 3
[08-May-2026 22:56:29 UTC] 3
[08-May-2026 22:56:30 UTC] ../panel.db
[08-May-2026 22:56:30 UTC] 3
[08-May-2026 22:56:30 UTC] ../panel.db
[08-May-2026 22:56:30 UTC] 3
[08-May-2026 22:56:55 UTC] ../panel.db
[08-May-2026 22:56:55 UTC] 3
[08-May-2026 22:56:55 UTC] ../panel.db
[08-May-2026 22:56:55 UTC] ../panel.db
[08-May-2026 22:56:55 UTC] ../panel.db
[08-May-2026 22:56:55 UTC] 3
[08-May-2026 22:56:55 UTC] ../panel.db
[08-May-2026 22:56:55 UTC] 3
[08-May-2026 22:56:55 UTC] 3
[08-May-2026 22:56:55 UTC] 3
[08-May-2026 22:56:55 UTC] ../panel.db
[08-May-2026 22:56:55 UTC] 3
[08-May-2026 22:56:55 UTC] ../panel.db
[08-May-2026 22:56:55 UTC] 3
[08-May-2026 22:56:57 UTC] ../panel.db
[08-May-2026 22:56:57 UTC] 3
[08-May-2026 22:56:57 UTC] ../panel.db
[08-May-2026 22:56:57 UTC] ../panel.db
[08-May-2026 22:56:57 UTC] ../panel.db
[08-May-2026 22:56:57 UTC] ../panel.db
[08-May-2026 22:56:57 UTC] 3
[08-May-2026 22:56:57 UTC] 3
[08-May-2026 22:56:57 UTC] 3
[08-May-2026 22:56:57 UTC] 3
[08-May-2026 22:56:57 UTC] ../panel.db
[08-May-2026 22:56:57 UTC] 3
[08-May-2026 22:56:57 UTC] ../panel.db
[08-May-2026 22:56:57 UTC] 3
[08-May-2026 22:57:17 UTC] ../panel.db
[08-May-2026 22:57:17 UTC] 3
[08-May-2026 22:57:17 UTC] ../panel.db
[08-May-2026 22:57:17 UTC] ../panel.db
[08-May-2026 22:57:17 UTC] ../panel.db
[08-May-2026 22:57:17 UTC] 3
[08-May-2026 22:57:17 UTC] 3
[08-May-2026 22:57:17 UTC] 3
[08-May-2026 22:57:17 UTC] ../panel.db
[08-May-2026 22:57:17 UTC] 3
[08-May-2026 22:57:17 UTC] ../panel.db
[08-May-2026 22:57:17 UTC] 3
[08-May-2026 22:58:21 UTC] ../panel.db
[08-May-2026 22:58:21 UTC] 3
[08-May-2026 22:58:30 UTC] ../panel.db
[08-May-2026 22:58:30 UTC] 3
[08-May-2026 22:58:30 UTC] ../panel.db
[08-May-2026 22:58:30 UTC] ../panel.db
[08-May-2026 22:58:30 UTC] ../panel.db
[08-May-2026 22:58:30 UTC] ../panel.db
[08-May-2026 22:58:30 UTC] 3
[08-May-2026 22:58:30 UTC] 3
[08-May-2026 22:58:30 UTC] 3
[08-May-2026 22:58:30 UTC] 3
[08-May-2026 22:58:30 UTC] ../panel.db
[08-May-2026 22:58:30 UTC] 3
[08-May-2026 22:58:30 UTC] ../panel.db
[08-May-2026 22:58:30 UTC] 3
[08-May-2026 22:58:31 UTC] ../panel.db
[08-May-2026 22:58:31 UTC] 3
[08-May-2026 22:58:31 UTC] ../panel.db
[08-May-2026 22:58:31 UTC] ../panel.db
[08-May-2026 22:58:31 UTC] ../panel.db
[08-May-2026 22:58:31 UTC] ../panel.db
[08-May-2026 22:58:31 UTC] 3
[08-May-2026 22:58:31 UTC] 3
[08-May-2026 22:58:31 UTC] 3
[08-May-2026 22:58:31 UTC] 3
[08-May-2026 22:58:32 UTC] ../panel.db
[08-May-2026 22:58:32 UTC] 3
[08-May-2026 22:58:32 UTC] ../panel.db
[08-May-2026 22:58:32 UTC] 3
[08-May-2026 23:00:00 UTC] ../panel.db
[08-May-2026 23:00:00 UTC] 3
[08-May-2026 23:00:00 UTC] ../panel.db
[08-May-2026 23:00:00 UTC] ../panel.db
[08-May-2026 23:00:00 UTC] ../panel.db
[08-May-2026 23:00:00 UTC] ../panel.db
[08-May-2026 23:00:00 UTC] 3
[08-May-2026 23:00:00 UTC] 3
[08-May-2026 23:00:00 UTC] 3
[08-May-2026 23:00:00 UTC] 3
[08-May-2026 23:00:01 UTC] ../panel.db
[08-May-2026 23:00:01 UTC] 3
[08-May-2026 23:00:01 UTC] ../panel.db
[08-May-2026 23:00:01 UTC] 3
[08-May-2026 23:00:04 UTC] ../panel.db
[08-May-2026 23:00:04 UTC] 3
[08-May-2026 23:00:04 UTC] ../panel.db
[08-May-2026 23:00:04 UTC] ../panel.db
[08-May-2026 23:00:04 UTC] ../panel.db
[08-May-2026 23:00:04 UTC] ../panel.db
[08-May-2026 23:00:04 UTC] 3
[08-May-2026 23:00:04 UTC] 3
[08-May-2026 23:00:04 UTC] 3
[08-May-2026 23:00:04 UTC] 3
[08-May-2026 23:00:05 UTC] ../panel.db
[08-May-2026 23:00:05 UTC] 3
[08-May-2026 23:00:05 UTC] ../panel.db
[08-May-2026 23:00:05 UTC] 3
[08-May-2026 23:00:36 UTC] ../panel.db
[08-May-2026 23:00:36 UTC] 3
[08-May-2026 23:00:36 UTC] ../panel.db
[08-May-2026 23:00:36 UTC] ../panel.db
[08-May-2026 23:00:36 UTC] ../panel.db
[08-May-2026 23:00:36 UTC] ../panel.db
[08-May-2026 23:00:36 UTC] 3
[08-May-2026 23:00:36 UTC] 3
[08-May-2026 23:00:36 UTC] 3
[08-May-2026 23:00:36 UTC] 3
[08-May-2026 23:00:36 UTC] ../panel.db
[08-May-2026 23:00:36 UTC] 3
[08-May-2026 23:00:36 UTC] ../panel.db
[08-May-2026 23:00:36 UTC] 3
[08-May-2026 23:00:38 UTC] ../panel.db
[08-May-2026 23:00:38 UTC] 3
[08-May-2026 23:00:38 UTC] ../panel.db
[08-May-2026 23:00:38 UTC] ../panel.db
[08-May-2026 23:00:38 UTC] ../panel.db
[08-May-2026 23:00:38 UTC] ../panel.db
[08-May-2026 23:00:38 UTC] 3
[08-May-2026 23:00:38 UTC] 3
[08-May-2026 23:00:38 UTC] 3
[08-May-2026 23:00:38 UTC] 3
[08-May-2026 23:00:38 UTC] ../panel.db
[08-May-2026 23:00:38 UTC] 3
[08-May-2026 23:00:38 UTC] ../panel.db
[08-May-2026 23:00:38 UTC] 3
[08-May-2026 23:00:57 UTC] ../panel.db
[08-May-2026 23:00:57 UTC] 3
[08-May-2026 23:00:57 UTC] ../panel.db
[08-May-2026 23:00:57 UTC] ../panel.db
[08-May-2026 23:00:57 UTC] ../panel.db
[08-May-2026 23:00:57 UTC] ../panel.db
[08-May-2026 23:00:57 UTC] 3
[08-May-2026 23:00:57 UTC] 3
[08-May-2026 23:00:57 UTC] 3
[08-May-2026 23:00:57 UTC] 3
[08-May-2026 23:00:58 UTC] ../panel.db
[08-May-2026 23:00:58 UTC] 3
[08-May-2026 23:00:58 UTC] ../panel.db
[08-May-2026 23:00:58 UTC] 3
[08-May-2026 23:01:26 UTC] ../panel.db
[08-May-2026 23:01:26 UTC] 3
[08-May-2026 23:01:26 UTC] ../panel.db
[08-May-2026 23:01:26 UTC] ../panel.db
[08-May-2026 23:01:26 UTC] ../panel.db
[08-May-2026 23:01:26 UTC] ../panel.db
[08-May-2026 23:01:26 UTC] 3
[08-May-2026 23:01:26 UTC] 3
[08-May-2026 23:01:26 UTC] 3
[08-May-2026 23:01:26 UTC] 3
[08-May-2026 23:01:26 UTC] ../panel.db
[08-May-2026 23:01:26 UTC] 3
[08-May-2026 23:01:26 UTC] ../panel.db
[08-May-2026 23:01:26 UTC] 3
[08-May-2026 23:01:49 UTC] ../panel.db
[08-May-2026 23:01:49 UTC] 3
[08-May-2026 23:01:49 UTC] ../panel.db
[08-May-2026 23:01:49 UTC] ../panel.db
[08-May-2026 23:01:49 UTC] ../panel.db
[08-May-2026 23:01:49 UTC] ../panel.db
[08-May-2026 23:01:49 UTC] 3
[08-May-2026 23:01:49 UTC] 3
[08-May-2026 23:01:49 UTC] 3
[08-May-2026 23:01:49 UTC] 3
[08-May-2026 23:01:49 UTC] ../panel.db
[08-May-2026 23:01:49 UTC] 3
[08-May-2026 23:01:49 UTC] ../panel.db
[08-May-2026 23:01:49 UTC] 3
[08-May-2026 23:01:51 UTC] ../panel.db
[08-May-2026 23:01:51 UTC] 3
[08-May-2026 23:01:51 UTC] ../panel.db
[08-May-2026 23:01:51 UTC] ../panel.db
[08-May-2026 23:01:51 UTC] ../panel.db
[08-May-2026 23:01:51 UTC] ../panel.db
[08-May-2026 23:01:51 UTC] 3
[08-May-2026 23:01:51 UTC] 3
[08-May-2026 23:01:51 UTC] 3
[08-May-2026 23:01:51 UTC] 3
[08-May-2026 23:01:51 UTC] ../panel.db
[08-May-2026 23:01:51 UTC] 3
[08-May-2026 23:01:51 UTC] ../panel.db
[08-May-2026 23:01:51 UTC] 3
[08-May-2026 23:02:40 UTC] ../panel.db
[08-May-2026 23:02:40 UTC] 3
[08-May-2026 23:02:40 UTC] ../panel.db
[08-May-2026 23:02:40 UTC] ../panel.db
[08-May-2026 23:02:40 UTC] ../panel.db
[08-May-2026 23:02:40 UTC] ../panel.db
[08-May-2026 23:02:40 UTC] 3
[08-May-2026 23:02:40 UTC] 3
[08-May-2026 23:02:40 UTC] 3
[08-May-2026 23:02:40 UTC] 3
[08-May-2026 23:02:40 UTC] ../panel.db
[08-May-2026 23:02:40 UTC] 3
[08-May-2026 23:02:40 UTC] ../panel.db
[08-May-2026 23:02:40 UTC] 3
[08-May-2026 23:03:05 UTC] ../panel.db
[08-May-2026 23:03:05 UTC] 3
[08-May-2026 23:03:06 UTC] ../panel.db
[08-May-2026 23:03:06 UTC] 3
[08-May-2026 23:03:06 UTC] ../panel.db
[08-May-2026 23:03:06 UTC] 3
[08-May-2026 23:03:06 UTC] ../panel.db
[08-May-2026 23:03:06 UTC] 3
[08-May-2026 23:03:06 UTC] ../panel.db
[08-May-2026 23:03:06 UTC] ../panel.db
[08-May-2026 23:03:06 UTC] ../panel.db
[08-May-2026 23:03:06 UTC] 3
[08-May-2026 23:03:06 UTC] 3
[08-May-2026 23:03:06 UTC] 3
[08-May-2026 23:03:06 UTC] {"serverId":"4c09c109-1764-445c-beda-bafce5c08b83","userUuid":"1","token":"7dcd5010-b674-417d-b121-113eb9200a9a"}
[08-May-2026 23:03:06 UTC] {"serverId":"4c09c109-1764-445c-beda-bafce5c08b83","userUuid":"1","token":"7dcd5010-b674-417d-b121-113eb9200a9a"}
[08-May-2026 23:03:06 UTC] {"serverId":"6d51f2c4-a03d-4373-a278-4932147e3c5a","userUuid":"1","token":"7dcd5010-b674-417d-b121-113eb9200a9a"}
[08-May-2026 23:03:06 UTC] {"serverId":"6d51f2c4-a03d-4373-a278-4932147e3c5a","userUuid":"1","token":"7dcd5010-b674-417d-b121-113eb9200a9a"}
[08-May-2026 23:03:06 UTC] {"serverId":"06ac013c-1f14-4f03-8c5a-bd97d0d0499f","userUuid":"1","token":"7dcd5010-b674-417d-b121-113eb9200a9a"}
[08-May-2026 23:03:06 UTC] {"serverId":"06ac013c-1f14-4f03-8c5a-bd97d0d0499f","userUuid":"1","token":"7dcd5010-b674-417d-b121-113eb9200a9a"}
[08-May-2026 23:03:10 UTC] ../panel.db
[08-May-2026 23:03:10 UTC] 3
[08-May-2026 23:03:11 UTC] ../panel.db
[08-May-2026 23:03:11 UTC] 3
[08-May-2026 23:03:11 UTC] ../panel.db
[08-May-2026 23:03:11 UTC] 3
[08-May-2026 23:03:11 UTC] {"serverId":"6d51f2c4-a03d-4373-a278-4932147e3c5a","userUuid":"1","action":"start","memory":0,"cpu":0,"disk":0,"image":"ghcr.io\/ptero-eggs\/yolks:nodejs_25","additionalAllocation":[{"id":4,"ip":"0.0.0.0","port":25567,"externalIp":"localhost"}],"environment":{"STARTUP_MODE":"npm","NPM_SCRIPT":"start","MAIN_FILE":"src\/index.ts","GIT_ADDRESS":"","GIT_BRANCH":"main","EXTRA_PACKAGES":"","NODE_ARGS":""},"primaryAllocation":{"ip":"0.0.0.0","port":25565,"externalIp":"localhost"},"core":{"id":2,"name":"Node.js Universal","startupCommand":"echo \"[Debug] STARTUP_MODE: '{{STARTUP_MODE}}'\"; if [ -n \"{{GIT_ADDRESS}}\" ]; then if [ -d .git ]; then git pull; else git clone --single-branch --branch {{GIT_BRANCH} {{GIT_ADDRESS}} .; fi; fi; if [ -f package.json ]; then if [ -f yarn.lock ]; then yarn install; else npm install --production; fi; fi; if [ -n \"{{EXTRA_PACKAGES}}\" ]; then if [ ! -f package.json ]; then npm init -y; fi; npm install {{EXTRA_PACKAGES}}; fi; if [ \"{{STARTUP_MODE}}\" = \"npm\" ]; then npm run {{NPM_SCRIPT}}; else node {{NODE_ARGS}} {{MAIN_FILE}}; fi","stopCommand":"^C","startupParser":[],"configSystem":[],"installScript":"#!\/bin\/ash\napk add --no-cache curl jq git\n\nC_LBLUE='\\033[1;34m'\nC_BLUE='\\033[0;34m'\nC_GREEN='\\033[0;32m'\nC_PINK='\\033[38;5;211m'\nC_NC='\\033[0m'\n\necho -e \"${C_BLUE}------------------------------------------------------------${C_NC}\"\necho -e \"${C_LBLUE}[Orchestrator]${C_NC} Preparando ambiente inicial...\"\necho -e \"${C_BLUE}------------------------------------------------------------${C_NC}\"\n\ncd \/mnt\/server\n\necho -e \"${C_GREEN}[Sucesso]${C_NC} Ambiente pronto!\"","installImage":"alpine","installEntrypoint":"ash","rootAcess":null,"maintainable":null},"token":"7dcd5010-b674-417d-b121-113eb9200a9a"}
[08-May-2026 23:03:11 UTC] [sendAction Otimizado] PHP Payload: 1.04ms | cURL Node.js: 22.45ms | Total: 23.49ms
[08-May-2026 23:03:20 UTC] ../panel.db
[08-May-2026 23:03:20 UTC] 3
[08-May-2026 23:03:28 UTC] ../panel.db
[08-May-2026 23:03:28 UTC] 3
[08-May-2026 23:03:30 UTC] ../panel.db
[08-May-2026 23:03:30 UTC] 3
[08-May-2026 23:03:32 UTC] ../panel.db
[08-May-2026 23:03:32 UTC] 3
[08-May-2026 23:03:35 UTC] ../panel.db
[08-May-2026 23:03:35 UTC] 3
[08-May-2026 23:03:35 UTC] {"serverId":"6d51f2c4-a03d-4373-a278-4932147e3c5a","userUuid":"1","action":"kill","token":"7dcd5010-b674-417d-b121-113eb9200a9a"}
[08-May-2026 23:03:35 UTC] [sendAction Otimizado] PHP Payload: 0.07ms | cURL Node.js: 13.35ms | Total: 13.42ms
[08-May-2026 23:03:38 UTC] ../panel.db
[08-May-2026 23:03:38 UTC] 3
[08-May-2026 23:03:39 UTC] ../panel.db
[08-May-2026 23:03:39 UTC] 3
[08-May-2026 23:03:39 UTC] ../panel.db
[08-May-2026 23:03:39 UTC] ../panel.db
[08-May-2026 23:03:39 UTC] ../panel.db
[08-May-2026 23:03:39 UTC] 3
[08-May-2026 23:03:39 UTC] 3
[08-May-2026 23:03:39 UTC] {"serverId":"06ac013c-1f14-4f03-8c5a-bd97d0d0499f","userUuid":"1","token":"7dcd5010-b674-417d-b121-113eb9200a9a"}
[08-May-2026 23:03:39 UTC] {"serverId":"06ac013c-1f14-4f03-8c5a-bd97d0d0499f","userUuid":"1","token":"7dcd5010-b674-417d-b121-113eb9200a9a"}
[08-May-2026 23:03:39 UTC] 3
[08-May-2026 23:03:39 UTC] {"serverId":"6d51f2c4-a03d-4373-a278-4932147e3c5a","userUuid":"1","token":"7dcd5010-b674-417d-b121-113eb9200a9a"}
[08-May-2026 23:03:39 UTC] {"serverId":"6d51f2c4-a03d-4373-a278-4932147e3c5a","userUuid":"1","token":"7dcd5010-b674-417d-b121-113eb9200a9a"}
[08-May-2026 23:03:39 UTC] {"serverId":"4c09c109-1764-445c-beda-bafce5c08b83","userUuid":"1","token":"7dcd5010-b674-417d-b121-113eb9200a9a"}
[08-May-2026 23:03:39 UTC] {"serverId":"4c09c109-1764-445c-beda-bafce5c08b83","userUuid":"1","token":"7dcd5010-b674-417d-b121-113eb9200a9a"}
[08-May-2026 23:04:08 UTC] ../panel.db
[08-May-2026 23:04:08 UTC] 3
[08-May-2026 23:04:21 UTC] ../panel.db
[08-May-2026 23:04:21 UTC] 3
[08-May-2026 23:04:21 UTC] ../panel.db
[08-May-2026 23:04:21 UTC] ../panel.db
[08-May-2026 23:04:21 UTC] ../panel.db
[08-May-2026 23:04:21 UTC] ../panel.db
[08-May-2026 23:04:21 UTC] 3
[08-May-2026 23:04:21 UTC] 3
[08-May-2026 23:04:21 UTC] 3
[08-May-2026 23:04:21 UTC] 3
[08-May-2026 23:04:21 UTC] ../panel.db
[08-May-2026 23:04:21 UTC] 3
[08-May-2026 23:04:21 UTC] ../panel.db
[08-May-2026 23:04:21 UTC] 3
[08-May-2026 23:04:22 UTC] ../panel.db
[08-May-2026 23:04:22 UTC] 3
[08-May-2026 23:04:22 UTC] ../panel.db
[08-May-2026 23:04:22 UTC] ../panel.db
[08-May-2026 23:04:22 UTC] ../panel.db
[08-May-2026 23:04:22 UTC] 3
[08-May-2026 23:04:22 UTC] 3
[08-May-2026 23:04:22 UTC] 3
[08-May-2026 23:04:22 UTC] {"serverId":"4c09c109-1764-445c-beda-bafce5c08b83","userUuid":"1","token":"7dcd5010-b674-417d-b121-113eb9200a9a"}
[08-May-2026 23:04:22 UTC] {"serverId":"4c09c109-1764-445c-beda-bafce5c08b83","userUuid":"1","token":"7dcd5010-b674-417d-b121-113eb9200a9a"}
[08-May-2026 23:04:22 UTC] {"serverId":"06ac013c-1f14-4f03-8c5a-bd97d0d0499f","userUuid":"1","token":"7dcd5010-b674-417d-b121-113eb9200a9a"}
[08-May-2026 23:04:22 UTC] {"serverId":"06ac013c-1f14-4f03-8c5a-bd97d0d0499f","userUuid":"1","token":"7dcd5010-b674-417d-b121-113eb9200a9a"}
[08-May-2026 23:04:22 UTC] {"serverId":"6d51f2c4-a03d-4373-a278-4932147e3c5a","userUuid":"1","token":"7dcd5010-b674-417d-b121-113eb9200a9a"}
[08-May-2026 23:04:22 UTC] {"serverId":"6d51f2c4-a03d-4373-a278-4932147e3c5a","userUuid":"1","token":"7dcd5010-b674-417d-b121-113eb9200a9a"}
[08-May-2026 23:04:24 UTC] ../panel.db
[08-May-2026 23:04:24 UTC] 3
[08-May-2026 23:04:24 UTC] ../panel.db
[08-May-2026 23:04:24 UTC] 3
[08-May-2026 23:04:34 UTC] ../panel.db
[08-May-2026 23:04:34 UTC] 3
[08-May-2026 23:04:34 UTC] ../panel.db
[08-May-2026 23:04:34 UTC] 3
[08-May-2026 23:04:35 UTC] ../panel.db
[08-May-2026 23:04:35 UTC] 3
[08-May-2026 23:04:35 UTC] ../panel.db
[08-May-2026 23:04:35 UTC] ../panel.db
[08-May-2026 23:04:35 UTC] ../panel.db
[08-May-2026 23:04:35 UTC] 3
[08-May-2026 23:04:35 UTC] 3
[08-May-2026 23:04:35 UTC] 3
[08-May-2026 23:04:35 UTC] {"serverId":"6d51f2c4-a03d-4373-a278-4932147e3c5a","userUuid":"1","token":"7dcd5010-b674-417d-b121-113eb9200a9a"}
[08-May-2026 23:04:35 UTC] {"serverId":"6d51f2c4-a03d-4373-a278-4932147e3c5a","userUuid":"1","token":"7dcd5010-b674-417d-b121-113eb9200a9a"}
[08-May-2026 23:04:35 UTC] {"serverId":"06ac013c-1f14-4f03-8c5a-bd97d0d0499f","userUuid":"1","token":"7dcd5010-b674-417d-b121-113eb9200a9a"}
[08-May-2026 23:04:35 UTC] {"serverId":"06ac013c-1f14-4f03-8c5a-bd97d0d0499f","userUuid":"1","token":"7dcd5010-b674-417d-b121-113eb9200a9a"}
[08-May-2026 23:04:35 UTC] {"serverId":"4c09c109-1764-445c-beda-bafce5c08b83","userUuid":"1","token":"7dcd5010-b674-417d-b121-113eb9200a9a"}
[08-May-2026 23:04:35 UTC] {"serverId":"4c09c109-1764-445c-beda-bafce5c08b83","userUuid":"1","token":"7dcd5010-b674-417d-b121-113eb9200a9a"}
[08-May-2026 23:04:52 UTC] ../panel.db
[08-May-2026 23:04:52 UTC] 3
[08-May-2026 23:04:54 UTC] ../panel.db
[08-May-2026 23:04:54 UTC] 3
[08-May-2026 23:04:55 UTC] ../panel.db
[08-May-2026 23:04:55 UTC] 3
[08-May-2026 23:04:55 UTC] ../panel.db
[08-May-2026 23:04:55 UTC] ../panel.db
[08-May-2026 23:04:55 UTC] ../panel.db
[08-May-2026 23:04:55 UTC] 3
[08-May-2026 23:04:55 UTC] {"serverId":"6d51f2c4-a03d-4373-a278-4932147e3c5a","userUuid":"1","token":"7dcd5010-b674-417d-b121-113eb9200a9a"}
[08-May-2026 23:04:55 UTC] {"serverId":"6d51f2c4-a03d-4373-a278-4932147e3c5a","userUuid":"1","token":"7dcd5010-b674-417d-b121-113eb9200a9a"}
[08-May-2026 23:04:55 UTC] 3
[08-May-2026 23:04:55 UTC] 3
[08-May-2026 23:04:55 UTC] {"serverId":"06ac013c-1f14-4f03-8c5a-bd97d0d0499f","userUuid":"1","token":"7dcd5010-b674-417d-b121-113eb9200a9a"}
[08-May-2026 23:04:55 UTC] {"serverId":"06ac013c-1f14-4f03-8c5a-bd97d0d0499f","userUuid":"1","token":"7dcd5010-b674-417d-b121-113eb9200a9a"}
[08-May-2026 23:04:55 UTC] {"serverId":"4c09c109-1764-445c-beda-bafce5c08b83","userUuid":"1","token":"7dcd5010-b674-417d-b121-113eb9200a9a"}
[08-May-2026 23:04:55 UTC] {"serverId":"4c09c109-1764-445c-beda-bafce5c08b83","userUuid":"1","token":"7dcd5010-b674-417d-b121-113eb9200a9a"}
[08-May-2026 23:04:59 UTC] ../panel.db
[08-May-2026 23:04:59 UTC] 3
[08-May-2026 23:05:08 UTC] ../panel.db
[08-May-2026 23:05:08 UTC] 3
[08-May-2026 23:05:10 UTC] ../panel.db
[08-May-2026 23:05:10 UTC] 3
[08-May-2026 23:05:30 UTC] ../panel.db
[08-May-2026 23:05:30 UTC] 3
[08-May-2026 23:05:43 UTC] ../panel.db
[08-May-2026 23:05:43 UTC] 3
[08-May-2026 23:05:51 UTC] ../panel.db
[08-May-2026 23:05:51 UTC] 3
[08-May-2026 23:06:12 UTC] ../panel.db
[08-May-2026 23:06:12 UTC] 3
[08-May-2026 23:06:24 UTC] ../panel.db
[08-May-2026 23:06:24 UTC] 3
[08-May-2026 23:06:24 UTC] ../panel.db
[08-May-2026 23:06:24 UTC] ../panel.db
[08-May-2026 23:06:24 UTC] ../panel.db
[08-May-2026 23:06:24 UTC] 3
[08-May-2026 23:06:24 UTC] 3
[08-May-2026 23:06:24 UTC] 3
[08-May-2026 23:06:24 UTC] ../panel.db
[08-May-2026 23:06:24 UTC] 3
[08-May-2026 23:06:24 UTC] ../panel.db
[08-May-2026 23:06:24 UTC] 3
[08-May-2026 23:06:25 UTC] ../panel.db
[08-May-2026 23:06:25 UTC] ../panel.db
[08-May-2026 23:06:25 UTC] 3
[08-May-2026 23:06:25 UTC] 3
[08-May-2026 23:06:25 UTC] ../panel.db
[08-May-2026 23:06:25 UTC] 3
[08-May-2026 23:06:26 UTC] ../panel.db
[08-May-2026 23:06:26 UTC] 3
[08-May-2026 23:06:32 UTC] ../panel.db
[08-May-2026 23:06:32 UTC] 3
[08-May-2026 23:06:35 UTC] ../panel.db
[08-May-2026 23:06:35 UTC] ../panel.db
[08-May-2026 23:06:35 UTC] ../panel.db
[08-May-2026 23:06:35 UTC] 3
[08-May-2026 23:06:35 UTC] 3
[08-May-2026 23:06:35 UTC] 3
[08-May-2026 23:06:35 UTC] ../panel.db
[08-May-2026 23:06:35 UTC] 3
[08-May-2026 23:06:35 UTC] ../panel.db
[08-May-2026 23:06:35 UTC] 3
[08-May-2026 23:06:35 UTC] ../panel.db
[08-May-2026 23:06:35 UTC] 3
[08-May-2026 23:06:35 UTC] ../panel.db
[08-May-2026 23:06:35 UTC] 3
[08-May-2026 23:06:37 UTC] ../panel.db
[08-May-2026 23:06:37 UTC] 3
[08-May-2026 23:06:37 UTC] ../panel.db
[08-May-2026 23:06:37 UTC] ../panel.db
[08-May-2026 23:06:37 UTC] 3
[08-May-2026 23:06:37 UTC] ../panel.db
[08-May-2026 23:06:37 UTC] ../panel.db
[08-May-2026 23:06:37 UTC] 3
[08-May-2026 23:06:37 UTC] 3
[08-May-2026 23:06:37 UTC] 3
[08-May-2026 23:06:37 UTC] ../panel.db
[08-May-2026 23:06:37 UTC] 3
[08-May-2026 23:06:37 UTC] ../panel.db
[08-May-2026 23:06:37 UTC] 3
[08-May-2026 23:06:37 UTC] ../panel.db
[08-May-2026 23:06:37 UTC] 3
[08-May-2026 23:06:37 UTC] ../panel.db
[08-May-2026 23:06:37 UTC] 3
[08-May-2026 23:06:38 UTC] ../panel.db
[08-May-2026 23:06:38 UTC] ../panel.db
[08-May-2026 23:06:38 UTC] 3
[08-May-2026 23:06:38 UTC] ../panel.db
[08-May-2026 23:06:38 UTC] ../panel.db
[08-May-2026 23:06:38 UTC] 3
[08-May-2026 23:06:38 UTC] 3
[08-May-2026 23:06:38 UTC] 3
[08-May-2026 23:06:38 UTC] ../panel.db
[08-May-2026 23:06:38 UTC] 3
[08-May-2026 23:06:38 UTC] ../panel.db
[08-May-2026 23:06:38 UTC] 3
[08-May-2026 23:06:38 UTC] ../panel.db
[08-May-2026 23:06:38 UTC] 3
[08-May-2026 23:06:45 UTC] ../panel.db
[08-May-2026 23:06:45 UTC] 3
[08-May-2026 23:06:56 UTC] ../panel.db
[08-May-2026 23:06:56 UTC] 3
[08-May-2026 23:06:58 UTC] ../panel.db
[08-May-2026 23:06:58 UTC] 3
[08-May-2026 23:06:59 UTC] ../panel.db
[08-May-2026 23:06:59 UTC] 3
[08-May-2026 23:06:59 UTC] ../panel.db
[08-May-2026 23:06:59 UTC] ../panel.db
[08-May-2026 23:06:59 UTC] ../panel.db
[08-May-2026 23:06:59 UTC] 3
[08-May-2026 23:06:59 UTC] ../panel.db
[08-May-2026 23:06:59 UTC] 3
[08-May-2026 23:06:59 UTC] 3
[08-May-2026 23:06:59 UTC] 3
[08-May-2026 23:07:00 UTC] ../panel.db
[08-May-2026 23:07:00 UTC] 3
[08-May-2026 23:07:00 UTC] ../panel.db
[08-May-2026 23:07:00 UTC] 3
[08-May-2026 23:07:00 UTC] ../panel.db
[08-May-2026 23:07:00 UTC] 3
[08-May-2026 23:07:15 UTC] ../panel.db
[08-May-2026 23:07:15 UTC] 3
[08-May-2026 23:07:15 UTC] ../panel.db
[08-May-2026 23:07:15 UTC] 3
[08-May-2026 23:07:15 UTC] ../panel.db
[08-May-2026 23:07:15 UTC] ../panel.db
[08-May-2026 23:07:15 UTC] ../panel.db
[08-May-2026 23:07:15 UTC] 3
[08-May-2026 23:07:15 UTC] ../panel.db
[08-May-2026 23:07:15 UTC] 3
[08-May-2026 23:07:15 UTC] 3
[08-May-2026 23:07:15 UTC] 3
[08-May-2026 23:07:15 UTC] ../panel.db
[08-May-2026 23:07:15 UTC] 3
[08-May-2026 23:07:15 UTC] ../panel.db
[08-May-2026 23:07:15 UTC] 3
[08-May-2026 23:07:16 UTC] ../panel.db
[08-May-2026 23:07:16 UTC] 3
[08-May-2026 23:07:22 UTC] ../panel.db
[08-May-2026 23:07:22 UTC] 3
[08-May-2026 23:07:24 UTC] ../panel.db
[08-May-2026 23:07:24 UTC] 3
[08-May-2026 23:07:36 UTC] ../panel.db
[08-May-2026 23:07:36 UTC] 3
[08-May-2026 23:07:39 UTC] ../panel.db
[08-May-2026 23:07:39 UTC] 3
[08-May-2026 23:07:41 UTC] ../panel.db
[08-May-2026 23:07:41 UTC] 3
[08-May-2026 23:07:41 UTC] ../panel.db
[08-May-2026 23:07:41 UTC] ../panel.db
[08-May-2026 23:07:41 UTC] ../panel.db
[08-May-2026 23:07:41 UTC] ../panel.db
[08-May-2026 23:07:41 UTC] 3
[08-May-2026 23:07:41 UTC] 3
[08-May-2026 23:07:41 UTC] 3
[08-May-2026 23:07:41 UTC] 3
[08-May-2026 23:07:41 UTC] ../panel.db
[08-May-2026 23:07:41 UTC] 3
[08-May-2026 23:07:41 UTC] ../panel.db
[08-May-2026 23:07:41 UTC] 3
[08-May-2026 23:07:42 UTC] ../panel.db
[08-May-2026 23:07:42 UTC] 3
[08-May-2026 23:07:45 UTC] ../panel.db
[08-May-2026 23:07:45 UTC] 3
[08-May-2026 23:07:45 UTC] ../panel.db
[08-May-2026 23:07:45 UTC] ../panel.db
[08-May-2026 23:07:45 UTC] ../panel.db
[08-May-2026 23:07:45 UTC] ../panel.db
[08-May-2026 23:07:45 UTC] 3
[08-May-2026 23:07:45 UTC] 3
[08-May-2026 23:07:45 UTC] 3
[08-May-2026 23:07:45 UTC] 3
[08-May-2026 23:07:45 UTC] ../panel.db
[08-May-2026 23:07:45 UTC] 3
[08-May-2026 23:07:45 UTC] ../panel.db
[08-May-2026 23:07:45 UTC] 3
[08-May-2026 23:07:46 UTC] ../panel.db
[08-May-2026 23:07:46 UTC] 3
[08-May-2026 23:07:46 UTC] ../panel.db
[08-May-2026 23:07:46 UTC] 3
[08-May-2026 23:07:46 UTC] ../panel.db
[08-May-2026 23:07:46 UTC] ../panel.db
[08-May-2026 23:07:46 UTC] ../panel.db
[08-May-2026 23:07:46 UTC] ../panel.db
[08-May-2026 23:07:46 UTC] 3
[08-May-2026 23:07:46 UTC] 3
[08-May-2026 23:07:46 UTC] 3
[08-May-2026 23:07:46 UTC] 3
[08-May-2026 23:07:47 UTC] ../panel.db
[08-May-2026 23:07:47 UTC] 3
[08-May-2026 23:07:47 UTC] ../panel.db
[08-May-2026 23:07:47 UTC] 3
[08-May-2026 23:07:47 UTC] ../panel.db
[08-May-2026 23:07:47 UTC] 3
[08-May-2026 23:07:52 UTC] ../panel.db
[08-May-2026 23:07:52 UTC] 3
[08-May-2026 23:07:52 UTC] ../panel.db
[08-May-2026 23:07:52 UTC] 3
[08-May-2026 23:07:52 UTC] ../panel.db
[08-May-2026 23:07:52 UTC] ../panel.db
[08-May-2026 23:07:52 UTC] ../panel.db
[08-May-2026 23:07:52 UTC] ../panel.db
[08-May-2026 23:07:52 UTC] 3
[08-May-2026 23:07:52 UTC] 3
[08-May-2026 23:07:52 UTC] 3
[08-May-2026 23:07:52 UTC] 3
[08-May-2026 23:07:52 UTC] ../panel.db
[08-May-2026 23:07:52 UTC] 3
[08-May-2026 23:07:52 UTC] ../panel.db
[08-May-2026 23:07:52 UTC] 3
[08-May-2026 23:07:53 UTC] ../panel.db
[08-May-2026 23:07:53 UTC] 3
[08-May-2026 23:07:53 UTC] ../panel.db
[08-May-2026 23:07:53 UTC] 3
[08-May-2026 23:07:53 UTC] ../panel.db
[08-May-2026 23:07:53 UTC] ../panel.db
[08-May-2026 23:07:53 UTC] 3
[08-May-2026 23:07:53 UTC] ../panel.db
[08-May-2026 23:07:53 UTC] ../panel.db
[08-May-2026 23:07:53 UTC] 3
[08-May-2026 23:07:53 UTC] 3
[08-May-2026 23:07:53 UTC] 3
[08-May-2026 23:07:53 UTC] ../panel.db
[08-May-2026 23:07:53 UTC] 3
[08-May-2026 23:07:53 UTC] ../panel.db
[08-May-2026 23:07:53 UTC] 3
[08-May-2026 23:07:54 UTC] ../panel.db
[08-May-2026 23:07:54 UTC] 3
[08-May-2026 23:07:54 UTC] ../panel.db
[08-May-2026 23:07:54 UTC] 3
[08-May-2026 23:07:54 UTC] ../panel.db
[08-May-2026 23:07:54 UTC] ../panel.db
[08-May-2026 23:07:54 UTC] ../panel.db
[08-May-2026 23:07:54 UTC] ../panel.db
[08-May-2026 23:07:54 UTC] 3
[08-May-2026 23:07:54 UTC] 3
[08-May-2026 23:07:54 UTC] 3
[08-May-2026 23:07:54 UTC] 3
[08-May-2026 23:07:54 UTC] ../panel.db
[08-May-2026 23:07:54 UTC] 3
[08-May-2026 23:07:54 UTC] ../panel.db
[08-May-2026 23:07:54 UTC] 3
[08-May-2026 23:07:55 UTC] ../panel.db
[08-May-2026 23:07:55 UTC] 3
[08-May-2026 23:07:56 UTC] ../panel.db
[08-May-2026 23:07:56 UTC] 3
[08-May-2026 23:07:56 UTC] ../panel.db
[08-May-2026 23:07:56 UTC] 3
[08-May-2026 23:08:15 UTC] ../panel.db
[08-May-2026 23:08:15 UTC] 3
[08-May-2026 23:08:15 UTC] ../panel.db
[08-May-2026 23:08:15 UTC] 3
[08-May-2026 23:08:16 UTC] ../panel.db
[08-May-2026 23:08:16 UTC] 3
[08-May-2026 23:08:16 UTC] ../panel.db
[08-May-2026 23:08:16 UTC] ../panel.db
[08-May-2026 23:08:16 UTC] ../panel.db
[08-May-2026 23:08:16 UTC] ../panel.db
[08-May-2026 23:08:16 UTC] 3
[08-May-2026 23:08:16 UTC] 3
[08-May-2026 23:08:16 UTC] 3
[08-May-2026 23:08:16 UTC] 3
[08-May-2026 23:08:17 UTC] ../panel.db
[08-May-2026 23:08:17 UTC] 3
[08-May-2026 23:08:17 UTC] ../panel.db
[08-May-2026 23:08:17 UTC] 3
[08-May-2026 23:08:17 UTC] ../panel.db
[08-May-2026 23:08:17 UTC] 3
[08-May-2026 23:08:17 UTC] ../panel.db
[08-May-2026 23:08:17 UTC] 3
[08-May-2026 23:08:22 UTC] ../panel.db
[08-May-2026 23:08:22 UTC] 3
[08-May-2026 23:08:25 UTC] ../panel.db
[08-May-2026 23:08:25 UTC] 3
[08-May-2026 23:08:31 UTC] ../panel.db
[08-May-2026 23:08:31 UTC] 3
[08-May-2026 23:08:37 UTC] ../panel.db
[08-May-2026 23:08:37 UTC] 3
[08-May-2026 23:08:38 UTC] ../panel.db
[08-May-2026 23:08:38 UTC] 3
[08-May-2026 23:08:38 UTC] ../panel.db
[08-May-2026 23:08:38 UTC] ../panel.db
[08-May-2026 23:08:38 UTC] ../panel.db
[08-May-2026 23:08:38 UTC] ../panel.db
[08-May-2026 23:08:38 UTC] 3
[08-May-2026 23:08:38 UTC] 3
[08-May-2026 23:08:38 UTC] 3
[08-May-2026 23:08:38 UTC] 3
[08-May-2026 23:08:38 UTC] ../panel.db
[08-May-2026 23:08:38 UTC] 3
[08-May-2026 23:08:38 UTC] ../panel.db
[08-May-2026 23:08:38 UTC] 3
[08-May-2026 23:08:38 UTC] ../panel.db
[08-May-2026 23:08:38 UTC] ../panel.db
[08-May-2026 23:08:38 UTC] ../panel.db
[08-May-2026 23:08:38 UTC] ../panel.db
[08-May-2026 23:08:38 UTC] 3
[08-May-2026 23:08:38 UTC] 3
[08-May-2026 23:08:38 UTC] 3
[08-May-2026 23:08:38 UTC] 3
[08-May-2026 23:08:39 UTC] ../panel.db
[08-May-2026 23:08:39 UTC] 3
[08-May-2026 23:08:39 UTC] ../panel.db
[08-May-2026 23:08:39 UTC] 3
[08-May-2026 23:08:39 UTC] ../panel.db
[08-May-2026 23:08:39 UTC] 3
[08-May-2026 23:08:43 UTC] ../panel.db
[08-May-2026 23:08:43 UTC] 3
[08-May-2026 23:08:46 UTC] ../panel.db
[08-May-2026 23:08:46 UTC] 3
[08-May-2026 23:08:47 UTC] ../panel.db
[08-May-2026 23:08:47 UTC] 3
[08-May-2026 23:08:47 UTC] ../panel.db
[08-May-2026 23:08:47 UTC] ../panel.db
[08-May-2026 23:08:47 UTC] ../panel.db
[08-May-2026 23:08:47 UTC] 3
[08-May-2026 23:08:47 UTC] 3
[08-May-2026 23:08:47 UTC] 3
[08-May-2026 23:08:47 UTC] {"serverId":"06ac013c-1f14-4f03-8c5a-bd97d0d0499f","userUuid":"1","token":"7dcd5010-b674-417d-b121-113eb9200a9a"}
[08-May-2026 23:08:47 UTC] {"serverId":"06ac013c-1f14-4f03-8c5a-bd97d0d0499f","userUuid":"1","token":"7dcd5010-b674-417d-b121-113eb9200a9a"}
[08-May-2026 23:08:47 UTC] {"serverId":"6d51f2c4-a03d-4373-a278-4932147e3c5a","userUuid":"1","token":"7dcd5010-b674-417d-b121-113eb9200a9a"}
[08-May-2026 23:08:47 UTC] {"serverId":"6d51f2c4-a03d-4373-a278-4932147e3c5a","userUuid":"1","token":"7dcd5010-b674-417d-b121-113eb9200a9a"}
[08-May-2026 23:08:47 UTC] {"serverId":"4c09c109-1764-445c-beda-bafce5c08b83","userUuid":"1","token":"7dcd5010-b674-417d-b121-113eb9200a9a"}
[08-May-2026 23:08:47 UTC] {"serverId":"4c09c109-1764-445c-beda-bafce5c08b83","userUuid":"1","token":"7dcd5010-b674-417d-b121-113eb9200a9a"}
[08-May-2026 23:08:47 UTC] ../panel.db
[08-May-2026 23:08:47 UTC] 3
[08-May-2026 23:08:49 UTC] ../panel.db
[08-May-2026 23:08:49 UTC] 3
[08-May-2026 23:09:04 UTC] ../panel.db
[08-May-2026 23:09:04 UTC] 3
[08-May-2026 23:09:04 UTC] ../panel.db
[08-May-2026 23:09:04 UTC] ../panel.db
[08-May-2026 23:09:04 UTC] 3
[08-May-2026 23:09:04 UTC] 3
[08-May-2026 23:09:04 UTC] ../panel.db
[08-May-2026 23:09:04 UTC] 3
[08-May-2026 23:09:04 UTC] ../panel.db
[08-May-2026 23:09:04 UTC] 3
[08-May-2026 23:09:04 UTC] ../panel.db
[08-May-2026 23:09:04 UTC] 3
[08-May-2026 23:09:11 UTC] ../panel.db
[08-May-2026 23:09:11 UTC] ../panel.db
[08-May-2026 23:09:11 UTC] 3
[08-May-2026 23:09:11 UTC] 3
[08-May-2026 23:09:11 UTC] ../panel.db
[08-May-2026 23:09:11 UTC] 3
[08-May-2026 23:09:16 UTC] ../panel.db
[08-May-2026 23:09:16 UTC] 3
[08-May-2026 23:09:16 UTC] ../panel.db
[08-May-2026 23:09:16 UTC] 3
[08-May-2026 23:09:16 UTC] ../panel.db
[08-May-2026 23:09:16 UTC] ../panel.db
[08-May-2026 23:09:16 UTC] ../panel.db
[08-May-2026 23:09:16 UTC] ../panel.db
[08-May-2026 23:09:16 UTC] 3
[08-May-2026 23:09:16 UTC] 3
[08-May-2026 23:09:16 UTC] 3
[08-May-2026 23:09:16 UTC] 3
[08-May-2026 23:09:16 UTC] ../panel.db
[08-May-2026 23:09:16 UTC] 3
[08-May-2026 23:09:16 UTC] ../panel.db
[08-May-2026 23:09:16 UTC] 3
[08-May-2026 23:09:17 UTC] ../panel.db
[08-May-2026 23:09:17 UTC] 3
[08-May-2026 23:09:17 UTC] ../panel.db
[08-May-2026 23:09:17 UTC] 3
[08-May-2026 23:09:17 UTC] ../panel.db
[08-May-2026 23:09:17 UTC] ../panel.db
[08-May-2026 23:09:17 UTC] ../panel.db
[08-May-2026 23:09:17 UTC] 3
[08-May-2026 23:09:17 UTC] 3
[08-May-2026 23:09:17 UTC] 3
[08-May-2026 23:09:17 UTC] ../panel.db
[08-May-2026 23:09:17 UTC] 3
[08-May-2026 23:09:18 UTC] ../panel.db
[08-May-2026 23:09:18 UTC] 3
[08-May-2026 23:09:18 UTC] ../panel.db
[08-May-2026 23:09:18 UTC] 3
[08-May-2026 23:09:18 UTC] ../panel.db
[08-May-2026 23:09:18 UTC] 3
[08-May-2026 23:09:18 UTC] ../panel.db
[08-May-2026 23:09:18 UTC] 3
[08-May-2026 23:09:19 UTC] ../panel.db
[08-May-2026 23:09:19 UTC] ../panel.db
[08-May-2026 23:09:19 UTC] ../panel.db
[08-May-2026 23:09:19 UTC] ../panel.db
[08-May-2026 23:09:19 UTC] 3
[08-May-2026 23:09:19 UTC] 3
[08-May-2026 23:09:19 UTC] 3
[08-May-2026 23:09:19 UTC] 3
[08-May-2026 23:09:19 UTC] ../panel.db
[08-May-2026 23:09:19 UTC] 3
[08-May-2026 23:09:19 UTC] ../panel.db
[08-May-2026 23:09:19 UTC] 3
[08-May-2026 23:09:19 UTC] ../panel.db
[08-May-2026 23:09:19 UTC] 3
[08-May-2026 23:09:26 UTC] ../panel.db
[08-May-2026 23:09:26 UTC] 3
[08-May-2026 23:09:27 UTC] ../panel.db
[08-May-2026 23:09:27 UTC] 3
[08-May-2026 23:09:34 UTC] ../panel.db
[08-May-2026 23:09:34 UTC] 3
[08-May-2026 23:09:34 UTC] ../panel.db
[08-May-2026 23:09:34 UTC] ../panel.db
[08-May-2026 23:09:34 UTC] ../panel.db
[08-May-2026 23:09:34 UTC] ../panel.db
[08-May-2026 23:09:34 UTC] 3
[08-May-2026 23:09:34 UTC] 3
[08-May-2026 23:09:34 UTC] 3
[08-May-2026 23:09:34 UTC] 3
[08-May-2026 23:09:34 UTC] ../panel.db
[08-May-2026 23:09:34 UTC] 3
[08-May-2026 23:09:34 UTC] ../panel.db
[08-May-2026 23:09:34 UTC] 3
[08-May-2026 23:09:34 UTC] ../panel.db
[08-May-2026 23:09:34 UTC] 3
[08-May-2026 23:09:36 UTC] ../panel.db
[08-May-2026 23:09:36 UTC] 3
[08-May-2026 23:09:36 UTC] ../panel.db
[08-May-2026 23:09:36 UTC] ../panel.db
[08-May-2026 23:09:36 UTC] ../panel.db
[08-May-2026 23:09:36 UTC] ../panel.db
[08-May-2026 23:09:36 UTC] 3
[08-May-2026 23:09:36 UTC] 3
[08-May-2026 23:09:36 UTC] 3
[08-May-2026 23:09:36 UTC] 3
[08-May-2026 23:09:36 UTC] ../panel.db
[08-May-2026 23:09:36 UTC] 3
[08-May-2026 23:09:36 UTC] ../panel.db
[08-May-2026 23:09:36 UTC] 3
[08-May-2026 23:09:37 UTC] ../panel.db
[08-May-2026 23:09:37 UTC] 3
[08-May-2026 23:09:52 UTC] ../panel.db
[08-May-2026 23:09:52 UTC] 3
[08-May-2026 23:09:52 UTC] ../panel.db
[08-May-2026 23:09:52 UTC] 3
[08-May-2026 23:09:52 UTC] ../panel.db
[08-May-2026 23:09:52 UTC] ../panel.db
[08-May-2026 23:09:52 UTC] ../panel.db
[08-May-2026 23:09:52 UTC] 3
[08-May-2026 23:09:52 UTC] 3
[08-May-2026 23:09:52 UTC] 3
[08-May-2026 23:09:52 UTC] ../panel.db
[08-May-2026 23:09:52 UTC] 3
[08-May-2026 23:09:53 UTC] ../panel.db
[08-May-2026 23:09:53 UTC] 3
[08-May-2026 23:09:53 UTC] ../panel.db
[08-May-2026 23:09:53 UTC] 3
[08-May-2026 23:09:53 UTC] ../panel.db
[08-May-2026 23:09:53 UTC] 3
[08-May-2026 23:09:55 UTC] ../panel.db
[08-May-2026 23:09:55 UTC] 3
[08-May-2026 23:10:01 UTC] ../panel.db
[08-May-2026 23:10:01 UTC] ../panel.db
[08-May-2026 23:10:01 UTC] ../panel.db
[08-May-2026 23:10:01 UTC] ../panel.db
[08-May-2026 23:10:01 UTC] 3
[08-May-2026 23:10:01 UTC] 3
[08-May-2026 23:10:01 UTC] 3
[08-May-2026 23:10:01 UTC] 3
[08-May-2026 23:10:02 UTC] ../panel.db
[08-May-2026 23:10:02 UTC] 3
[08-May-2026 23:10:02 UTC] ../panel.db
[08-May-2026 23:10:02 UTC] 3
[08-May-2026 23:10:02 UTC] ../panel.db
[08-May-2026 23:10:02 UTC] 3
[08-May-2026 23:10:02 UTC] ../panel.db
[08-May-2026 23:10:02 UTC] 3
[08-May-2026 23:10:02 UTC] ../panel.db
[08-May-2026 23:10:02 UTC] ../panel.db
[08-May-2026 23:10:02 UTC] ../panel.db
[08-May-2026 23:10:02 UTC] ../panel.db
[08-May-2026 23:10:02 UTC] 3
[08-May-2026 23:10:02 UTC] 3
[08-May-2026 23:10:02 UTC] 3
[08-May-2026 23:10:02 UTC] 3
[08-May-2026 23:10:02 UTC] ../panel.db
[08-May-2026 23:10:02 UTC] 3
[08-May-2026 23:10:02 UTC] ../panel.db
[08-May-2026 23:10:02 UTC] 3
[08-May-2026 23:10:03 UTC] ../panel.db
[08-May-2026 23:10:03 UTC] 3
[08-May-2026 23:10:10 UTC] ../panel.db
[08-May-2026 23:10:10 UTC] 3
[08-May-2026 23:10:15 UTC] ../panel.db
[08-May-2026 23:10:15 UTC] 3
[08-May-2026 23:10:15 UTC] ../panel.db
[08-May-2026 23:10:15 UTC] ../panel.db
[08-May-2026 23:10:15 UTC] ../panel.db
[08-May-2026 23:10:15 UTC] ../panel.db
[08-May-2026 23:10:15 UTC] 3
[08-May-2026 23:10:15 UTC] 3
[08-May-2026 23:10:15 UTC] 3
[08-May-2026 23:10:15 UTC] 3
[08-May-2026 23:10:15 UTC] ../panel.db
[08-May-2026 23:10:15 UTC] 3
[08-May-2026 23:10:15 UTC] ../panel.db
[08-May-2026 23:10:15 UTC] 3
[08-May-2026 23:10:16 UTC] ../panel.db
[08-May-2026 23:10:16 UTC] 3
[08-May-2026 23:10:19 UTC] ../panel.db
[08-May-2026 23:10:19 UTC] 3
[08-May-2026 23:10:20 UTC] ../panel.db
[08-May-2026 23:10:20 UTC] 3
[08-May-2026 23:10:20 UTC] ../panel.db
[08-May-2026 23:10:20 UTC] ../panel.db
[08-May-2026 23:10:20 UTC] ../panel.db
[08-May-2026 23:10:20 UTC] 3
[08-May-2026 23:10:20 UTC] 3
[08-May-2026 23:10:20 UTC] 3
[08-May-2026 23:10:20 UTC] {"serverId":"06ac013c-1f14-4f03-8c5a-bd97d0d0499f","userUuid":"1","token":"7dcd5010-b674-417d-b121-113eb9200a9a"}
[08-May-2026 23:10:20 UTC] {"serverId":"06ac013c-1f14-4f03-8c5a-bd97d0d0499f","userUuid":"1","token":"7dcd5010-b674-417d-b121-113eb9200a9a"}
[08-May-2026 23:10:20 UTC] {"serverId":"6d51f2c4-a03d-4373-a278-4932147e3c5a","userUuid":"1","token":"7dcd5010-b674-417d-b121-113eb9200a9a"}
[08-May-2026 23:10:20 UTC] {"serverId":"6d51f2c4-a03d-4373-a278-4932147e3c5a","userUuid":"1","token":"7dcd5010-b674-417d-b121-113eb9200a9a"}
[08-May-2026 23:10:20 UTC] {"serverId":"4c09c109-1764-445c-beda-bafce5c08b83","userUuid":"1","token":"7dcd5010-b674-417d-b121-113eb9200a9a"}
[08-May-2026 23:10:20 UTC] {"serverId":"4c09c109-1764-445c-beda-bafce5c08b83","userUuid":"1","token":"7dcd5010-b674-417d-b121-113eb9200a9a"}
[08-May-2026 23:10:22 UTC] ../panel.db
[08-May-2026 23:10:22 UTC] 3
[08-May-2026 23:10:33 UTC] ../panel.db
[08-May-2026 23:10:33 UTC] 3
[08-May-2026 23:10:35 UTC] ../panel.db
[08-May-2026 23:10:35 UTC] 3
[08-May-2026 23:10:35 UTC] {"serverId":"6d51f2c4-a03d-4373-a278-4932147e3c5a","userUuid":"1","action":"start","memory":0,"cpu":0,"disk":0,"image":"ghcr.io\/ptero-eggs\/yolks:nodejs_25","additionalAllocation":[{"id":4,"ip":"0.0.0.0","port":25567,"externalIp":"localhost"}],"environment":{"STARTUP_MODE":"npm","NPM_SCRIPT":"start","MAIN_FILE":"src\/index.ts","GIT_ADDRESS":"","GIT_BRANCH":"main","EXTRA_PACKAGES":"","NODE_ARGS":""},"primaryAllocation":{"ip":"0.0.0.0","port":25565,"externalIp":"localhost"},"core":{"id":2,"name":"Node.js Universal","startupCommand":"echo \"[Debug] STARTUP_MODE: '{{STARTUP_MODE}}'\"; if [ -n \"{{GIT_ADDRESS}}\" ]; then if [ -d .git ]; then git pull; else git clone --single-branch --branch {{GIT_BRANCH} {{GIT_ADDRESS}} .; fi; fi; if [ -f package.json ]; then if [ -f yarn.lock ]; then yarn install; else npm install --production; fi; fi; if [ -n \"{{EXTRA_PACKAGES}}\" ]; then if [ ! -f package.json ]; then npm init -y; fi; npm install {{EXTRA_PACKAGES}}; fi; if [ \"{{STARTUP_MODE}}\" = \"npm\" ]; then npm run {{NPM_SCRIPT}}; else node {{NODE_ARGS}} {{MAIN_FILE}}; fi","stopCommand":"^C","startupParser":[],"configSystem":[],"installScript":"#!\/bin\/ash\napk add --no-cache curl jq git\n\nC_LBLUE='\\033[1;34m'\nC_BLUE='\\033[0;34m'\nC_GREEN='\\033[0;32m'\nC_PINK='\\033[38;5;211m'\nC_NC='\\033[0m'\n\necho -e \"${C_BLUE}------------------------------------------------------------${C_NC}\"\necho -e \"${C_LBLUE}[Orchestrator]${C_NC} Preparando ambiente inicial...\"\necho -e \"${C_BLUE}------------------------------------------------------------${C_NC}\"\n\ncd \/mnt\/server\n\necho -e \"${C_GREEN}[Sucesso]${C_NC} Ambiente pronto!\"","installImage":"alpine","installEntrypoint":"ash","rootAcess":null,"maintainable":null},"token":"7dcd5010-b674-417d-b121-113eb9200a9a"}
[08-May-2026 23:10:35 UTC] [sendAction Otimizado] PHP Payload: 0.18ms | cURL Node.js: 0.94ms | Total: 1.12ms
[08-May-2026 23:10:41 UTC] ../panel.db
[08-May-2026 23:10:41 UTC] 3
[08-May-2026 23:10:41 UTC] ../panel.db
[08-May-2026 23:10:41 UTC] 3
[08-May-2026 23:10:48 UTC] ../panel.db
[08-May-2026 23:10:48 UTC] 3
[08-May-2026 23:10:48 UTC] ../panel.db
[08-May-2026 23:10:48 UTC] 3
[08-May-2026 23:10:49 UTC] ../panel.db
[08-May-2026 23:10:49 UTC] 3
[08-May-2026 23:10:49 UTC] ../panel.db
[08-May-2026 23:10:49 UTC] ../panel.db
[08-May-2026 23:10:49 UTC] ../panel.db
[08-May-2026 23:10:49 UTC] 3
[08-May-2026 23:10:49 UTC] {"serverId":"4c09c109-1764-445c-beda-bafce5c08b83","userUuid":"1","token":"7dcd5010-b674-417d-b121-113eb9200a9a"}
[08-May-2026 23:10:49 UTC] 3
[08-May-2026 23:10:49 UTC] 3
[08-May-2026 23:10:49 UTC] {"serverId":"4c09c109-1764-445c-beda-bafce5c08b83","userUuid":"1","token":"7dcd5010-b674-417d-b121-113eb9200a9a"}
[08-May-2026 23:10:49 UTC] {"serverId":"06ac013c-1f14-4f03-8c5a-bd97d0d0499f","userUuid":"1","token":"7dcd5010-b674-417d-b121-113eb9200a9a"}
[08-May-2026 23:10:49 UTC] {"serverId":"06ac013c-1f14-4f03-8c5a-bd97d0d0499f","userUuid":"1","token":"7dcd5010-b674-417d-b121-113eb9200a9a"}
[08-May-2026 23:10:49 UTC] {"serverId":"6d51f2c4-a03d-4373-a278-4932147e3c5a","userUuid":"1","token":"7dcd5010-b674-417d-b121-113eb9200a9a"}
[08-May-2026 23:10:49 UTC] {"serverId":"6d51f2c4-a03d-4373-a278-4932147e3c5a","userUuid":"1","token":"7dcd5010-b674-417d-b121-113eb9200a9a"}
[08-May-2026 23:10:52 UTC] ../panel.db
[08-May-2026 23:10:52 UTC] 3
[08-May-2026 23:10:54 UTC] ../panel.db
[08-May-2026 23:10:54 UTC] 3
[08-May-2026 23:10:54 UTC] {"serverId":"6d51f2c4-a03d-4373-a278-4932147e3c5a","userUuid":"1","action":"kill","token":"7dcd5010-b674-417d-b121-113eb9200a9a"}
[08-May-2026 23:10:54 UTC] [sendAction Otimizado] PHP Payload: 0.03ms | cURL Node.js: 1.36ms | Total: 1.39ms
[08-May-2026 23:11:12 UTC] ../panel.db
[08-May-2026 23:11:12 UTC] 3
[08-May-2026 23:11:33 UTC] ../panel.db
[08-May-2026 23:11:33 UTC] 3
[08-May-2026 23:11:48 UTC] ../panel.db
[08-May-2026 23:11:48 UTC] 3
[08-May-2026 23:11:54 UTC] ../panel.db
[08-May-2026 23:11:54 UTC] 3
[08-May-2026 23:14:22 UTC] ../panel.db
[08-May-2026 23:14:23 UTC] 3
[08-May-2026 23:14:23 UTC] ../panel.db
[08-May-2026 23:14:23 UTC] 3
[08-May-2026 23:14:23 UTC] ../panel.db
[08-May-2026 23:14:23 UTC] ../panel.db
[08-May-2026 23:14:23 UTC] ../panel.db
[08-May-2026 23:14:23 UTC] 3
[08-May-2026 23:14:23 UTC] 3
[08-May-2026 23:14:23 UTC] 3
[08-May-2026 23:14:23 UTC] ../panel.db
[08-May-2026 23:14:23 UTC] 3
[08-May-2026 23:14:23 UTC] ../panel.db
[08-May-2026 23:14:23 UTC] 3
[08-May-2026 23:14:24 UTC] ../panel.db
[08-May-2026 23:14:24 UTC] 3
[08-May-2026 23:14:24 UTC] ../panel.db
[08-May-2026 23:14:24 UTC] 3
[08-May-2026 23:14:24 UTC] ../panel.db
[08-May-2026 23:14:24 UTC] 3
[08-May-2026 23:14:25 UTC] ../panel.db
[08-May-2026 23:14:25 UTC] 3
[08-May-2026 23:14:25 UTC] ../panel.db
[08-May-2026 23:14:25 UTC] ../panel.db
[08-May-2026 23:14:25 UTC] ../panel.db
[08-May-2026 23:14:25 UTC] 3
[08-May-2026 23:14:25 UTC] 3
[08-May-2026 23:14:25 UTC] 3
[08-May-2026 23:14:25 UTC] {"serverId":"06ac013c-1f14-4f03-8c5a-bd97d0d0499f","userUuid":"1","token":"7dcd5010-b674-417d-b121-113eb9200a9a"}
[08-May-2026 23:14:25 UTC] apiRequest cURL Error (Node 1): Connection timed out after 213 milliseconds
[08-May-2026 23:14:25 UTC] {"serverId":"06ac013c-1f14-4f03-8c5a-bd97d0d0499f","userUuid":"1","token":"7dcd5010-b674-417d-b121-113eb9200a9a"}
[08-May-2026 23:14:25 UTC] apiRequest cURL Error (Node 1): Connection timed out after 206 milliseconds
[08-May-2026 23:14:25 UTC] {"serverId":"4c09c109-1764-445c-beda-bafce5c08b83","userUuid":"1","token":"7dcd5010-b674-417d-b121-113eb9200a9a"}
[08-May-2026 23:14:25 UTC] apiRequest cURL Error (Node 1): Connection timed out after 204 milliseconds
[08-May-2026 23:14:25 UTC] {"serverId":"4c09c109-1764-445c-beda-bafce5c08b83","userUuid":"1","token":"7dcd5010-b674-417d-b121-113eb9200a9a"}
[08-May-2026 23:14:25 UTC] apiRequest cURL Error (Node 1): Connection timed out after 203 milliseconds
[08-May-2026 23:14:25 UTC] {"serverId":"6d51f2c4-a03d-4373-a278-4932147e3c5a","userUuid":"1","token":"7dcd5010-b674-417d-b121-113eb9200a9a"}
[08-May-2026 23:14:26 UTC] apiRequest cURL Error (Node 1): Connection timed out after 203 milliseconds
[08-May-2026 23:14:26 UTC] {"serverId":"6d51f2c4-a03d-4373-a278-4932147e3c5a","userUuid":"1","token":"7dcd5010-b674-417d-b121-113eb9200a9a"}
[08-May-2026 23:14:26 UTC] apiRequest cURL Error (Node 1): Connection timed out after 205 milliseconds
[08-May-2026 23:14:29 UTC] ../panel.db
[08-May-2026 23:14:29 UTC] 3
[08-May-2026 23:14:34 UTC] ../panel.db
[08-May-2026 23:14:34 UTC] 3
[08-May-2026 23:14:34 UTC] ../panel.db
[08-May-2026 23:14:34 UTC] ../panel.db
[08-May-2026 23:14:34 UTC] ../panel.db
[08-May-2026 23:14:34 UTC] ../panel.db
[08-May-2026 23:14:34 UTC] 3
[08-May-2026 23:14:34 UTC] 3
[08-May-2026 23:14:34 UTC] 3
[08-May-2026 23:14:34 UTC] 3
[08-May-2026 23:14:35 UTC] ../panel.db
[08-May-2026 23:14:35 UTC] 3
[08-May-2026 23:14:35 UTC] ../panel.db
[08-May-2026 23:14:35 UTC] 3
[08-May-2026 23:14:35 UTC] ../panel.db
[08-May-2026 23:14:35 UTC] 3
[08-May-2026 23:14:35 UTC] ../panel.db
[08-May-2026 23:14:35 UTC] ../panel.db
[08-May-2026 23:14:35 UTC] ../panel.db
[08-May-2026 23:14:35 UTC] 3
[08-May-2026 23:14:35 UTC] 3
[08-May-2026 23:14:35 UTC] 3
[08-May-2026 23:14:35 UTC] {"serverId":"4c09c109-1764-445c-beda-bafce5c08b83","userUuid":"1","token":"7dcd5010-b674-417d-b121-113eb9200a9a"}
[08-May-2026 23:14:35 UTC] {"serverId":"4c09c109-1764-445c-beda-bafce5c08b83","userUuid":"1","token":"7dcd5010-b674-417d-b121-113eb9200a9a"}
[08-May-2026 23:14:35 UTC] {"serverId":"06ac013c-1f14-4f03-8c5a-bd97d0d0499f","userUuid":"1","token":"7dcd5010-b674-417d-b121-113eb9200a9a"}
[08-May-2026 23:14:35 UTC] {"serverId":"06ac013c-1f14-4f03-8c5a-bd97d0d0499f","userUuid":"1","token":"7dcd5010-b674-417d-b121-113eb9200a9a"}
[08-May-2026 23:14:35 UTC] {"serverId":"6d51f2c4-a03d-4373-a278-4932147e3c5a","userUuid":"1","token":"7dcd5010-b674-417d-b121-113eb9200a9a"}
[08-May-2026 23:14:35 UTC] {"serverId":"6d51f2c4-a03d-4373-a278-4932147e3c5a","userUuid":"1","token":"7dcd5010-b674-417d-b121-113eb9200a9a"}
[08-May-2026 23:14:37 UTC] ../panel.db
[08-May-2026 23:14:37 UTC] 3
[08-May-2026 23:14:38 UTC] ../panel.db
[08-May-2026 23:14:38 UTC] ../panel.db
[08-May-2026 23:14:38 UTC] 3
[08-May-2026 23:14:38 UTC] 3
[08-May-2026 23:14:38 UTC] ../panel.db
[08-May-2026 23:14:38 UTC] 3
[08-May-2026 23:14:38 UTC] {"serverId":"6d51f2c4-a03d-4373-a278-4932147e3c5a","userUuid":"1","action":"start","memory":0,"cpu":0,"disk":0,"image":"ghcr.io\/ptero-eggs\/yolks:nodejs_25","additionalAllocation":[{"id":4,"ip":"0.0.0.0","port":25567,"externalIp":"localhost"}],"environment":{"STARTUP_MODE":"npm","NPM_SCRIPT":"start","MAIN_FILE":"src\/index.ts","GIT_ADDRESS":"","GIT_BRANCH":"main","EXTRA_PACKAGES":"","NODE_ARGS":""},"primaryAllocation":{"ip":"0.0.0.0","port":25565,"externalIp":"localhost"},"core":{"id":2,"name":"Node.js Universal","startupCommand":"echo \"[Debug] STARTUP_MODE: '{{STARTUP_MODE}}'\"; if [ -n \"{{GIT_ADDRESS}}\" ]; then if [ -d .git ]; then git pull; else git clone --single-branch --branch {{GIT_BRANCH} {{GIT_ADDRESS}} .; fi; fi; if [ -f package.json ]; then if [ -f yarn.lock ]; then yarn install; else npm install --production; fi; fi; if [ -n \"{{EXTRA_PACKAGES}}\" ]; then if [ ! -f package.json ]; then npm init -y; fi; npm install {{EXTRA_PACKAGES}}; fi; if [ \"{{STARTUP_MODE}}\" = \"npm\" ]; then npm run {{NPM_SCRIPT}}; else node {{NODE_ARGS}} {{MAIN_FILE}}; fi","stopCommand":"^C","startupParser":[],"configSystem":[],"installScript":"#!\/bin\/ash\napk add --no-cache curl jq git\n\nC_LBLUE='\\033[1;34m'\nC_BLUE='\\033[0;34m'\nC_GREEN='\\033[0;32m'\nC_PINK='\\033[38;5;211m'\nC_NC='\\033[0m'\n\necho -e \"${C_BLUE}------------------------------------------------------------${C_NC}\"\necho -e \"${C_LBLUE}[Orchestrator]${C_NC} Preparando ambiente inicial...\"\necho -e \"${C_BLUE}------------------------------------------------------------${C_NC}\"\n\ncd \/mnt\/server\n\necho -e \"${C_GREEN}[Sucesso]${C_NC} Ambiente pronto!\"","installImage":"alpine","installEntrypoint":"ash","rootAcess":null,"maintainable":null},"token":"7dcd5010-b674-417d-b121-113eb9200a9a"}
[08-May-2026 23:14:38 UTC] [sendAction Otimizado] PHP Payload: 0.5ms | cURL Node.js: 1.88ms | Total: 2.38ms
[08-May-2026 23:14:57 UTC] ../panel.db
[08-May-2026 23:14:57 UTC] 3
[08-May-2026 23:14:58 UTC] ../panel.db
[08-May-2026 23:14:58 UTC] 3
[08-May-2026 23:14:58 UTC] {"serverId":"6d51f2c4-a03d-4373-a278-4932147e3c5a","userUuid":"1","action":"kill","token":"7dcd5010-b674-417d-b121-113eb9200a9a"}
[08-May-2026 23:14:58 UTC] [sendAction Otimizado] PHP Payload: 0.09ms | cURL Node.js: 1.18ms | Total: 1.27ms
[08-May-2026 23:14:59 UTC] ../panel.db
[08-May-2026 23:14:59 UTC] 3
[08-May-2026 23:14:59 UTC] ../panel.db
[08-May-2026 23:14:59 UTC] ../panel.db
[08-May-2026 23:14:59 UTC] ../panel.db
[08-May-2026 23:14:59 UTC] 3
[08-May-2026 23:14:59 UTC] 3
[08-May-2026 23:14:59 UTC] {"serverId":"4c09c109-1764-445c-beda-bafce5c08b83","userUuid":"1","token":"7dcd5010-b674-417d-b121-113eb9200a9a"}
[08-May-2026 23:14:59 UTC] 3
[08-May-2026 23:14:59 UTC] {"serverId":"4c09c109-1764-445c-beda-bafce5c08b83","userUuid":"1","token":"7dcd5010-b674-417d-b121-113eb9200a9a"}
[08-May-2026 23:14:59 UTC] {"serverId":"06ac013c-1f14-4f03-8c5a-bd97d0d0499f","userUuid":"1","token":"7dcd5010-b674-417d-b121-113eb9200a9a"}
[08-May-2026 23:14:59 UTC] {"serverId":"06ac013c-1f14-4f03-8c5a-bd97d0d0499f","userUuid":"1","token":"7dcd5010-b674-417d-b121-113eb9200a9a"}
[08-May-2026 23:14:59 UTC] {"serverId":"6d51f2c4-a03d-4373-a278-4932147e3c5a","userUuid":"1","token":"7dcd5010-b674-417d-b121-113eb9200a9a"}
[08-May-2026 23:14:59 UTC] {"serverId":"6d51f2c4-a03d-4373-a278-4932147e3c5a","userUuid":"1","token":"7dcd5010-b674-417d-b121-113eb9200a9a"}
[08-May-2026 23:15:01 UTC] ../panel.db
[08-May-2026 23:15:01 UTC] 3
[08-May-2026 23:15:02 UTC] ../panel.db
[08-May-2026 23:15:02 UTC] 3
[08-May-2026 23:15:02 UTC] ../panel.db
[08-May-2026 23:15:02 UTC] 3
[08-May-2026 23:15:22 UTC] ../panel.db
[08-May-2026 23:15:22 UTC] 3
[08-May-2026 23:15:43 UTC] ../panel.db
[08-May-2026 23:15:43 UTC] 3
[08-May-2026 23:16:04 UTC] ../panel.db
[08-May-2026 23:16:04 UTC] 3
[08-May-2026 23:16:25 UTC] ../panel.db
[08-May-2026 23:16:25 UTC] 3
[08-May-2026 23:16:31 UTC] ../panel.db
[08-May-2026 23:16:31 UTC] 3
[08-May-2026 23:16:35 UTC] ../panel.db
[08-May-2026 23:16:35 UTC] 3
[08-May-2026 23:16:36 UTC] ../panel.db
[08-May-2026 23:16:36 UTC] 3
[08-May-2026 23:16:40 UTC] ../panel.db
[08-May-2026 23:16:40 UTC] 3
[08-May-2026 23:16:41 UTC] ../panel.db
[08-May-2026 23:16:41 UTC] 3
[08-May-2026 23:16:42 UTC] ../panel.db
[08-May-2026 23:16:42 UTC] ../panel.db
[08-May-2026 23:16:42 UTC] ../panel.db
[08-May-2026 23:16:42 UTC] ../panel.db
[08-May-2026 23:16:42 UTC] 3
[08-May-2026 23:16:42 UTC] 3
[08-May-2026 23:16:42 UTC] 3
[08-May-2026 23:16:42 UTC] 3
[08-May-2026 23:16:42 UTC] ../panel.db
[08-May-2026 23:16:42 UTC] 3
[08-May-2026 23:16:42 UTC] ../panel.db
[08-May-2026 23:16:42 UTC] 3
[08-May-2026 23:16:42 UTC] ../panel.db
[08-May-2026 23:16:42 UTC] 3
[08-May-2026 23:16:44 UTC] ../panel.db
[08-May-2026 23:16:44 UTC] 3
[08-May-2026 23:16:44 UTC] {"serverId":"4c09c109-1764-445c-beda-bafce5c08b83","userUuid":"1","action":"start","memory":1024,"cpu":100,"disk":0,"image":"ghcr.io\/pterodactyl\/yolks:java_21","additionalAllocation":[],"environment":{"MINECRAFT_VERSION":"1.8.8","SERVER_JARFILE":"server.jar","SOFTWARE_TYPE":"paper","ONLINE_MODE":"false","WHITELIST":"false","VIEW_DISTANCE":"10","ALLOW_NETHER":"true","ALLOW_END":"true","DIFFICULTY":"normal","MAX_PLAYERS":"20"},"primaryAllocation":{"ip":"0.0.0.0","port":25566,"externalIp":"localhost"},"core":{"id":1,"name":"Minecraft Universal","startupCommand":"java -Xms128M -XX:MaxRAMPercentage=95.0 -Dterminal.jline=false -Dterminal.ansi=true -jar {{SERVER_JARFILE}}","stopCommand":"stop","startupParser":{"done":")! For help, type "},"configSystem":{"server.properties":{"server-ip":"0.0.0.0","server-port":"{{SERVER_PORT}}","query.port":"{{SERVER_PORT}}","online-mode":"{{ONLINE_MODE}}","white-list":"{{WHITELIST}}","view-distance":"{{VIEW_DISTANCE}}","allow-nether":"{{ALLOW_NETHER}}","difficulty":"{{DIFFICULTY}}","max-players":"{{MAX_PLAYERS}}"},"bukkit.yml":{"settings.allow-end":"{{ALLOW_END}}"}},"installScript":"#!\/bin\/ash\napk add --no-cache curl jq\n\nC_LBLUE='\\033[1;34m'\nC_BLUE='\\033[0;34m'\nC_GREEN='\\033[0;32m'\nC_PINK='\\033[38;5;211m'\nC_NC='\\033[0m'\n\necho -e \"${C_BLUE}------------------------------------------------------------${C_NC}\"\necho -e \"${C_LBLUE}[Orchestrator]${C_NC} Iniciando instala\u00e7\u00e3o do Minecraft Server\"\necho -e \"${C_LBLUE}[Orchestrator]${C_NC} Software: ${C_PINK}${SOFTWARE_TYPE}${C_NC} | Vers\u00e3o: ${C_PINK}${MINECRAFT_VERSION}${C_NC}\"\necho -e \"${C_BLUE}------------------------------------------------------------${C_NC}\"\n\ncd \/mnt\/server\n\nif [ \"$SOFTWARE_TYPE\" == \"paper\" ]; then\n    if [ \"$MINECRAFT_VERSION\" == \"latest\" ]; then\n        MINECRAFT_VERSION=$(curl -s https:\/\/api.papermc.io\/v2\/projects\/paper | jq -r '.versions[-1]')\n    fi\n    BUILD=$(curl -s https:\/\/api.papermc.io\/v2\/projects\/paper\/versions\/${MINECRAFT_VERSION} | jq -r '.builds[-1]')\n    JAR_NAME=\"paper-${MINECRAFT_VERSION}-${BUILD}.jar\"\n    DOWNLOAD_URL=\"https:\/\/api.papermc.io\/v2\/projects\/paper\/versions\/${MINECRAFT_VERSION}\/builds\/${BUILD}\/downloads\/${JAR_NAME}\"\n\nelif [ \"$SOFTWARE_TYPE\" == \"purpur\" ]; then\n    if [ \"$MINECRAFT_VERSION\" == \"latest\" ]; then\n        MINECRAFT_VERSION=$(curl -s https:\/\/api.purpurmc.org\/v2\/purpur | jq -r '.versions[-1]')\n    fi\n    DOWNLOAD_URL=\"https:\/\/api.purpurmc.org\/v2\/purpur\/${MINECRAFT_VERSION}\/latest\/download\"\n\nelif [ \"$SOFTWARE_TYPE\" == \"vanilla\" ]; then\n    MANIFEST=$(curl -s https:\/\/piston-meta.mojang.com\/mc\/game\/version_manifest_v2.json)\n    if [ \"$MINECRAFT_VERSION\" == \"latest\" ]; then\n        MINECRAFT_VERSION=$(echo $MANIFEST | jq -r '.latest.release')\n    fi\n    VERSION_URL=$(echo $MANIFEST | jq -r --arg VERSION \"$MINECRAFT_VERSION\" '.versions[] | select(.id == $VERSION) | .url')\n    DOWNLOAD_URL=$(curl -s $VERSION_URL | jq -r '.downloads.server.url')\n\nelif [ \"$SOFTWARE_TYPE\" == \"fabric\" ]; then\n    if [ \"$MINECRAFT_VERSION\" == \"latest\" ]; then\n        MANIFEST=$(curl -s https:\/\/piston-meta.mojang.com\/mc\/game\/version_manifest_v2.json)\n        MINECRAFT_VERSION=$(echo $MANIFEST | jq -r '.latest.release')\n    fi\n    LOADER_VERSION=$(curl -s https:\/\/meta.fabricmc.net\/v2\/versions\/loader | jq -r '.[0].version')\n    INSTALLER_VERSION=$(curl -s https:\/\/meta.fabricmc.net\/v2\/versions\/installer | jq -r '.[0].version')\n    DOWNLOAD_URL=\"https:\/\/meta.fabricmc.net\/v2\/versions\/loader\/${MINECRAFT_VERSION}\/${LOADER_VERSION}\/${INSTALLER_VERSION}\/server\/jar\"\nelse\n    echo -e \"${C_PINK}[Erro]${C_NC} O software selecionado n\u00e3o \u00e9 suportado por este Egg.\"\n    exit 1\nfi\n\necho -e \"${C_LBLUE}[Download]${C_NC} Baixando os arquivos base de ${DOWNLOAD_URL}...\"\ncurl -o ${SERVER_JARFILE} ${DOWNLOAD_URL}\n\nif [ ! -f server.properties ]; then\n    echo -e \"${C_LBLUE}[Configura\u00e7\u00e3o]${C_NC} Gerando propriedades do servidor base...\"\n    echo \"server-ip=0.0.0.0\" > server.properties\n    echo \"server-port=${SERVER_PORT}\" >> server.properties\n    echo \"online-mode=${ONLINE_MODE}\" >> server.properties\n    echo \"white-list=${WHITELIST}\" >> server.properties\n    echo \"view-distance=${VIEW_DISTANCE}\" >> server.properties\n    echo \"allow-nether=${ALLOW_NETHER}\" >> server.properties\n    echo \"difficulty=${DIFFICULTY}\" >> server.properties\n    echo \"max-players=${MAX_PLAYERS}\" >> server.properties\nfi\n\nif [ ! -f bukkit.yml ]; then\n    echo \"settings:\" > bukkit.yml\n    echo \"  allow-end: ${ALLOW_END}\" >> bukkit.yml\nfi\n\necho -e \"${C_GREEN}[Sucesso]${C_NC} Instala\u00e7\u00e3o conclu\u00edda com sucesso!\"\necho -e \"${C_LBLUE}[Orchestrator]${C_NC} O servidor j\u00e1 pode ser iniciado no painel.\"","installImage":"alpine","installEntrypoint":"ash","rootAcess":null,"maintainable":null},"token":"7dcd5010-b674-417d-b121-113eb9200a9a"}
[08-May-2026 23:16:44 UTC] [sendAction Otimizado] PHP Payload: 0.24ms | cURL Node.js: 2.61ms | Total: 2.85ms
[08-May-2026 23:17:02 UTC] ../panel.db
[08-May-2026 23:17:02 UTC] 3
[08-May-2026 23:17:11 UTC] ../panel.db
[08-May-2026 23:17:11 UTC] 3
[08-May-2026 23:17:13 UTC] ../panel.db
[08-May-2026 23:17:13 UTC] 3
[08-May-2026 23:18:13 UTC] ../panel.db
[08-May-2026 23:18:13 UTC] 3
[08-May-2026 23:18:14 UTC] ../panel.db
[08-May-2026 23:18:14 UTC] ../panel.db
[08-May-2026 23:18:14 UTC] ../panel.db
[08-May-2026 23:18:14 UTC] ../panel.db
[08-May-2026 23:18:14 UTC] 3
[08-May-2026 23:18:14 UTC] 3
[08-May-2026 23:18:14 UTC] 3
[08-May-2026 23:18:14 UTC] 3
[08-May-2026 23:18:14 UTC] ../panel.db
[08-May-2026 23:18:14 UTC] 3
[08-May-2026 23:18:14 UTC] ../panel.db
[08-May-2026 23:18:14 UTC] 3
[08-May-2026 23:18:15 UTC] ../panel.db
[08-May-2026 23:18:15 UTC] 3
[08-May-2026 23:18:16 UTC] ../panel.db
[08-May-2026 23:18:16 UTC] 3
[08-May-2026 23:18:17 UTC] ../panel.db
[08-May-2026 23:18:17 UTC] 3
[08-May-2026 23:18:18 UTC] ../panel.db
[08-May-2026 23:18:18 UTC] 3
[08-May-2026 23:18:18 UTC] ../panel.db
[08-May-2026 23:18:18 UTC] ../panel.db
[08-May-2026 23:18:18 UTC] ../panel.db
[08-May-2026 23:18:18 UTC] ../panel.db
[08-May-2026 23:18:18 UTC] 3
[08-May-2026 23:18:18 UTC] 3
[08-May-2026 23:18:18 UTC] 3
[08-May-2026 23:18:18 UTC] 3
[08-May-2026 23:18:18 UTC] ../panel.db
[08-May-2026 23:18:18 UTC] 3
[08-May-2026 23:18:18 UTC] ../panel.db
[08-May-2026 23:18:18 UTC] 3
[08-May-2026 23:19:25 UTC] ../panel.db
[08-May-2026 23:19:25 UTC] 3
[08-May-2026 23:19:25 UTC] ../panel.db
[08-May-2026 23:19:25 UTC] ../panel.db
[08-May-2026 23:19:25 UTC] ../panel.db
[08-May-2026 23:19:25 UTC] ../panel.db
[08-May-2026 23:19:25 UTC] 3
[08-May-2026 23:19:25 UTC] 3
[08-May-2026 23:19:25 UTC] 3
[08-May-2026 23:19:25 UTC] 3
[08-May-2026 23:19:25 UTC] ../panel.db
[08-May-2026 23:19:25 UTC] 3
[08-May-2026 23:19:25 UTC] ../panel.db
[08-May-2026 23:19:25 UTC] 3
[08-May-2026 23:19:27 UTC] ../panel.db
[08-May-2026 23:19:27 UTC] 3
[08-May-2026 23:19:28 UTC] ../panel.db
[08-May-2026 23:19:28 UTC] ../panel.db
[08-May-2026 23:19:28 UTC] ../panel.db
[08-May-2026 23:19:28 UTC] ../panel.db
[08-May-2026 23:19:28 UTC] 3
[08-May-2026 23:19:28 UTC] 3
[08-May-2026 23:19:28 UTC] 3
[08-May-2026 23:19:28 UTC] 3
[08-May-2026 23:19:28 UTC] ../panel.db
[08-May-2026 23:19:28 UTC] 3
[08-May-2026 23:19:28 UTC] ../panel.db
[08-May-2026 23:19:28 UTC] 3
[08-May-2026 23:19:40 UTC] ../panel.db
[08-May-2026 23:19:40 UTC] 3
[08-May-2026 23:19:47 UTC] ../panel.db
[08-May-2026 23:19:47 UTC] 3
[08-May-2026 23:19:47 UTC] ../panel.db
[08-May-2026 23:19:47 UTC] ../panel.db
[08-May-2026 23:19:47 UTC] ../panel.db
[08-May-2026 23:19:47 UTC] ../panel.db
[08-May-2026 23:19:47 UTC] 3
[08-May-2026 23:19:47 UTC] 3
[08-May-2026 23:19:47 UTC] 3
[08-May-2026 23:19:47 UTC] 3
[08-May-2026 23:19:47 UTC] ../panel.db
[08-May-2026 23:19:47 UTC] 3
[08-May-2026 23:19:47 UTC] ../panel.db
[08-May-2026 23:19:47 UTC] 3
[08-May-2026 23:19:48 UTC] ../panel.db
[08-May-2026 23:19:48 UTC] 3
[08-May-2026 23:19:48 UTC] ../panel.db
[08-May-2026 23:19:48 UTC] ../panel.db
[08-May-2026 23:19:48 UTC] ../panel.db
[08-May-2026 23:19:48 UTC] ../panel.db
[08-May-2026 23:19:48 UTC] 3
[08-May-2026 23:19:48 UTC] 3
[08-May-2026 23:19:48 UTC] 3
[08-May-2026 23:19:48 UTC] 3
[08-May-2026 23:19:48 UTC] ../panel.db
[08-May-2026 23:19:48 UTC] 3
[08-May-2026 23:19:48 UTC] ../panel.db
[08-May-2026 23:19:48 UTC] 3
[08-May-2026 23:20:51 UTC] ../panel.db
[08-May-2026 23:20:51 UTC] 3
[08-May-2026 23:20:51 UTC] ../panel.db
[08-May-2026 23:20:51 UTC] ../panel.db
[08-May-2026 23:20:51 UTC] ../panel.db
[08-May-2026 23:20:51 UTC] ../panel.db
[08-May-2026 23:20:51 UTC] 3
[08-May-2026 23:20:51 UTC] 3
[08-May-2026 23:20:51 UTC] 3
[08-May-2026 23:20:51 UTC] 3
[08-May-2026 23:20:51 UTC] ../panel.db
[08-May-2026 23:20:51 UTC] 3
[08-May-2026 23:20:51 UTC] ../panel.db
[08-May-2026 23:20:51 UTC] 3
[08-May-2026 23:20:56 UTC] ../panel.db
[08-May-2026 23:20:56 UTC] 3
[08-May-2026 23:20:56 UTC] ../panel.db
[08-May-2026 23:20:56 UTC] ../panel.db
[08-May-2026 23:20:56 UTC] ../panel.db
[08-May-2026 23:20:56 UTC] ../panel.db
[08-May-2026 23:20:56 UTC] 3
[08-May-2026 23:20:56 UTC] 3
[08-May-2026 23:20:56 UTC] 3
[08-May-2026 23:20:56 UTC] 3
[08-May-2026 23:20:56 UTC] ../panel.db
[08-May-2026 23:20:56 UTC] 3
[08-May-2026 23:20:56 UTC] ../panel.db
[08-May-2026 23:20:56 UTC] 3
[08-May-2026 23:21:15 UTC] ../panel.db
[08-May-2026 23:21:15 UTC] 3
[08-May-2026 23:21:15 UTC] ../panel.db
[08-May-2026 23:21:15 UTC] ../panel.db
[08-May-2026 23:21:15 UTC] ../panel.db
[08-May-2026 23:21:15 UTC] 3
[08-May-2026 23:21:15 UTC] 3
[08-May-2026 23:21:15 UTC] 3
[08-May-2026 23:21:15 UTC] ../panel.db
[08-May-2026 23:21:15 UTC] 3
[08-May-2026 23:21:15 UTC] ../panel.db
[08-May-2026 23:21:15 UTC] 3
[08-May-2026 23:21:19 UTC] ../panel.db
[08-May-2026 23:21:19 UTC] 3
[08-May-2026 23:21:20 UTC] ../panel.db
[08-May-2026 23:21:20 UTC] 3
[08-May-2026 23:21:20 UTC] ../panel.db
[08-May-2026 23:21:20 UTC] ../panel.db
[08-May-2026 23:21:20 UTC] ../panel.db
[08-May-2026 23:21:20 UTC] ../panel.db
[08-May-2026 23:21:20 UTC] 3
[08-May-2026 23:21:20 UTC] 3
[08-May-2026 23:21:20 UTC] 3
[08-May-2026 23:21:20 UTC] 3
[08-May-2026 23:21:20 UTC] ../panel.db
[08-May-2026 23:21:20 UTC] 3
[08-May-2026 23:21:20 UTC] ../panel.db
[08-May-2026 23:21:20 UTC] 3
[08-May-2026 23:22:13 UTC] ../panel.db
[08-May-2026 23:22:13 UTC] 3
[08-May-2026 23:22:13 UTC] ../panel.db
[08-May-2026 23:22:13 UTC] ../panel.db
[08-May-2026 23:22:13 UTC] 3
[08-May-2026 23:22:13 UTC] ../panel.db
[08-May-2026 23:22:13 UTC] ../panel.db
[08-May-2026 23:22:13 UTC] 3
[08-May-2026 23:22:13 UTC] 3
[08-May-2026 23:22:13 UTC] 3
[08-May-2026 23:22:13 UTC] ../panel.db
[08-May-2026 23:22:13 UTC] 3
[08-May-2026 23:22:13 UTC] ../panel.db
[08-May-2026 23:22:13 UTC] 3
[08-May-2026 23:22:14 UTC] ../panel.db
[08-May-2026 23:22:14 UTC] 3
[08-May-2026 23:22:14 UTC] ../panel.db
[08-May-2026 23:22:14 UTC] ../panel.db
[08-May-2026 23:22:14 UTC] ../panel.db
[08-May-2026 23:22:14 UTC] ../panel.db
[08-May-2026 23:22:14 UTC] 3
[08-May-2026 23:22:14 UTC] 3
[08-May-2026 23:22:14 UTC] 3
[08-May-2026 23:22:14 UTC] 3
[08-May-2026 23:22:14 UTC] ../panel.db
[08-May-2026 23:22:14 UTC] 3
[08-May-2026 23:22:15 UTC] ../panel.db
[08-May-2026 23:22:15 UTC] 3
[08-May-2026 23:22:15 UTC] ../panel.db
[08-May-2026 23:22:15 UTC] 3
[08-May-2026 23:22:15 UTC] ../panel.db
[08-May-2026 23:22:15 UTC] ../panel.db
[08-May-2026 23:22:15 UTC] ../panel.db
[08-May-2026 23:22:15 UTC] ../panel.db
[08-May-2026 23:22:15 UTC] 3
[08-May-2026 23:22:15 UTC] 3
[08-May-2026 23:22:15 UTC] 3
[08-May-2026 23:22:15 UTC] 3
[08-May-2026 23:22:15 UTC] ../panel.db
[08-May-2026 23:22:15 UTC] 3
[08-May-2026 23:22:15 UTC] ../panel.db
[08-May-2026 23:22:15 UTC] 3
[08-May-2026 23:22:22 UTC] ../panel.db
[08-May-2026 23:22:22 UTC] 3
[08-May-2026 23:22:23 UTC] ../panel.db
[08-May-2026 23:22:23 UTC] 3
[08-May-2026 23:22:29 UTC] ../panel.db
[08-May-2026 23:22:29 UTC] ../panel.db
[08-May-2026 23:22:29 UTC] ../panel.db
[08-May-2026 23:22:29 UTC] ../panel.db
[08-May-2026 23:22:29 UTC] 3
[08-May-2026 23:22:29 UTC] 3
[08-May-2026 23:22:29 UTC] 3
[08-May-2026 23:22:29 UTC] 3
[08-May-2026 23:22:29 UTC] ../panel.db
[08-May-2026 23:22:29 UTC] ../panel.db
[08-May-2026 23:22:29 UTC] 3
[08-May-2026 23:22:29 UTC] 3
[08-May-2026 23:22:34 UTC] ../panel.db
[08-May-2026 23:22:34 UTC] 3
[08-May-2026 23:22:34 UTC] ../panel.db
[08-May-2026 23:22:34 UTC] ../panel.db
[08-May-2026 23:22:34 UTC] ../panel.db
[08-May-2026 23:22:34 UTC] 3
[08-May-2026 23:22:34 UTC] 3
[08-May-2026 23:22:34 UTC] 3
[08-May-2026 23:22:34 UTC] ../panel.db
[08-May-2026 23:22:34 UTC] 3
[08-May-2026 23:22:34 UTC] ../panel.db
[08-May-2026 23:22:34 UTC] 3
[08-May-2026 23:22:37 UTC] ../panel.db
[08-May-2026 23:22:37 UTC] 3
[08-May-2026 23:22:38 UTC] ../panel.db
[08-May-2026 23:22:38 UTC] 3
[08-May-2026 23:22:38 UTC] ../panel.db
[08-May-2026 23:22:38 UTC] ../panel.db
[08-May-2026 23:22:38 UTC] ../panel.db
[08-May-2026 23:22:38 UTC] ../panel.db
[08-May-2026 23:22:38 UTC] 3
[08-May-2026 23:22:38 UTC] 3
[08-May-2026 23:22:38 UTC] 3
[08-May-2026 23:22:38 UTC] 3
[08-May-2026 23:22:38 UTC] ../panel.db
[08-May-2026 23:22:38 UTC] 3
[08-May-2026 23:22:38 UTC] ../panel.db
[08-May-2026 23:22:38 UTC] 3
[08-May-2026 23:22:38 UTC] ../panel.db
[08-May-2026 23:22:38 UTC] 3
[08-May-2026 23:22:38 UTC] ../panel.db
[08-May-2026 23:22:38 UTC] ../panel.db
[08-May-2026 23:22:38 UTC] ../panel.db
[08-May-2026 23:22:38 UTC] ../panel.db
[08-May-2026 23:22:38 UTC] 3
[08-May-2026 23:22:38 UTC] 3
[08-May-2026 23:22:38 UTC] 3
[08-May-2026 23:22:38 UTC] 3
[08-May-2026 23:22:38 UTC] ../panel.db
[08-May-2026 23:22:38 UTC] 3
[08-May-2026 23:22:39 UTC] ../panel.db
[08-May-2026 23:22:39 UTC] 3
[08-May-2026 23:22:40 UTC] ../panel.db
[08-May-2026 23:22:40 UTC] 3
[08-May-2026 23:22:40 UTC] ../panel.db
[08-May-2026 23:22:40 UTC] ../panel.db
[08-May-2026 23:22:40 UTC] ../panel.db
[08-May-2026 23:22:40 UTC] 3
[08-May-2026 23:22:40 UTC] 3
[08-May-2026 23:22:40 UTC] 3
[08-May-2026 23:22:40 UTC] ../panel.db
[08-May-2026 23:22:40 UTC] 3
[08-May-2026 23:22:40 UTC] ../panel.db
[08-May-2026 23:22:40 UTC] 3
[08-May-2026 23:22:42 UTC] ../panel.db
[08-May-2026 23:22:42 UTC] 3
[08-May-2026 23:22:42 UTC] ../panel.db
[08-May-2026 23:22:42 UTC] ../panel.db
[08-May-2026 23:22:42 UTC] ../panel.db
[08-May-2026 23:22:42 UTC] ../panel.db
[08-May-2026 23:22:42 UTC] 3
[08-May-2026 23:22:42 UTC] 3
[08-May-2026 23:22:42 UTC] 3
[08-May-2026 23:22:42 UTC] 3
[08-May-2026 23:22:43 UTC] ../panel.db
[08-May-2026 23:22:43 UTC] 3
[08-May-2026 23:22:43 UTC] ../panel.db
[08-May-2026 23:22:43 UTC] 3
[08-May-2026 23:23:40 UTC] ../panel.db
[08-May-2026 23:23:40 UTC] 3
[08-May-2026 23:23:40 UTC] ../panel.db
[08-May-2026 23:23:40 UTC] ../panel.db
[08-May-2026 23:23:40 UTC] ../panel.db
[08-May-2026 23:23:40 UTC] ../panel.db
[08-May-2026 23:23:40 UTC] 3
[08-May-2026 23:23:40 UTC] 3
[08-May-2026 23:23:40 UTC] 3
[08-May-2026 23:23:40 UTC] 3
[08-May-2026 23:23:40 UTC] ../panel.db
[08-May-2026 23:23:40 UTC] 3
[08-May-2026 23:23:40 UTC] ../panel.db
[08-May-2026 23:23:40 UTC] 3
[08-May-2026 23:23:41 UTC] ../panel.db
[08-May-2026 23:23:41 UTC] 3
[08-May-2026 23:23:41 UTC] ../panel.db
[08-May-2026 23:23:41 UTC] ../panel.db
[08-May-2026 23:23:41 UTC] ../panel.db
[08-May-2026 23:23:41 UTC] 3
[08-May-2026 23:23:41 UTC] 3
[08-May-2026 23:23:41 UTC] 3
[08-May-2026 23:23:41 UTC] ../panel.db
[08-May-2026 23:23:41 UTC] 3
[08-May-2026 23:23:41 UTC] ../panel.db
[08-May-2026 23:23:41 UTC] 3
[08-May-2026 23:23:41 UTC] ../panel.db
[08-May-2026 23:23:41 UTC] ../panel.db
[08-May-2026 23:23:41 UTC] ../panel.db
[08-May-2026 23:23:41 UTC] ../panel.db
[08-May-2026 23:23:41 UTC] 3
[08-May-2026 23:23:41 UTC] 3
[08-May-2026 23:23:41 UTC] 3
[08-May-2026 23:23:41 UTC] 3
[08-May-2026 23:23:41 UTC] ../panel.db
[08-May-2026 23:23:41 UTC] 3
[08-May-2026 23:23:41 UTC] ../panel.db
[08-May-2026 23:23:41 UTC] 3
[08-May-2026 23:23:41 UTC] ../panel.db
[08-May-2026 23:23:41 UTC] 3
[08-May-2026 23:23:42 UTC] ../panel.db
[08-May-2026 23:23:42 UTC] 3
[08-May-2026 23:23:43 UTC] ../panel.db
[08-May-2026 23:23:43 UTC] 3
[08-May-2026 23:23:43 UTC] ../panel.db
[08-May-2026 23:23:43 UTC] ../panel.db
[08-May-2026 23:23:43 UTC] ../panel.db
[08-May-2026 23:23:43 UTC] ../panel.db
[08-May-2026 23:23:43 UTC] 3
[08-May-2026 23:23:43 UTC] 3
[08-May-2026 23:23:43 UTC] 3
[08-May-2026 23:23:43 UTC] 3
[08-May-2026 23:23:43 UTC] ../panel.db
[08-May-2026 23:23:43 UTC] 3
[08-May-2026 23:23:43 UTC] ../panel.db
[08-May-2026 23:23:43 UTC] 3
[08-May-2026 23:23:46 UTC] ../panel.db
[08-May-2026 23:23:46 UTC] 3
[08-May-2026 23:23:46 UTC] configurando
[08-May-2026 23:24:06 UTC] ../panel.db
[08-May-2026 23:24:06 UTC] 3
[08-May-2026 23:24:06 UTC] ../panel.db
[08-May-2026 23:24:06 UTC] ../panel.db
[08-May-2026 23:24:06 UTC] ../panel.db
[08-May-2026 23:24:06 UTC] ../panel.db
[08-May-2026 23:24:06 UTC] 3
[08-May-2026 23:24:06 UTC] 3
[08-May-2026 23:24:06 UTC] 3
[08-May-2026 23:24:06 UTC] 3
[08-May-2026 23:24:06 UTC] ../panel.db
[08-May-2026 23:24:06 UTC] 3
[08-May-2026 23:24:07 UTC] ../panel.db
[08-May-2026 23:24:07 UTC] 3
[08-May-2026 23:24:11 UTC] ../panel.db
[08-May-2026 23:24:11 UTC] 3
[08-May-2026 23:24:11 UTC] ../panel.db
[08-May-2026 23:24:11 UTC] ../panel.db
[08-May-2026 23:24:11 UTC] ../panel.db
[08-May-2026 23:24:11 UTC] ../panel.db
[08-May-2026 23:24:11 UTC] 3
[08-May-2026 23:24:11 UTC] 3
[08-May-2026 23:24:11 UTC] 3
[08-May-2026 23:24:11 UTC] 3
[08-May-2026 23:24:11 UTC] ../panel.db
[08-May-2026 23:24:11 UTC] 3
[08-May-2026 23:24:11 UTC] ../panel.db
[08-May-2026 23:24:11 UTC] 3
[08-May-2026 23:24:11 UTC] ../panel.db
[08-May-2026 23:24:11 UTC] 3
[08-May-2026 23:24:11 UTC] ../panel.db
[08-May-2026 23:24:11 UTC] ../panel.db
[08-May-2026 23:24:11 UTC] ../panel.db
[08-May-2026 23:24:11 UTC] ../panel.db
[08-May-2026 23:24:11 UTC] 3
[08-May-2026 23:24:11 UTC] 3
[08-May-2026 23:24:11 UTC] 3
[08-May-2026 23:24:11 UTC] 3
[08-May-2026 23:24:11 UTC] ../panel.db
[08-May-2026 23:24:11 UTC] 3
[08-May-2026 23:24:12 UTC] ../panel.db
[08-May-2026 23:24:12 UTC] 3
[08-May-2026 23:27:21 UTC] ../panel.db
[08-May-2026 23:27:21 UTC] ../panel.db
[08-May-2026 23:27:21 UTC] ../panel.db
[08-May-2026 23:27:21 UTC] 3
[08-May-2026 23:27:21 UTC] 3
[08-May-2026 23:27:21 UTC] 3
[08-May-2026 23:27:21 UTC] ../panel.db
[08-May-2026 23:27:21 UTC] ../panel.db
[08-May-2026 23:27:21 UTC] 3
[08-May-2026 23:27:21 UTC] ../panel.db
[08-May-2026 23:27:21 UTC] 3
[08-May-2026 23:27:21 UTC] 3
[08-May-2026 23:27:21 UTC] ../panel.db
[08-May-2026 23:27:21 UTC] 3
[08-May-2026 23:27:21 UTC] ../panel.db
[08-May-2026 23:27:21 UTC] 3
[08-May-2026 23:27:21 UTC] ../panel.db
[08-May-2026 23:27:21 UTC] 3
[08-May-2026 23:27:21 UTC] ../panel.db
[08-May-2026 23:27:21 UTC] 3
[08-May-2026 23:27:21 UTC] ../panel.db
[08-May-2026 23:27:21 UTC] ../panel.db
[08-May-2026 23:27:21 UTC] 3
[08-May-2026 23:27:21 UTC] 3
[08-May-2026 23:27:21 UTC] ../panel.db
[08-May-2026 23:27:21 UTC] 3
[08-May-2026 23:27:21 UTC] ../panel.db
[08-May-2026 23:27:21 UTC] 3
[08-May-2026 23:27:21 UTC] ../panel.db
[08-May-2026 23:27:21 UTC] ../panel.db
[08-May-2026 23:27:21 UTC] 3
[08-May-2026 23:27:21 UTC] 3
[08-May-2026 23:27:22 UTC] ../panel.db
[08-May-2026 23:27:22 UTC] 3
[08-May-2026 23:27:22 UTC] ../panel.db
[08-May-2026 23:27:22 UTC] 3
[08-May-2026 23:28:54 UTC] ../panel.db
[08-May-2026 23:28:54 UTC] 3
[08-May-2026 23:30:04 UTC] ../panel.db
[08-May-2026 23:30:04 UTC] 3
[08-May-2026 23:30:05 UTC] ../panel.db
[08-May-2026 23:30:05 UTC] 3
[08-May-2026 23:30:06 UTC] ../panel.db
[08-May-2026 23:30:06 UTC] 3
[08-May-2026 23:30:06 UTC] ../panel.db
[08-May-2026 23:30:06 UTC] 3
[08-May-2026 23:30:06 UTC] ../panel.db
[08-May-2026 23:30:06 UTC] 3
[08-May-2026 23:30:06 UTC] ../panel.db
[08-May-2026 23:30:06 UTC] 3
[08-May-2026 23:30:06 UTC] ../panel.db
[08-May-2026 23:30:06 UTC] ../panel.db
[08-May-2026 23:30:06 UTC] ../panel.db
[08-May-2026 23:30:06 UTC] 3
[08-May-2026 23:30:06 UTC] {"serverId":"6d51f2c4-a03d-4373-a278-4932147e3c5a","userUuid":"1","token":"7dcd5010-b674-417d-b121-113eb9200a9a"}
[08-May-2026 23:30:06 UTC] {"serverId":"6d51f2c4-a03d-4373-a278-4932147e3c5a","userUuid":"1","token":"7dcd5010-b674-417d-b121-113eb9200a9a"}
[08-May-2026 23:30:06 UTC] 3
[08-May-2026 23:30:06 UTC] 3
[08-May-2026 23:30:06 UTC] {"serverId":"06ac013c-1f14-4f03-8c5a-bd97d0d0499f","userUuid":"1","token":"7dcd5010-b674-417d-b121-113eb9200a9a"}
[08-May-2026 23:30:06 UTC] {"serverId":"06ac013c-1f14-4f03-8c5a-bd97d0d0499f","userUuid":"1","token":"7dcd5010-b674-417d-b121-113eb9200a9a"}
[08-May-2026 23:30:06 UTC] {"serverId":"4c09c109-1764-445c-beda-bafce5c08b83","userUuid":"1","token":"7dcd5010-b674-417d-b121-113eb9200a9a"}
[08-May-2026 23:30:06 UTC] {"serverId":"4c09c109-1764-445c-beda-bafce5c08b83","userUuid":"1","token":"7dcd5010-b674-417d-b121-113eb9200a9a"}
[08-May-2026 23:30:11 UTC] ../panel.db
[08-May-2026 23:30:11 UTC] 3
[08-May-2026 23:30:12 UTC] ../panel.db
[08-May-2026 23:30:12 UTC] 3
[08-May-2026 23:30:16 UTC] ../panel.db
[08-May-2026 23:30:16 UTC] 3
[08-May-2026 23:30:17 UTC] ../panel.db
[08-May-2026 23:30:17 UTC] 3
[08-May-2026 23:30:20 UTC] ../panel.db
[08-May-2026 23:30:20 UTC] 3
[08-May-2026 23:30:56 UTC] ../panel.db
[08-May-2026 23:30:56 UTC] 3
[08-May-2026 23:31:31 UTC] ../panel.db
[08-May-2026 23:31:31 UTC] ../panel.db
[08-May-2026 23:31:31 UTC] ../panel.db
[08-May-2026 23:31:31 UTC] 3
[08-May-2026 23:31:31 UTC] 3
[08-May-2026 23:31:31 UTC] 3
[08-May-2026 23:31:31 UTC] ../panel.db
[08-May-2026 23:31:31 UTC] ../panel.db
[08-May-2026 23:31:31 UTC] ../panel.db
[08-May-2026 23:31:31 UTC] 3
[08-May-2026 23:31:31 UTC] 3
[08-May-2026 23:31:31 UTC] 3
[08-May-2026 23:31:31 UTC] ../panel.db
[08-May-2026 23:31:31 UTC] 3
[08-May-2026 23:31:31 UTC] ../panel.db
[08-May-2026 23:31:31 UTC] 3
[08-May-2026 23:31:31 UTC] ../panel.db
[08-May-2026 23:31:31 UTC] 3
[08-May-2026 23:31:31 UTC] ../panel.db
[08-May-2026 23:31:31 UTC] ../panel.db
[08-May-2026 23:31:31 UTC] 3
[08-May-2026 23:31:31 UTC] ../panel.db
[08-May-2026 23:31:31 UTC] 3
[08-May-2026 23:31:31 UTC] 3
[08-May-2026 23:31:31 UTC] ../panel.db
[08-May-2026 23:31:31 UTC] 3
[08-May-2026 23:31:31 UTC] ../panel.db
[08-May-2026 23:31:31 UTC] 3
[08-May-2026 23:31:31 UTC] ../panel.db
[08-May-2026 23:31:31 UTC] 3
[08-May-2026 23:31:31 UTC] ../panel.db
[08-May-2026 23:31:31 UTC] ../panel.db
[08-May-2026 23:31:31 UTC] 3
[08-May-2026 23:31:31 UTC] 3
[08-May-2026 23:31:32 UTC] ../panel.db
[08-May-2026 23:31:32 UTC] 3
[08-May-2026 23:31:32 UTC] ../panel.db
[08-May-2026 23:31:32 UTC] 3
[08-May-2026 23:31:32 UTC] ../panel.db
[08-May-2026 23:31:32 UTC] 3
[08-May-2026 23:31:32 UTC] ../panel.db
[08-May-2026 23:31:32 UTC] 3
[08-May-2026 23:31:32 UTC] ../panel.db
[08-May-2026 23:31:32 UTC] 3
[08-May-2026 23:31:33 UTC] ../panel.db
[08-May-2026 23:31:33 UTC] 3
[08-May-2026 23:31:33 UTC] ../panel.db
[08-May-2026 23:31:33 UTC] ../panel.db
[08-May-2026 23:31:33 UTC] ../panel.db
[08-May-2026 23:31:33 UTC] ../panel.db
[08-May-2026 23:31:33 UTC] 3
[08-May-2026 23:31:33 UTC] 3
[08-May-2026 23:31:33 UTC] 3
[08-May-2026 23:31:33 UTC] 3
[08-May-2026 23:31:33 UTC] ../panel.db
[08-May-2026 23:31:33 UTC] 3
[08-May-2026 23:31:33 UTC] ../panel.db
[08-May-2026 23:31:33 UTC] 3
[08-May-2026 23:31:33 UTC] ../panel.db
[08-May-2026 23:31:33 UTC] ../panel.db
[08-May-2026 23:31:33 UTC] 3
[08-May-2026 23:31:33 UTC] 3
[08-May-2026 23:31:34 UTC] ../panel.db
[08-May-2026 23:31:34 UTC] ../panel.db
[08-May-2026 23:31:34 UTC] 3
[08-May-2026 23:31:34 UTC] 3
[08-May-2026 23:31:34 UTC] ../panel.db
[08-May-2026 23:31:34 UTC] ../panel.db
[08-May-2026 23:31:34 UTC] 3
[08-May-2026 23:31:34 UTC] 3
[08-May-2026 23:31:34 UTC] ../panel.db
[08-May-2026 23:31:34 UTC] ../panel.db
[08-May-2026 23:31:34 UTC] ../panel.db
[08-May-2026 23:31:34 UTC] 3
[08-May-2026 23:31:34 UTC] 3
[08-May-2026 23:31:34 UTC] 3
[08-May-2026 23:31:34 UTC] {"serverId":"6d51f2c4-a03d-4373-a278-4932147e3c5a","userUuid":"1","token":"7dcd5010-b674-417d-b121-113eb9200a9a"}
[08-May-2026 23:31:34 UTC] {"serverId":"6d51f2c4-a03d-4373-a278-4932147e3c5a","userUuid":"1","token":"7dcd5010-b674-417d-b121-113eb9200a9a"}
[08-May-2026 23:31:34 UTC] {"serverId":"06ac013c-1f14-4f03-8c5a-bd97d0d0499f","userUuid":"1","token":"7dcd5010-b674-417d-b121-113eb9200a9a"}
[08-May-2026 23:31:34 UTC] {"serverId":"06ac013c-1f14-4f03-8c5a-bd97d0d0499f","userUuid":"1","token":"7dcd5010-b674-417d-b121-113eb9200a9a"}
[08-May-2026 23:31:34 UTC] {"serverId":"4c09c109-1764-445c-beda-bafce5c08b83","userUuid":"1","token":"7dcd5010-b674-417d-b121-113eb9200a9a"}
[08-May-2026 23:31:34 UTC] {"serverId":"4c09c109-1764-445c-beda-bafce5c08b83","userUuid":"1","token":"7dcd5010-b674-417d-b121-113eb9200a9a"}
[08-May-2026 23:31:35 UTC] ../panel.db
[08-May-2026 23:31:35 UTC] ../panel.db
[08-May-2026 23:31:35 UTC] 3
[08-May-2026 23:31:35 UTC] 3
[08-May-2026 23:31:35 UTC] ../panel.db
[08-May-2026 23:31:35 UTC] 3
[08-May-2026 23:31:36 UTC] ../panel.db
[08-May-2026 23:31:36 UTC] 3
[08-May-2026 23:31:36 UTC] ../panel.db
[08-May-2026 23:31:36 UTC] 3
[08-May-2026 23:31:36 UTC] ../panel.db
[08-May-2026 23:31:36 UTC] ../panel.db
[08-May-2026 23:31:36 UTC] ../panel.db
[08-May-2026 23:31:36 UTC] ../panel.db
[08-May-2026 23:31:36 UTC] 3
[08-May-2026 23:31:36 UTC] 3
[08-May-2026 23:31:36 UTC] 3
[08-May-2026 23:31:36 UTC] 3
[08-May-2026 23:31:37 UTC] ../panel.db
[08-May-2026 23:31:37 UTC] 3
[08-May-2026 23:31:37 UTC] ../panel.db
[08-May-2026 23:31:37 UTC] 3
[08-May-2026 23:31:45 UTC] ../panel.db
[08-May-2026 23:31:45 UTC] 3
[08-May-2026 23:31:45 UTC] ../panel.db
[08-May-2026 23:31:45 UTC] ../panel.db
[08-May-2026 23:31:45 UTC] ../panel.db
[08-May-2026 23:31:45 UTC] ../panel.db
[08-May-2026 23:31:45 UTC] 3
[08-May-2026 23:31:45 UTC] 3
[08-May-2026 23:31:45 UTC] 3
[08-May-2026 23:31:45 UTC] 3
[08-May-2026 23:31:45 UTC] ../panel.db
[08-May-2026 23:31:45 UTC] 3
[08-May-2026 23:31:45 UTC] ../panel.db
[08-May-2026 23:31:45 UTC] ../panel.db
[08-May-2026 23:31:45 UTC] 3
[08-May-2026 23:31:45 UTC] 3
[08-May-2026 23:31:45 UTC] ../panel.db
[08-May-2026 23:31:45 UTC] 3
[08-May-2026 23:31:46 UTC] ../panel.db
[08-May-2026 23:31:46 UTC] 3
[08-May-2026 23:31:46 UTC] ../panel.db
[08-May-2026 23:31:46 UTC] ../panel.db
[08-May-2026 23:31:46 UTC] ../panel.db
[08-May-2026 23:31:46 UTC] 3
[08-May-2026 23:31:46 UTC] 3
[08-May-2026 23:31:46 UTC] 3
[08-May-2026 23:31:46 UTC] {"serverId":"06ac013c-1f14-4f03-8c5a-bd97d0d0499f","userUuid":"1","token":"7dcd5010-b674-417d-b121-113eb9200a9a"}
[08-May-2026 23:31:46 UTC] {"serverId":"06ac013c-1f14-4f03-8c5a-bd97d0d0499f","userUuid":"1","token":"7dcd5010-b674-417d-b121-113eb9200a9a"}
[08-May-2026 23:31:46 UTC] {"serverId":"6d51f2c4-a03d-4373-a278-4932147e3c5a","userUuid":"1","token":"7dcd5010-b674-417d-b121-113eb9200a9a"}
[08-May-2026 23:31:46 UTC] {"serverId":"6d51f2c4-a03d-4373-a278-4932147e3c5a","userUuid":"1","token":"7dcd5010-b674-417d-b121-113eb9200a9a"}
[08-May-2026 23:31:46 UTC] {"serverId":"4c09c109-1764-445c-beda-bafce5c08b83","userUuid":"1","token":"7dcd5010-b674-417d-b121-113eb9200a9a"}
[08-May-2026 23:31:46 UTC] {"serverId":"4c09c109-1764-445c-beda-bafce5c08b83","userUuid":"1","token":"7dcd5010-b674-417d-b121-113eb9200a9a"}
[08-May-2026 23:33:20 UTC] ../panel.db
[08-May-2026 23:33:21 UTC] 3
[08-May-2026 23:33:23 UTC] ../panel.db
[08-May-2026 23:33:23 UTC] 3
[08-May-2026 23:33:23 UTC] ../panel.db
[08-May-2026 23:33:23 UTC] ../panel.db
[08-May-2026 23:33:23 UTC] ../panel.db
[08-May-2026 23:33:23 UTC] 3
[08-May-2026 23:33:23 UTC] {"serverId":"6d51f2c4-a03d-4373-a278-4932147e3c5a","userUuid":"1","token":"7dcd5010-b674-417d-b121-113eb9200a9a"}
[08-May-2026 23:33:23 UTC] {"serverId":"6d51f2c4-a03d-4373-a278-4932147e3c5a","userUuid":"1","token":"7dcd5010-b674-417d-b121-113eb9200a9a"}
[08-May-2026 23:33:23 UTC] 3
[08-May-2026 23:33:23 UTC] {"serverId":"4c09c109-1764-445c-beda-bafce5c08b83","userUuid":"1","token":"7dcd5010-b674-417d-b121-113eb9200a9a"}
[08-May-2026 23:33:23 UTC] {"serverId":"4c09c109-1764-445c-beda-bafce5c08b83","userUuid":"1","token":"7dcd5010-b674-417d-b121-113eb9200a9a"}
[08-May-2026 23:33:23 UTC] 3
[08-May-2026 23:33:23 UTC] {"serverId":"06ac013c-1f14-4f03-8c5a-bd97d0d0499f","userUuid":"1","token":"7dcd5010-b674-417d-b121-113eb9200a9a"}
[08-May-2026 23:33:23 UTC] {"serverId":"06ac013c-1f14-4f03-8c5a-bd97d0d0499f","userUuid":"1","token":"7dcd5010-b674-417d-b121-113eb9200a9a"}
[08-May-2026 23:33:23 UTC] ../panel.db
[08-May-2026 23:33:23 UTC] ../panel.db
[08-May-2026 23:33:23 UTC] 3
[08-May-2026 23:33:23 UTC] 3
[08-May-2026 23:33:23 UTC] ../panel.db
[08-May-2026 23:33:23 UTC] ../panel.db
[08-May-2026 23:33:23 UTC] ../panel.db
[08-May-2026 23:33:23 UTC] 3
[08-May-2026 23:33:23 UTC] 3
[08-May-2026 23:33:23 UTC] 3
[08-May-2026 23:33:23 UTC] {"serverId":"6d51f2c4-a03d-4373-a278-4932147e3c5a","userUuid":"1","token":"7dcd5010-b674-417d-b121-113eb9200a9a"}
[08-May-2026 23:33:23 UTC] {"serverId":"6d51f2c4-a03d-4373-a278-4932147e3c5a","userUuid":"1","token":"7dcd5010-b674-417d-b121-113eb9200a9a"}
[08-May-2026 23:33:23 UTC] {"serverId":"4c09c109-1764-445c-beda-bafce5c08b83","userUuid":"1","token":"7dcd5010-b674-417d-b121-113eb9200a9a"}
[08-May-2026 23:33:23 UTC] {"serverId":"4c09c109-1764-445c-beda-bafce5c08b83","userUuid":"1","token":"7dcd5010-b674-417d-b121-113eb9200a9a"}
[08-May-2026 23:33:23 UTC] {"serverId":"06ac013c-1f14-4f03-8c5a-bd97d0d0499f","userUuid":"1","token":"7dcd5010-b674-417d-b121-113eb9200a9a"}
[08-May-2026 23:33:23 UTC] {"serverId":"06ac013c-1f14-4f03-8c5a-bd97d0d0499f","userUuid":"1","token":"7dcd5010-b674-417d-b121-113eb9200a9a"}
[08-May-2026 23:33:24 UTC] ../panel.db
[08-May-2026 23:33:24 UTC] 3
[08-May-2026 23:33:25 UTC] ../panel.db
[08-May-2026 23:33:25 UTC] 3
[08-May-2026 23:33:25 UTC] ../panel.db
[08-May-2026 23:33:25 UTC] ../panel.db
[08-May-2026 23:33:25 UTC] ../panel.db
[08-May-2026 23:33:25 UTC] ../panel.db
[08-May-2026 23:33:25 UTC] 3
[08-May-2026 23:33:25 UTC] 3
[08-May-2026 23:33:25 UTC] 3
[08-May-2026 23:33:25 UTC] 3
[08-May-2026 23:33:25 UTC] ../panel.db
[08-May-2026 23:33:25 UTC] 3
[08-May-2026 23:33:25 UTC] ../panel.db
[08-May-2026 23:33:25 UTC] ../panel.db
[08-May-2026 23:33:25 UTC] 3
[08-May-2026 23:33:25 UTC] 3
[08-May-2026 23:33:25 UTC] ../panel.db
[08-May-2026 23:33:25 UTC] 3
[08-May-2026 23:33:26 UTC] ../panel.db
[08-May-2026 23:33:26 UTC] 3
[08-May-2026 23:33:28 UTC] ../panel.db
[08-May-2026 23:33:28 UTC] 3
[08-May-2026 23:33:35 UTC] ../panel.db
[08-May-2026 23:33:35 UTC] 3
[08-May-2026 23:33:37 UTC] ../panel.db
[08-May-2026 23:33:37 UTC] 3
[08-May-2026 23:33:38 UTC] ../panel.db
[08-May-2026 23:33:38 UTC] 3
[08-May-2026 23:33:40 UTC] ../panel.db
[08-May-2026 23:33:40 UTC] 3
[08-May-2026 23:33:40 UTC] ../panel.db
[08-May-2026 23:33:40 UTC] ../panel.db
[08-May-2026 23:33:40 UTC] ../panel.db
[08-May-2026 23:33:40 UTC] 3
[08-May-2026 23:33:40 UTC] 3
[08-May-2026 23:33:40 UTC] 3
[08-May-2026 23:33:40 UTC] {"serverId":"06ac013c-1f14-4f03-8c5a-bd97d0d0499f","userUuid":"1","token":"7dcd5010-b674-417d-b121-113eb9200a9a"}
[08-May-2026 23:33:40 UTC] {"serverId":"06ac013c-1f14-4f03-8c5a-bd97d0d0499f","userUuid":"1","token":"7dcd5010-b674-417d-b121-113eb9200a9a"}
[08-May-2026 23:33:40 UTC] {"serverId":"4c09c109-1764-445c-beda-bafce5c08b83","userUuid":"1","token":"7dcd5010-b674-417d-b121-113eb9200a9a"}
[08-May-2026 23:33:40 UTC] {"serverId":"4c09c109-1764-445c-beda-bafce5c08b83","userUuid":"1","token":"7dcd5010-b674-417d-b121-113eb9200a9a"}
[08-May-2026 23:33:40 UTC] {"serverId":"6d51f2c4-a03d-4373-a278-4932147e3c5a","userUuid":"1","token":"7dcd5010-b674-417d-b121-113eb9200a9a"}
[08-May-2026 23:33:40 UTC] {"serverId":"6d51f2c4-a03d-4373-a278-4932147e3c5a","userUuid":"1","token":"7dcd5010-b674-417d-b121-113eb9200a9a"}
[08-May-2026 23:33:41 UTC] ../panel.db
[08-May-2026 23:33:41 UTC] 3
[08-May-2026 23:33:42 UTC] ../panel.db
[08-May-2026 23:33:42 UTC] 3
[08-May-2026 23:33:42 UTC] ../panel.db
[08-May-2026 23:33:42 UTC] 3
[08-May-2026 23:33:43 UTC] ../panel.db
[08-May-2026 23:33:43 UTC] 3
[08-May-2026 23:33:43 UTC] ../panel.db
[08-May-2026 23:33:43 UTC] 3
[08-May-2026 23:33:45 UTC] ../panel.db
[08-May-2026 23:33:45 UTC] 3
[08-May-2026 23:33:45 UTC] ../panel.db
[08-May-2026 23:33:45 UTC] 3
[08-May-2026 23:33:45 UTC] ../panel.db
[08-May-2026 23:33:45 UTC] 3
[08-May-2026 23:33:45 UTC] ../panel.db
[08-May-2026 23:33:45 UTC] ../panel.db
[08-May-2026 23:33:45 UTC] ../panel.db
[08-May-2026 23:33:45 UTC] 3
[08-May-2026 23:33:45 UTC] 3
[08-May-2026 23:33:45 UTC] 3
[08-May-2026 23:33:45 UTC] {"serverId":"4c09c109-1764-445c-beda-bafce5c08b83","userUuid":"1","token":"7dcd5010-b674-417d-b121-113eb9200a9a"}
[08-May-2026 23:33:45 UTC] {"serverId":"4c09c109-1764-445c-beda-bafce5c08b83","userUuid":"1","token":"7dcd5010-b674-417d-b121-113eb9200a9a"}
[08-May-2026 23:33:45 UTC] {"serverId":"06ac013c-1f14-4f03-8c5a-bd97d0d0499f","userUuid":"1","token":"7dcd5010-b674-417d-b121-113eb9200a9a"}
[08-May-2026 23:33:45 UTC] {"serverId":"06ac013c-1f14-4f03-8c5a-bd97d0d0499f","userUuid":"1","token":"7dcd5010-b674-417d-b121-113eb9200a9a"}
[08-May-2026 23:33:45 UTC] {"serverId":"6d51f2c4-a03d-4373-a278-4932147e3c5a","userUuid":"1","token":"7dcd5010-b674-417d-b121-113eb9200a9a"}
[08-May-2026 23:33:45 UTC] {"serverId":"6d51f2c4-a03d-4373-a278-4932147e3c5a","userUuid":"1","token":"7dcd5010-b674-417d-b121-113eb9200a9a"}
[08-May-2026 23:33:49 UTC] ../panel.db
[08-May-2026 23:33:49 UTC] 3
[08-May-2026 23:33:51 UTC] ../panel.db
[08-May-2026 23:33:51 UTC] 3
[08-May-2026 23:33:52 UTC] ../panel.db
[08-May-2026 23:33:52 UTC] 3
[08-May-2026 23:33:53 UTC] ../panel.db
[08-May-2026 23:33:53 UTC] 3
[08-May-2026 23:33:53 UTC] ../panel.db
[08-May-2026 23:33:53 UTC] ../panel.db
[08-May-2026 23:33:53 UTC] ../panel.db
[08-May-2026 23:33:53 UTC] ../panel.db
[08-May-2026 23:33:53 UTC] 3
[08-May-2026 23:33:53 UTC] 3
[08-May-2026 23:33:53 UTC] 3
[08-May-2026 23:33:53 UTC] 3
[08-May-2026 23:33:53 UTC] ../panel.db
[08-May-2026 23:33:53 UTC] 3
[08-May-2026 23:33:54 UTC] ../panel.db
[08-May-2026 23:33:54 UTC] ../panel.db
[08-May-2026 23:33:54 UTC] 3
[08-May-2026 23:33:54 UTC] 3
[08-May-2026 23:33:54 UTC] ../panel.db
[08-May-2026 23:33:54 UTC] 3
[08-May-2026 23:33:55 UTC] ../panel.db
[08-May-2026 23:33:55 UTC] 3
[08-May-2026 23:33:55 UTC] ../panel.db
[08-May-2026 23:33:55 UTC] ../panel.db
[08-May-2026 23:33:55 UTC] ../panel.db
[08-May-2026 23:33:55 UTC] 3
[08-May-2026 23:33:55 UTC] 3
[08-May-2026 23:33:55 UTC] 3
[08-May-2026 23:33:55 UTC] {"serverId":"06ac013c-1f14-4f03-8c5a-bd97d0d0499f","userUuid":"1","token":"7dcd5010-b674-417d-b121-113eb9200a9a"}
[08-May-2026 23:33:55 UTC] {"serverId":"06ac013c-1f14-4f03-8c5a-bd97d0d0499f","userUuid":"1","token":"7dcd5010-b674-417d-b121-113eb9200a9a"}
[08-May-2026 23:33:55 UTC] {"serverId":"6d51f2c4-a03d-4373-a278-4932147e3c5a","userUuid":"1","token":"7dcd5010-b674-417d-b121-113eb9200a9a"}
[08-May-2026 23:33:55 UTC] {"serverId":"6d51f2c4-a03d-4373-a278-4932147e3c5a","userUuid":"1","token":"7dcd5010-b674-417d-b121-113eb9200a9a"}
[08-May-2026 23:33:55 UTC] {"serverId":"4c09c109-1764-445c-beda-bafce5c08b83","userUuid":"1","token":"7dcd5010-b674-417d-b121-113eb9200a9a"}
[08-May-2026 23:33:55 UTC] {"serverId":"4c09c109-1764-445c-beda-bafce5c08b83","userUuid":"1","token":"7dcd5010-b674-417d-b121-113eb9200a9a"}
[08-May-2026 23:34:05 UTC] ../panel.db
[08-May-2026 23:34:05 UTC] 3
[08-May-2026 23:34:15 UTC] ../panel.db
[08-May-2026 23:34:15 UTC] 3
[08-May-2026 23:34:16 UTC] ../panel.db
[08-May-2026 23:34:16 UTC] 3
[08-May-2026 23:34:16 UTC] ../panel.db
[08-May-2026 23:34:16 UTC] 3
[08-May-2026 23:34:17 UTC] ../panel.db
[08-May-2026 23:34:17 UTC] 3
[08-May-2026 23:34:18 UTC] ../panel.db
[08-May-2026 23:34:18 UTC] 3
[08-May-2026 23:34:18 UTC] ../panel.db
[08-May-2026 23:34:18 UTC] 3
[08-May-2026 23:34:20 UTC] ../panel.db
[08-May-2026 23:34:20 UTC] 3
[08-May-2026 23:34:20 UTC] ../panel.db
[08-May-2026 23:34:20 UTC] ../panel.db
[08-May-2026 23:34:20 UTC] ../panel.db
[08-May-2026 23:34:20 UTC] 3
[08-May-2026 23:34:20 UTC] 3
[08-May-2026 23:34:20 UTC] {"serverId":"06ac013c-1f14-4f03-8c5a-bd97d0d0499f","userUuid":"1","token":"7dcd5010-b674-417d-b121-113eb9200a9a"}
[08-May-2026 23:34:20 UTC] 3
[08-May-2026 23:34:20 UTC] {"serverId":"06ac013c-1f14-4f03-8c5a-bd97d0d0499f","userUuid":"1","token":"7dcd5010-b674-417d-b121-113eb9200a9a"}
[08-May-2026 23:34:20 UTC] {"serverId":"6d51f2c4-a03d-4373-a278-4932147e3c5a","userUuid":"1","token":"7dcd5010-b674-417d-b121-113eb9200a9a"}
[08-May-2026 23:34:20 UTC] {"serverId":"6d51f2c4-a03d-4373-a278-4932147e3c5a","userUuid":"1","token":"7dcd5010-b674-417d-b121-113eb9200a9a"}
[08-May-2026 23:34:20 UTC] {"serverId":"4c09c109-1764-445c-beda-bafce5c08b83","userUuid":"1","token":"7dcd5010-b674-417d-b121-113eb9200a9a"}
[08-May-2026 23:34:20 UTC] {"serverId":"4c09c109-1764-445c-beda-bafce5c08b83","userUuid":"1","token":"7dcd5010-b674-417d-b121-113eb9200a9a"}
[08-May-2026 23:34:21 UTC] ../panel.db
[08-May-2026 23:34:21 UTC] 3
[08-May-2026 23:34:33 UTC] ../panel.db
[08-May-2026 23:34:33 UTC] 3
[08-May-2026 23:34:54 UTC] ../panel.db
[08-May-2026 23:34:54 UTC] 3
[08-May-2026 23:34:54 UTC] ../panel.db
[08-May-2026 23:34:54 UTC] ../panel.db
[08-May-2026 23:34:54 UTC] ../panel.db
[08-May-2026 23:34:54 UTC] 3
[08-May-2026 23:34:54 UTC] 3
[08-May-2026 23:34:54 UTC] 3
[08-May-2026 23:34:54 UTC] {"serverId":"06ac013c-1f14-4f03-8c5a-bd97d0d0499f","userUuid":"1","token":"7dcd5010-b674-417d-b121-113eb9200a9a"}
[08-May-2026 23:34:54 UTC] {"serverId":"06ac013c-1f14-4f03-8c5a-bd97d0d0499f","userUuid":"1","token":"7dcd5010-b674-417d-b121-113eb9200a9a"}
[08-May-2026 23:34:54 UTC] {"serverId":"6d51f2c4-a03d-4373-a278-4932147e3c5a","userUuid":"1","token":"7dcd5010-b674-417d-b121-113eb9200a9a"}
[08-May-2026 23:34:54 UTC] {"serverId":"6d51f2c4-a03d-4373-a278-4932147e3c5a","userUuid":"1","token":"7dcd5010-b674-417d-b121-113eb9200a9a"}
[08-May-2026 23:34:54 UTC] {"serverId":"4c09c109-1764-445c-beda-bafce5c08b83","userUuid":"1","token":"7dcd5010-b674-417d-b121-113eb9200a9a"}
[08-May-2026 23:34:54 UTC] {"serverId":"4c09c109-1764-445c-beda-bafce5c08b83","userUuid":"1","token":"7dcd5010-b674-417d-b121-113eb9200a9a"}
[08-May-2026 23:34:56 UTC] ../panel.db
[08-May-2026 23:34:56 UTC] 3
[08-May-2026 23:35:00 UTC] ../panel.db
[08-May-2026 23:35:00 UTC] 3
[08-May-2026 23:35:00 UTC] ../panel.db
[08-May-2026 23:35:00 UTC] ../panel.db
[08-May-2026 23:35:00 UTC] ../panel.db
[08-May-2026 23:35:00 UTC] ../panel.db
[08-May-2026 23:35:00 UTC] 3
[08-May-2026 23:35:00 UTC] 3
[08-May-2026 23:35:00 UTC] 3
[08-May-2026 23:35:00 UTC] 3
[08-May-2026 23:35:00 UTC] ../panel.db
[08-May-2026 23:35:00 UTC] 3
[08-May-2026 23:35:00 UTC] ../panel.db
[08-May-2026 23:35:00 UTC] 3
[08-May-2026 23:35:01 UTC] ../panel.db
[08-May-2026 23:35:01 UTC] 3
[08-May-2026 23:35:01 UTC] ../panel.db
[08-May-2026 23:35:01 UTC] ../panel.db
[08-May-2026 23:35:01 UTC] ../panel.db
[08-May-2026 23:35:01 UTC] 3
[08-May-2026 23:35:01 UTC] 3
[08-May-2026 23:35:01 UTC] 3
[08-May-2026 23:35:01 UTC] {"serverId":"4c09c109-1764-445c-beda-bafce5c08b83","userUuid":"1","token":"7dcd5010-b674-417d-b121-113eb9200a9a"}
[08-May-2026 23:35:01 UTC] {"serverId":"4c09c109-1764-445c-beda-bafce5c08b83","userUuid":"1","token":"7dcd5010-b674-417d-b121-113eb9200a9a"}
[08-May-2026 23:35:01 UTC] {"serverId":"6d51f2c4-a03d-4373-a278-4932147e3c5a","userUuid":"1","token":"7dcd5010-b674-417d-b121-113eb9200a9a"}
[08-May-2026 23:35:01 UTC] {"serverId":"6d51f2c4-a03d-4373-a278-4932147e3c5a","userUuid":"1","token":"7dcd5010-b674-417d-b121-113eb9200a9a"}
[08-May-2026 23:35:01 UTC] {"serverId":"06ac013c-1f14-4f03-8c5a-bd97d0d0499f","userUuid":"1","token":"7dcd5010-b674-417d-b121-113eb9200a9a"}
[08-May-2026 23:35:01 UTC] {"serverId":"06ac013c-1f14-4f03-8c5a-bd97d0d0499f","userUuid":"1","token":"7dcd5010-b674-417d-b121-113eb9200a9a"}
[08-May-2026 23:35:01 UTC] ../panel.db
[08-May-2026 23:35:01 UTC] 3
[08-May-2026 23:35:08 UTC] ../panel.db
[08-May-2026 23:35:08 UTC] 3
[08-May-2026 23:35:13 UTC] ../panel.db
[08-May-2026 23:35:13 UTC] 3
[08-May-2026 23:35:47 UTC] ../panel.db
[08-May-2026 23:35:47 UTC] ../panel.db
[08-May-2026 23:35:47 UTC] ../panel.db
[08-May-2026 23:35:47 UTC] ../panel.db
[08-May-2026 23:35:47 UTC] 3
[08-May-2026 23:35:47 UTC] 3
[08-May-2026 23:35:47 UTC] 3
[08-May-2026 23:35:47 UTC] 3
[08-May-2026 23:35:48 UTC] ../panel.db
[08-May-2026 23:35:48 UTC] 3
[08-May-2026 23:35:50 UTC] ../panel.db
[08-May-2026 23:35:50 UTC] 3
[08-May-2026 23:35:50 UTC] ../panel.db
[08-May-2026 23:35:50 UTC] 3
[08-May-2026 23:35:51 UTC] ../panel.db
[08-May-2026 23:35:51 UTC] 3
[08-May-2026 23:35:54 UTC] ../panel.db
[08-May-2026 23:35:54 UTC] ../panel.db
[08-May-2026 23:35:54 UTC] ../panel.db
[08-May-2026 23:35:54 UTC] ../panel.db
[08-May-2026 23:35:54 UTC] 3
[08-May-2026 23:35:54 UTC] 3
[08-May-2026 23:35:54 UTC] 3
[08-May-2026 23:35:54 UTC] 3
[08-May-2026 23:35:54 UTC] ../panel.db
[08-May-2026 23:35:54 UTC] 3
[08-May-2026 23:35:54 UTC] ../panel.db
[08-May-2026 23:35:54 UTC] 3
[08-May-2026 23:35:55 UTC] ../panel.db
[08-May-2026 23:35:55 UTC] 3
[08-May-2026 23:35:55 UTC] ../panel.db
[08-May-2026 23:35:55 UTC] 3
[08-May-2026 23:35:56 UTC] ../panel.db
[08-May-2026 23:35:56 UTC] 3
[08-May-2026 23:35:56 UTC] ../panel.db
[08-May-2026 23:35:56 UTC] ../panel.db
[08-May-2026 23:35:56 UTC] ../panel.db
[08-May-2026 23:35:56 UTC] ../panel.db
[08-May-2026 23:35:56 UTC] 3
[08-May-2026 23:35:56 UTC] 3
[08-May-2026 23:35:56 UTC] 3
[08-May-2026 23:35:56 UTC] 3
[08-May-2026 23:35:56 UTC] ../panel.db
[08-May-2026 23:35:56 UTC] 3
[08-May-2026 23:35:56 UTC] ../panel.db
[08-May-2026 23:35:56 UTC] 3
[08-May-2026 23:35:56 UTC] ../panel.db
[08-May-2026 23:35:56 UTC] 3
[08-May-2026 23:36:03 UTC] ../panel.db
[08-May-2026 23:36:03 UTC] 3
[08-May-2026 23:36:09 UTC] ../panel.db
[08-May-2026 23:36:09 UTC] 3
[08-May-2026 23:36:11 UTC] ../panel.db
[08-May-2026 23:36:11 UTC] 3
[08-May-2026 23:36:22 UTC] ../panel.db
[08-May-2026 23:36:22 UTC] 3
[08-May-2026 23:36:31 UTC] ../panel.db
[08-May-2026 23:36:31 UTC] 3
[08-May-2026 23:36:31 UTC] ../panel.db
[08-May-2026 23:36:31 UTC] 3
[08-May-2026 23:36:31 UTC] ../panel.db
[08-May-2026 23:36:31 UTC] ../panel.db
[08-May-2026 23:36:31 UTC] 3
[08-May-2026 23:36:31 UTC] 3
[08-May-2026 23:36:31 UTC] ../panel.db
[08-May-2026 23:36:31 UTC] 3
[08-May-2026 23:36:32 UTC] ../panel.db
[08-May-2026 23:36:32 UTC] 3
[08-May-2026 23:36:32 UTC] ../panel.db
[08-May-2026 23:36:32 UTC] 3
[08-May-2026 23:36:32 UTC] ../panel.db
[08-May-2026 23:36:32 UTC] 3
[08-May-2026 23:36:53 UTC] ../panel.db
[08-May-2026 23:36:53 UTC] 3
[08-May-2026 23:37:05 UTC] ../panel.db
[08-May-2026 23:37:05 UTC] 3
[08-May-2026 23:37:09 UTC] ../panel.db
[08-May-2026 23:37:09 UTC] 3
[08-May-2026 23:37:11 UTC] ../panel.db
[08-May-2026 23:37:11 UTC] 3
[08-May-2026 23:37:11 UTC] ../panel.db
[08-May-2026 23:37:11 UTC] ../panel.db
[08-May-2026 23:37:11 UTC] ../panel.db
[08-May-2026 23:37:11 UTC] ../panel.db
[08-May-2026 23:37:11 UTC] 3
[08-May-2026 23:37:11 UTC] 3
[08-May-2026 23:37:11 UTC] 3
[08-May-2026 23:37:11 UTC] 3
[08-May-2026 23:37:12 UTC] ../panel.db
[08-May-2026 23:37:12 UTC] 3
[08-May-2026 23:37:12 UTC] ../panel.db
[08-May-2026 23:37:12 UTC] 3
[08-May-2026 23:37:12 UTC] ../panel.db
[08-May-2026 23:37:12 UTC] 3
[08-May-2026 23:37:14 UTC] ../panel.db
[08-May-2026 23:37:14 UTC] 3
[08-May-2026 23:37:14 UTC] ../panel.db
[08-May-2026 23:37:14 UTC] ../panel.db
[08-May-2026 23:37:14 UTC] ../panel.db
[08-May-2026 23:37:14 UTC] 3
[08-May-2026 23:37:14 UTC] 3
[08-May-2026 23:37:14 UTC] 3
[08-May-2026 23:37:14 UTC] {"serverId":"4c09c109-1764-445c-beda-bafce5c08b83","userUuid":"1","token":"7dcd5010-b674-417d-b121-113eb9200a9a"}
[08-May-2026 23:37:14 UTC] {"serverId":"4c09c109-1764-445c-beda-bafce5c08b83","userUuid":"1","token":"7dcd5010-b674-417d-b121-113eb9200a9a"}
[08-May-2026 23:37:14 UTC] {"serverId":"06ac013c-1f14-4f03-8c5a-bd97d0d0499f","userUuid":"1","token":"7dcd5010-b674-417d-b121-113eb9200a9a"}
[08-May-2026 23:37:14 UTC] {"serverId":"06ac013c-1f14-4f03-8c5a-bd97d0d0499f","userUuid":"1","token":"7dcd5010-b674-417d-b121-113eb9200a9a"}
[08-May-2026 23:37:14 UTC] {"serverId":"6d51f2c4-a03d-4373-a278-4932147e3c5a","userUuid":"1","token":"7dcd5010-b674-417d-b121-113eb9200a9a"}
[08-May-2026 23:37:14 UTC] {"serverId":"6d51f2c4-a03d-4373-a278-4932147e3c5a","userUuid":"1","token":"7dcd5010-b674-417d-b121-113eb9200a9a"}
[08-May-2026 23:37:16 UTC] ../panel.db
[08-May-2026 23:37:16 UTC] 3
[08-May-2026 23:37:17 UTC] ../panel.db
[08-May-2026 23:37:17 UTC] 3
[08-May-2026 23:37:17 UTC] ../panel.db
[08-May-2026 23:37:17 UTC] ../panel.db
[08-May-2026 23:37:17 UTC] ../panel.db
[08-May-2026 23:37:17 UTC] 3
[08-May-2026 23:37:17 UTC] {"serverId":"4c09c109-1764-445c-beda-bafce5c08b83","userUuid":"1","token":"7dcd5010-b674-417d-b121-113eb9200a9a"}
[08-May-2026 23:37:17 UTC] {"serverId":"4c09c109-1764-445c-beda-bafce5c08b83","userUuid":"1","token":"7dcd5010-b674-417d-b121-113eb9200a9a"}
[08-May-2026 23:37:17 UTC] 3
[08-May-2026 23:37:17 UTC] {"serverId":"6d51f2c4-a03d-4373-a278-4932147e3c5a","userUuid":"1","token":"7dcd5010-b674-417d-b121-113eb9200a9a"}
[08-May-2026 23:37:17 UTC] {"serverId":"6d51f2c4-a03d-4373-a278-4932147e3c5a","userUuid":"1","token":"7dcd5010-b674-417d-b121-113eb9200a9a"}
[08-May-2026 23:37:17 UTC] 3
[08-May-2026 23:37:17 UTC] {"serverId":"06ac013c-1f14-4f03-8c5a-bd97d0d0499f","userUuid":"1","token":"7dcd5010-b674-417d-b121-113eb9200a9a"}
[08-May-2026 23:37:17 UTC] {"serverId":"06ac013c-1f14-4f03-8c5a-bd97d0d0499f","userUuid":"1","token":"7dcd5010-b674-417d-b121-113eb9200a9a"}
[08-May-2026 23:37:27 UTC] ../panel.db
[08-May-2026 23:37:27 UTC] 3
[08-May-2026 23:37:35 UTC] ../panel.db
[08-May-2026 23:37:35 UTC] 3
[08-May-2026 23:37:35 UTC] ../panel.db
[08-May-2026 23:37:35 UTC] ../panel.db
[08-May-2026 23:37:35 UTC] ../panel.db
[08-May-2026 23:37:35 UTC] ../panel.db
[08-May-2026 23:37:35 UTC] 3
[08-May-2026 23:37:35 UTC] 3
[08-May-2026 23:37:35 UTC] 3
[08-May-2026 23:37:35 UTC] 3
[08-May-2026 23:37:35 UTC] ../panel.db
[08-May-2026 23:37:35 UTC] 3
[08-May-2026 23:37:35 UTC] ../panel.db
[08-May-2026 23:37:35 UTC] 3
[08-May-2026 23:37:35 UTC] ../panel.db
[08-May-2026 23:37:35 UTC] 3
[08-May-2026 23:37:35 UTC] ../panel.db
[08-May-2026 23:37:35 UTC] ../panel.db
[08-May-2026 23:37:35 UTC] ../panel.db
[08-May-2026 23:37:35 UTC] 3
[08-May-2026 23:37:35 UTC] 3
[08-May-2026 23:37:35 UTC] {"serverId":"06ac013c-1f14-4f03-8c5a-bd97d0d0499f","userUuid":"1","token":"7dcd5010-b674-417d-b121-113eb9200a9a"}
[08-May-2026 23:37:35 UTC] 3
[08-May-2026 23:37:35 UTC] {"serverId":"06ac013c-1f14-4f03-8c5a-bd97d0d0499f","userUuid":"1","token":"7dcd5010-b674-417d-b121-113eb9200a9a"}
[08-May-2026 23:37:35 UTC] {"serverId":"6d51f2c4-a03d-4373-a278-4932147e3c5a","userUuid":"1","token":"7dcd5010-b674-417d-b121-113eb9200a9a"}
[08-May-2026 23:37:35 UTC] {"serverId":"6d51f2c4-a03d-4373-a278-4932147e3c5a","userUuid":"1","token":"7dcd5010-b674-417d-b121-113eb9200a9a"}
[08-May-2026 23:37:35 UTC] {"serverId":"4c09c109-1764-445c-beda-bafce5c08b83","userUuid":"1","token":"7dcd5010-b674-417d-b121-113eb9200a9a"}
[08-May-2026 23:37:35 UTC] {"serverId":"4c09c109-1764-445c-beda-bafce5c08b83","userUuid":"1","token":"7dcd5010-b674-417d-b121-113eb9200a9a"}
[08-May-2026 23:37:43 UTC] ../panel.db
[08-May-2026 23:37:43 UTC] 3
[08-May-2026 23:37:44 UTC] ../panel.db
[08-May-2026 23:37:44 UTC] 3
[08-May-2026 23:37:47 UTC] ../panel.db
[08-May-2026 23:37:47 UTC] 3
[08-May-2026 23:37:47 UTC] ../panel.db
[08-May-2026 23:37:47 UTC] ../panel.db
[08-May-2026 23:37:47 UTC] ../panel.db
[08-May-2026 23:37:47 UTC] 3
[08-May-2026 23:37:47 UTC] 3
[08-May-2026 23:37:47 UTC] 3
[08-May-2026 23:37:47 UTC] {"serverId":"06ac013c-1f14-4f03-8c5a-bd97d0d0499f","userUuid":"1","token":"7dcd5010-b674-417d-b121-113eb9200a9a"}
[08-May-2026 23:37:47 UTC] {"serverId":"06ac013c-1f14-4f03-8c5a-bd97d0d0499f","userUuid":"1","token":"7dcd5010-b674-417d-b121-113eb9200a9a"}
[08-May-2026 23:37:47 UTC] {"serverId":"4c09c109-1764-445c-beda-bafce5c08b83","userUuid":"1","token":"7dcd5010-b674-417d-b121-113eb9200a9a"}
[08-May-2026 23:37:47 UTC] {"serverId":"4c09c109-1764-445c-beda-bafce5c08b83","userUuid":"1","token":"7dcd5010-b674-417d-b121-113eb9200a9a"}
[08-May-2026 23:37:47 UTC] {"serverId":"6d51f2c4-a03d-4373-a278-4932147e3c5a","userUuid":"1","token":"7dcd5010-b674-417d-b121-113eb9200a9a"}
[08-May-2026 23:37:47 UTC] {"serverId":"6d51f2c4-a03d-4373-a278-4932147e3c5a","userUuid":"1","token":"7dcd5010-b674-417d-b121-113eb9200a9a"}
[08-May-2026 23:37:48 UTC] ../panel.db
[08-May-2026 23:37:48 UTC] 3
[08-May-2026 23:38:10 UTC] ../panel.db
[08-May-2026 23:38:10 UTC] 3
[08-May-2026 23:38:14 UTC] ../panel.db
[08-May-2026 23:38:14 UTC] 3
[08-May-2026 23:38:18 UTC] ../panel.db
[08-May-2026 23:38:18 UTC] 3
[08-May-2026 23:38:19 UTC] ../panel.db
[08-May-2026 23:38:19 UTC] 3
[08-May-2026 23:40:52 UTC] ../panel.db
[08-May-2026 23:40:52 UTC] 3
[08-May-2026 23:40:57 UTC] ../panel.db
[08-May-2026 23:40:57 UTC] 3
[08-May-2026 23:40:57 UTC] ../panel.db
[08-May-2026 23:40:57 UTC] ../panel.db
[08-May-2026 23:40:57 UTC] ../panel.db
[08-May-2026 23:40:57 UTC] 3
[08-May-2026 23:40:57 UTC] ../panel.db
[08-May-2026 23:40:57 UTC] 3
[08-May-2026 23:40:57 UTC] 3
[08-May-2026 23:40:57 UTC] 3
[08-May-2026 23:40:57 UTC] ../panel.db
[08-May-2026 23:40:57 UTC] 3
[08-May-2026 23:40:57 UTC] ../panel.db
[08-May-2026 23:40:57 UTC] 3
[08-May-2026 23:40:57 UTC] ../panel.db
[08-May-2026 23:40:57 UTC] 3
[08-May-2026 23:40:58 UTC] ../panel.db
[08-May-2026 23:40:58 UTC] 3
[08-May-2026 23:40:58 UTC] ../panel.db
[08-May-2026 23:40:58 UTC] 3
[08-May-2026 23:40:58 UTC] ../panel.db
[08-May-2026 23:40:58 UTC] 3
[08-May-2026 23:40:58 UTC] ../panel.db
[08-May-2026 23:40:58 UTC] ../panel.db
[08-May-2026 23:40:58 UTC] ../panel.db
[08-May-2026 23:40:58 UTC] ../panel.db
[08-May-2026 23:40:58 UTC] 3
[08-May-2026 23:40:58 UTC] 3
[08-May-2026 23:40:58 UTC] 3
[08-May-2026 23:40:58 UTC] 3
[08-May-2026 23:40:58 UTC] ../panel.db
[08-May-2026 23:40:58 UTC] 3
[08-May-2026 23:40:58 UTC] ../panel.db
[08-May-2026 23:40:58 UTC] 3
[08-May-2026 23:40:59 UTC] ../panel.db
[08-May-2026 23:40:59 UTC] 3
[08-May-2026 23:41:04 UTC] ../panel.db
[08-May-2026 23:41:04 UTC] 3
[08-May-2026 23:41:04 UTC] ../panel.db
[08-May-2026 23:41:04 UTC] 3
[08-May-2026 23:41:04 UTC] ../panel.db
[08-May-2026 23:41:04 UTC] ../panel.db
[08-May-2026 23:41:04 UTC] ../panel.db
[08-May-2026 23:41:04 UTC] ../panel.db
[08-May-2026 23:41:04 UTC] 3
[08-May-2026 23:41:04 UTC] 3
[08-May-2026 23:41:04 UTC] 3
[08-May-2026 23:41:04 UTC] 3
[08-May-2026 23:41:04 UTC] ../panel.db
[08-May-2026 23:41:04 UTC] 3
[08-May-2026 23:41:04 UTC] ../panel.db
[08-May-2026 23:41:04 UTC] 3
[08-May-2026 23:41:05 UTC] ../panel.db
[08-May-2026 23:41:05 UTC] 3
[08-May-2026 23:41:05 UTC] ../panel.db
[08-May-2026 23:41:05 UTC] 3
[08-May-2026 23:41:05 UTC] ../panel.db
[08-May-2026 23:41:05 UTC] ../panel.db
[08-May-2026 23:41:05 UTC] ../panel.db
[08-May-2026 23:41:05 UTC] ../panel.db
[08-May-2026 23:41:05 UTC] 3
[08-May-2026 23:41:05 UTC] 3
[08-May-2026 23:41:05 UTC] 3
[08-May-2026 23:41:05 UTC] 3
[08-May-2026 23:41:06 UTC] ../panel.db
[08-May-2026 23:41:06 UTC] 3
[08-May-2026 23:41:06 UTC] ../panel.db
[08-May-2026 23:41:06 UTC] 3
[08-May-2026 23:41:06 UTC] ../panel.db
[08-May-2026 23:41:06 UTC] 3
[08-May-2026 23:41:12 UTC] ../panel.db
[08-May-2026 23:41:12 UTC] 3
[08-May-2026 23:41:12 UTC] ../panel.db
[08-May-2026 23:41:12 UTC] 3
[08-May-2026 23:41:14 UTC] ../panel.db
[08-May-2026 23:41:14 UTC] ../panel.db
[08-May-2026 23:41:14 UTC] ../panel.db
[08-May-2026 23:41:14 UTC] ../panel.db
[08-May-2026 23:41:14 UTC] 3
[08-May-2026 23:41:14 UTC] 3
[08-May-2026 23:41:14 UTC] 3
[08-May-2026 23:41:14 UTC] 3
[08-May-2026 23:41:14 UTC] ../panel.db
[08-May-2026 23:41:14 UTC] 3
[08-May-2026 23:41:14 UTC] ../panel.db
[08-May-2026 23:41:14 UTC] 3
[08-May-2026 23:41:14 UTC] ../panel.db
[08-May-2026 23:41:14 UTC] 3
[08-May-2026 23:41:21 UTC] ../panel.db
[08-May-2026 23:41:21 UTC] 3
[08-May-2026 23:41:34 UTC] ../panel.db
[08-May-2026 23:41:34 UTC] 3
[08-May-2026 23:41:35 UTC] ../panel.db
[08-May-2026 23:41:35 UTC] 3
[08-May-2026 23:41:35 UTC] ../panel.db
[08-May-2026 23:41:35 UTC] ../panel.db
[08-May-2026 23:41:35 UTC] ../panel.db
[08-May-2026 23:41:35 UTC] ../panel.db
[08-May-2026 23:41:35 UTC] 3
[08-May-2026 23:41:35 UTC] 3
[08-May-2026 23:41:35 UTC] 3
[08-May-2026 23:41:35 UTC] 3
[08-May-2026 23:41:35 UTC] ../panel.db
[08-May-2026 23:41:35 UTC] 3
[08-May-2026 23:41:35 UTC] ../panel.db
[08-May-2026 23:41:35 UTC] 3
[08-May-2026 23:41:35 UTC] ../panel.db
[08-May-2026 23:41:35 UTC] 3
[08-May-2026 23:41:49 UTC] ../panel.db
[08-May-2026 23:41:49 UTC] 3
[08-May-2026 23:41:49 UTC] ../panel.db
[08-May-2026 23:41:49 UTC] ../panel.db
[08-May-2026 23:41:49 UTC] ../panel.db
[08-May-2026 23:41:49 UTC] 3
[08-May-2026 23:41:49 UTC] 3
[08-May-2026 23:41:49 UTC] 3
[08-May-2026 23:41:49 UTC] {"serverId":"06ac013c-1f14-4f03-8c5a-bd97d0d0499f","userUuid":"1","token":"7dcd5010-b674-417d-b121-113eb9200a9a"}
[08-May-2026 23:41:49 UTC] {"serverId":"06ac013c-1f14-4f03-8c5a-bd97d0d0499f","userUuid":"1","token":"7dcd5010-b674-417d-b121-113eb9200a9a"}
[08-May-2026 23:41:49 UTC] {"serverId":"4c09c109-1764-445c-beda-bafce5c08b83","userUuid":"1","token":"7dcd5010-b674-417d-b121-113eb9200a9a"}
[08-May-2026 23:41:49 UTC] {"serverId":"4c09c109-1764-445c-beda-bafce5c08b83","userUuid":"1","token":"7dcd5010-b674-417d-b121-113eb9200a9a"}
[08-May-2026 23:41:49 UTC] {"serverId":"6d51f2c4-a03d-4373-a278-4932147e3c5a","userUuid":"1","token":"7dcd5010-b674-417d-b121-113eb9200a9a"}
[08-May-2026 23:41:49 UTC] {"serverId":"6d51f2c4-a03d-4373-a278-4932147e3c5a","userUuid":"1","token":"7dcd5010-b674-417d-b121-113eb9200a9a"}
[08-May-2026 23:41:58 UTC] ../panel.db
[08-May-2026 23:41:58 UTC] 3
[08-May-2026 23:42:00 UTC] ../panel.db
[08-May-2026 23:42:00 UTC] 3
[08-May-2026 23:42:06 UTC] ../panel.db
[08-May-2026 23:42:06 UTC] 3
[08-May-2026 23:42:09 UTC] ../panel.db
[08-May-2026 23:42:09 UTC] 3
[08-May-2026 23:42:09 UTC] ../panel.db
[08-May-2026 23:42:09 UTC] ../panel.db
[08-May-2026 23:42:09 UTC] ../panel.db
[08-May-2026 23:42:09 UTC] 3
[08-May-2026 23:42:09 UTC] 3
[08-May-2026 23:42:09 UTC] 3
[08-May-2026 23:42:09 UTC] ../panel.db
[08-May-2026 23:42:09 UTC] 3
[08-May-2026 23:42:09 UTC] ../panel.db
[08-May-2026 23:42:09 UTC] 3
[08-May-2026 23:42:10 UTC] ../panel.db
[08-May-2026 23:42:10 UTC] 3
[08-May-2026 23:42:10 UTC] ../panel.db
[08-May-2026 23:42:10 UTC] 3
[08-May-2026 23:42:10 UTC] ../panel.db
[08-May-2026 23:42:10 UTC] 3
[08-May-2026 23:42:12 UTC] ../panel.db
[08-May-2026 23:42:12 UTC] 3
[08-May-2026 23:42:13 UTC] ../panel.db
[08-May-2026 23:42:13 UTC] 3
[08-May-2026 23:42:17 UTC] ../panel.db
[08-May-2026 23:42:17 UTC] ../panel.db
[08-May-2026 23:42:17 UTC] ../panel.db
[08-May-2026 23:42:17 UTC] ../panel.db
[08-May-2026 23:42:17 UTC] 3
[08-May-2026 23:42:17 UTC] 3
[08-May-2026 23:42:17 UTC] 3
[08-May-2026 23:42:17 UTC] 3
[08-May-2026 23:42:17 UTC] ../panel.db
[08-May-2026 23:42:17 UTC] 3
[08-May-2026 23:42:17 UTC] ../panel.db
[08-May-2026 23:42:17 UTC] 3
[08-May-2026 23:42:18 UTC] ../panel.db
[08-May-2026 23:42:18 UTC] 3
[08-May-2026 23:42:19 UTC] ../panel.db
[08-May-2026 23:42:19 UTC] 3
[08-May-2026 23:42:19 UTC] ../panel.db
[08-May-2026 23:42:19 UTC] ../panel.db
[08-May-2026 23:42:19 UTC] ../panel.db
[08-May-2026 23:42:19 UTC] ../panel.db
[08-May-2026 23:42:19 UTC] 3
[08-May-2026 23:42:19 UTC] 3
[08-May-2026 23:42:19 UTC] 3
[08-May-2026 23:42:19 UTC] 3
[08-May-2026 23:42:19 UTC] ../panel.db
[08-May-2026 23:42:19 UTC] 3
[08-May-2026 23:42:19 UTC] ../panel.db
[08-May-2026 23:42:19 UTC] 3
[08-May-2026 23:42:19 UTC] ../panel.db
[08-May-2026 23:42:19 UTC] 3
[08-May-2026 23:42:33 UTC] ../panel.db
[08-May-2026 23:42:33 UTC] 3
[08-May-2026 23:42:34 UTC] ../panel.db
[08-May-2026 23:42:34 UTC] 3
[08-May-2026 23:42:34 UTC] ../panel.db
[08-May-2026 23:42:34 UTC] ../panel.db
[08-May-2026 23:42:34 UTC] ../panel.db
[08-May-2026 23:42:34 UTC] 3
[08-May-2026 23:42:34 UTC] 3
[08-May-2026 23:42:34 UTC] 3
[08-May-2026 23:42:34 UTC] {"serverId":"4c09c109-1764-445c-beda-bafce5c08b83","userUuid":"1","token":"7dcd5010-b674-417d-b121-113eb9200a9a"}
[08-May-2026 23:42:34 UTC] {"serverId":"4c09c109-1764-445c-beda-bafce5c08b83","userUuid":"1","token":"7dcd5010-b674-417d-b121-113eb9200a9a"}
[08-May-2026 23:42:34 UTC] {"serverId":"06ac013c-1f14-4f03-8c5a-bd97d0d0499f","userUuid":"1","token":"7dcd5010-b674-417d-b121-113eb9200a9a"}
[08-May-2026 23:42:34 UTC] {"serverId":"06ac013c-1f14-4f03-8c5a-bd97d0d0499f","userUuid":"1","token":"7dcd5010-b674-417d-b121-113eb9200a9a"}
[08-May-2026 23:42:34 UTC] {"serverId":"6d51f2c4-a03d-4373-a278-4932147e3c5a","userUuid":"1","token":"7dcd5010-b674-417d-b121-113eb9200a9a"}
[08-May-2026 23:42:34 UTC] {"serverId":"6d51f2c4-a03d-4373-a278-4932147e3c5a","userUuid":"1","token":"7dcd5010-b674-417d-b121-113eb9200a9a"}
[08-May-2026 23:42:36 UTC] ../panel.db
[08-May-2026 23:42:36 UTC] 3
[08-May-2026 23:42:46 UTC] ../panel.db
[08-May-2026 23:42:46 UTC] 3
[08-May-2026 23:44:00 UTC] ../panel.db
[08-May-2026 23:44:00 UTC] 3
[08-May-2026 23:44:03 UTC] ../panel.db
[08-May-2026 23:44:03 UTC] 3
[08-May-2026 23:44:04 UTC] ../panel.db
[08-May-2026 23:44:04 UTC] 3
[08-May-2026 23:44:08 UTC] ../panel.db
[08-May-2026 23:44:08 UTC] 3
[08-May-2026 23:44:09 UTC] ../panel.db
[08-May-2026 23:44:09 UTC] 3
[08-May-2026 23:44:14 UTC] ../panel.db
[08-May-2026 23:44:14 UTC] ../panel.db
[08-May-2026 23:44:14 UTC] ../panel.db
[08-May-2026 23:44:14 UTC] ../panel.db
[08-May-2026 23:44:14 UTC] 3
[08-May-2026 23:44:14 UTC] 3
[08-May-2026 23:44:14 UTC] 3
[08-May-2026 23:44:14 UTC] 3
[08-May-2026 23:44:14 UTC] ../panel.db
[08-May-2026 23:44:14 UTC] 3
[08-May-2026 23:44:14 UTC] ../panel.db
[08-May-2026 23:44:14 UTC] 3
[08-May-2026 23:44:15 UTC] ../panel.db
[08-May-2026 23:44:15 UTC] 3
[08-May-2026 23:44:18 UTC] ../panel.db
[08-May-2026 23:44:18 UTC] 3
[08-May-2026 23:44:18 UTC] ../panel.db
[08-May-2026 23:44:18 UTC] ../panel.db
[08-May-2026 23:44:18 UTC] ../panel.db
[08-May-2026 23:44:18 UTC] ../panel.db
[08-May-2026 23:44:18 UTC] 3
[08-May-2026 23:44:18 UTC] 3
[08-May-2026 23:44:18 UTC] 3
[08-May-2026 23:44:18 UTC] ../panel.db
[08-May-2026 23:44:18 UTC] 3
[08-May-2026 23:44:18 UTC] 3
[08-May-2026 23:44:19 UTC] ../panel.db
[08-May-2026 23:44:19 UTC] ../panel.db
[08-May-2026 23:44:19 UTC] ../panel.db
[08-May-2026 23:44:19 UTC] ../panel.db
[08-May-2026 23:44:19 UTC] 3
[08-May-2026 23:44:19 UTC] 3
[08-May-2026 23:44:19 UTC] 3
[08-May-2026 23:44:19 UTC] 3
[08-May-2026 23:44:19 UTC] ../panel.db
[08-May-2026 23:44:19 UTC] 3
[08-May-2026 23:44:19 UTC] ../panel.db
[08-May-2026 23:44:19 UTC] 3
[08-May-2026 23:44:19 UTC] ../panel.db
[08-May-2026 23:44:19 UTC] 3
[08-May-2026 23:44:24 UTC] ../panel.db
[08-May-2026 23:44:24 UTC] 3
[08-May-2026 23:44:24 UTC] ../panel.db
[08-May-2026 23:44:24 UTC] ../panel.db
[08-May-2026 23:44:24 UTC] ../panel.db
[08-May-2026 23:44:24 UTC] ../panel.db
[08-May-2026 23:44:24 UTC] 3
[08-May-2026 23:44:24 UTC] 3
[08-May-2026 23:44:24 UTC] 3
[08-May-2026 23:44:24 UTC] 3
[08-May-2026 23:44:24 UTC] ../panel.db
[08-May-2026 23:44:24 UTC] 3
[08-May-2026 23:44:24 UTC] ../panel.db
[08-May-2026 23:44:24 UTC] 3
[08-May-2026 23:44:27 UTC] ../panel.db
[08-May-2026 23:44:27 UTC] 3
[08-May-2026 23:44:29 UTC] ../panel.db
[08-May-2026 23:44:29 UTC] 3
[08-May-2026 23:44:38 UTC] ../panel.db
[08-May-2026 23:44:38 UTC] 3
[08-May-2026 23:44:41 UTC] ../panel.db
[08-May-2026 23:44:41 UTC] 3
[08-May-2026 23:44:41 UTC] ../panel.db
[08-May-2026 23:44:41 UTC] ../panel.db
[08-May-2026 23:44:41 UTC] ../panel.db
[08-May-2026 23:44:41 UTC] 3
[08-May-2026 23:44:41 UTC] 3
[08-May-2026 23:44:41 UTC] {"serverId":"06ac013c-1f14-4f03-8c5a-bd97d0d0499f","userUuid":"1","token":"7dcd5010-b674-417d-b121-113eb9200a9a"}
[08-May-2026 23:44:41 UTC] 3
[08-May-2026 23:44:41 UTC] {"serverId":"06ac013c-1f14-4f03-8c5a-bd97d0d0499f","userUuid":"1","token":"7dcd5010-b674-417d-b121-113eb9200a9a"}
[08-May-2026 23:44:41 UTC] {"serverId":"4c09c109-1764-445c-beda-bafce5c08b83","userUuid":"1","token":"7dcd5010-b674-417d-b121-113eb9200a9a"}
[08-May-2026 23:44:41 UTC] {"serverId":"4c09c109-1764-445c-beda-bafce5c08b83","userUuid":"1","token":"7dcd5010-b674-417d-b121-113eb9200a9a"}
[08-May-2026 23:44:41 UTC] {"serverId":"6d51f2c4-a03d-4373-a278-4932147e3c5a","userUuid":"1","token":"7dcd5010-b674-417d-b121-113eb9200a9a"}
[08-May-2026 23:44:41 UTC] {"serverId":"6d51f2c4-a03d-4373-a278-4932147e3c5a","userUuid":"1","token":"7dcd5010-b674-417d-b121-113eb9200a9a"}
[08-May-2026 23:44:43 UTC] ../panel.db
[08-May-2026 23:44:43 UTC] 3
[08-May-2026 23:44:43 UTC] ../panel.db
[08-May-2026 23:44:43 UTC] 3
[08-May-2026 23:44:43 UTC] ../panel.db
[08-May-2026 23:44:43 UTC] 3
[08-May-2026 23:44:52 UTC] ../panel.db
[08-May-2026 23:44:52 UTC] 3
[08-May-2026 23:44:52 UTC] ../panel.db
[08-May-2026 23:44:52 UTC] ../panel.db
[08-May-2026 23:44:52 UTC] ../panel.db
[08-May-2026 23:44:52 UTC] 3
[08-May-2026 23:44:52 UTC] 3
[08-May-2026 23:44:52 UTC] 3
[08-May-2026 23:44:52 UTC] ../panel.db
[08-May-2026 23:44:52 UTC] 3
[08-May-2026 23:44:52 UTC] ../panel.db
[08-May-2026 23:44:52 UTC] 3
[08-May-2026 23:47:13 UTC] ../panel.db
[08-May-2026 23:47:13 UTC] ../panel.db
[08-May-2026 23:47:13 UTC] 3
[08-May-2026 23:47:13 UTC] 3
[08-May-2026 23:47:49 UTC] ../panel.db
[08-May-2026 23:47:49 UTC] 3
[08-May-2026 23:47:50 UTC] ../panel.db
[08-May-2026 23:47:50 UTC] 3
[08-May-2026 23:47:50 UTC] ../panel.db
[08-May-2026 23:47:50 UTC] ../panel.db
[08-May-2026 23:47:50 UTC] ../panel.db
[08-May-2026 23:47:50 UTC] ../panel.db
[08-May-2026 23:47:50 UTC] 3
[08-May-2026 23:47:50 UTC] 3
[08-May-2026 23:47:50 UTC] 3
[08-May-2026 23:47:50 UTC] 3
[08-May-2026 23:47:50 UTC] ../panel.db
[08-May-2026 23:47:50 UTC] 3
[08-May-2026 23:47:50 UTC] ../panel.db
[08-May-2026 23:47:50 UTC] 3
[08-May-2026 23:47:53 UTC] ../panel.db
[08-May-2026 23:47:53 UTC] 3
[08-May-2026 23:47:53 UTC] ../panel.db
[08-May-2026 23:47:53 UTC] 3
[08-May-2026 23:50:15 UTC] ../panel.db
[08-May-2026 23:50:15 UTC] 3
[08-May-2026 23:50:15 UTC] ../panel.db
[08-May-2026 23:50:15 UTC] ../panel.db
[08-May-2026 23:50:15 UTC] ../panel.db
[08-May-2026 23:50:15 UTC] ../panel.db
[08-May-2026 23:50:15 UTC] 3
[08-May-2026 23:50:15 UTC] ../panel.db
[08-May-2026 23:50:15 UTC] 3
[08-May-2026 23:50:15 UTC] 3
[08-May-2026 23:50:15 UTC] 3
[08-May-2026 23:50:15 UTC] 3
[08-May-2026 23:50:15 UTC] ../panel.db
[08-May-2026 23:50:15 UTC] 3
[08-May-2026 23:50:15 UTC] ../panel.db
[08-May-2026 23:50:15 UTC] 3
[08-May-2026 23:50:16 UTC] ../panel.db
[08-May-2026 23:50:16 UTC] 3
[08-May-2026 23:50:16 UTC] ../panel.db
[08-May-2026 23:50:16 UTC] 3
[08-May-2026 23:50:16 UTC] ../panel.db
[08-May-2026 23:50:16 UTC] ../panel.db
[08-May-2026 23:50:16 UTC] ../panel.db
[08-May-2026 23:50:16 UTC] 3
[08-May-2026 23:50:16 UTC] 3
[08-May-2026 23:50:16 UTC] 3
[08-May-2026 23:50:16 UTC] {"serverId":"06ac013c-1f14-4f03-8c5a-bd97d0d0499f","userUuid":"1","token":"7dcd5010-b674-417d-b121-113eb9200a9a"}
[08-May-2026 23:50:16 UTC] {"serverId":"06ac013c-1f14-4f03-8c5a-bd97d0d0499f","userUuid":"1","token":"7dcd5010-b674-417d-b121-113eb9200a9a"}
[08-May-2026 23:50:16 UTC] {"serverId":"4c09c109-1764-445c-beda-bafce5c08b83","userUuid":"1","token":"7dcd5010-b674-417d-b121-113eb9200a9a"}
[08-May-2026 23:50:16 UTC] {"serverId":"4c09c109-1764-445c-beda-bafce5c08b83","userUuid":"1","token":"7dcd5010-b674-417d-b121-113eb9200a9a"}
[08-May-2026 23:50:16 UTC] {"serverId":"6d51f2c4-a03d-4373-a278-4932147e3c5a","userUuid":"1","token":"7dcd5010-b674-417d-b121-113eb9200a9a"}
[08-May-2026 23:50:16 UTC] {"serverId":"6d51f2c4-a03d-4373-a278-4932147e3c5a","userUuid":"1","token":"7dcd5010-b674-417d-b121-113eb9200a9a"}
[08-May-2026 23:50:17 UTC] ../panel.db
[08-May-2026 23:50:17 UTC] 3
[08-May-2026 23:50:18 UTC] ../panel.db
[08-May-2026 23:50:18 UTC] 3
[08-May-2026 23:50:19 UTC] ../panel.db
[08-May-2026 23:50:19 UTC] 3
[08-May-2026 23:50:19 UTC] ../panel.db
[08-May-2026 23:50:19 UTC] ../panel.db
[08-May-2026 23:50:19 UTC] ../panel.db
[08-May-2026 23:50:19 UTC] 3
[08-May-2026 23:50:19 UTC] 3
[08-May-2026 23:50:19 UTC] 3
[08-May-2026 23:50:19 UTC] {"serverId":"4c09c109-1764-445c-beda-bafce5c08b83","userUuid":"1","token":"7dcd5010-b674-417d-b121-113eb9200a9a"}
[08-May-2026 23:50:19 UTC] {"serverId":"4c09c109-1764-445c-beda-bafce5c08b83","userUuid":"1","token":"7dcd5010-b674-417d-b121-113eb9200a9a"}
[08-May-2026 23:50:19 UTC] {"serverId":"6d51f2c4-a03d-4373-a278-4932147e3c5a","userUuid":"1","token":"7dcd5010-b674-417d-b121-113eb9200a9a"}
[08-May-2026 23:50:19 UTC] {"serverId":"6d51f2c4-a03d-4373-a278-4932147e3c5a","userUuid":"1","token":"7dcd5010-b674-417d-b121-113eb9200a9a"}
[08-May-2026 23:50:19 UTC] {"serverId":"06ac013c-1f14-4f03-8c5a-bd97d0d0499f","userUuid":"1","token":"7dcd5010-b674-417d-b121-113eb9200a9a"}
[08-May-2026 23:50:19 UTC] {"serverId":"06ac013c-1f14-4f03-8c5a-bd97d0d0499f","userUuid":"1","token":"7dcd5010-b674-417d-b121-113eb9200a9a"}
[08-May-2026 23:50:20 UTC] ../panel.db
[08-May-2026 23:50:20 UTC] 3
[08-May-2026 23:50:20 UTC] ../panel.db
[08-May-2026 23:50:20 UTC] 3
[08-May-2026 23:50:21 UTC] ../panel.db
[08-May-2026 23:50:21 UTC] 3
[08-May-2026 23:50:24 UTC] ../panel.db
[08-May-2026 23:50:24 UTC] 3
[08-May-2026 23:50:25 UTC] ../panel.db
[08-May-2026 23:50:25 UTC] 3
[08-May-2026 23:50:25 UTC] ../panel.db
[08-May-2026 23:50:25 UTC] 3
[08-May-2026 23:50:25 UTC] ../panel.db
[08-May-2026 23:50:25 UTC] 3
[08-May-2026 23:50:25 UTC] ../panel.db
[08-May-2026 23:50:25 UTC] ../panel.db
[08-May-2026 23:50:25 UTC] ../panel.db
[08-May-2026 23:50:25 UTC] 3
[08-May-2026 23:50:25 UTC] 3
[08-May-2026 23:50:25 UTC] 3
[08-May-2026 23:50:25 UTC] {"serverId":"6d51f2c4-a03d-4373-a278-4932147e3c5a","userUuid":"1","token":"7dcd5010-b674-417d-b121-113eb9200a9a"}
[08-May-2026 23:50:25 UTC] {"serverId":"6d51f2c4-a03d-4373-a278-4932147e3c5a","userUuid":"1","token":"7dcd5010-b674-417d-b121-113eb9200a9a"}
[08-May-2026 23:50:25 UTC] {"serverId":"06ac013c-1f14-4f03-8c5a-bd97d0d0499f","userUuid":"1","token":"7dcd5010-b674-417d-b121-113eb9200a9a"}
[08-May-2026 23:50:25 UTC] {"serverId":"06ac013c-1f14-4f03-8c5a-bd97d0d0499f","userUuid":"1","token":"7dcd5010-b674-417d-b121-113eb9200a9a"}
[08-May-2026 23:50:25 UTC] {"serverId":"4c09c109-1764-445c-beda-bafce5c08b83","userUuid":"1","token":"7dcd5010-b674-417d-b121-113eb9200a9a"}
[08-May-2026 23:50:25 UTC] {"serverId":"4c09c109-1764-445c-beda-bafce5c08b83","userUuid":"1","token":"7dcd5010-b674-417d-b121-113eb9200a9a"}
[08-May-2026 23:50:26 UTC] ../panel.db
[08-May-2026 23:50:26 UTC] 3
[08-May-2026 23:50:53 UTC] ../panel.db
[08-May-2026 23:50:53 UTC] 3
[08-May-2026 23:51:06 UTC] ../panel.db
[08-May-2026 23:51:06 UTC] 3
[08-May-2026 23:51:08 UTC] ../panel.db
[08-May-2026 23:51:08 UTC] 3
[08-May-2026 23:51:09 UTC] ../panel.db
[08-May-2026 23:51:09 UTC] 3
[08-May-2026 23:51:10 UTC] ../panel.db
[08-May-2026 23:51:10 UTC] ../panel.db
[08-May-2026 23:51:10 UTC] ../panel.db
[08-May-2026 23:51:10 UTC] ../panel.db
[08-May-2026 23:51:10 UTC] ../panel.db
[08-May-2026 23:51:10 UTC] 3
[08-May-2026 23:51:10 UTC] 3
[08-May-2026 23:51:10 UTC] 3
[08-May-2026 23:51:10 UTC] 3
[08-May-2026 23:51:10 UTC] 3
[08-May-2026 23:51:10 UTC] ../panel.db
[08-May-2026 23:51:10 UTC] 3
[08-May-2026 23:51:10 UTC] ../panel.db
[08-May-2026 23:51:10 UTC] 3
[08-May-2026 23:51:12 UTC] ../panel.db
[08-May-2026 23:51:12 UTC] 3
[08-May-2026 23:51:12 UTC] ../panel.db
[08-May-2026 23:51:12 UTC] ../panel.db
[08-May-2026 23:51:12 UTC] ../panel.db
[08-May-2026 23:51:12 UTC] ../panel.db
[08-May-2026 23:51:12 UTC] ../panel.db
[08-May-2026 23:51:12 UTC] 3
[08-May-2026 23:51:12 UTC] 3
[08-May-2026 23:51:12 UTC] 3
[08-May-2026 23:51:12 UTC] 3
[08-May-2026 23:51:12 UTC] 3
[08-May-2026 23:51:13 UTC] ../panel.db
[08-May-2026 23:51:13 UTC] 3
[08-May-2026 23:51:13 UTC] ../panel.db
[08-May-2026 23:51:13 UTC] 3
[08-May-2026 23:51:16 UTC] ../panel.db
[08-May-2026 23:51:16 UTC] 3
[08-May-2026 23:51:51 UTC] ../panel.db
[08-May-2026 23:51:51 UTC] 3
[08-May-2026 23:52:04 UTC] ../panel.db
[08-May-2026 23:52:04 UTC] 3
[08-May-2026 23:52:04 UTC] ../panel.db
[08-May-2026 23:52:04 UTC] ../panel.db
[08-May-2026 23:52:04 UTC] ../panel.db
[08-May-2026 23:52:04 UTC] ../panel.db
[08-May-2026 23:52:04 UTC] 3
[08-May-2026 23:52:04 UTC] 3
[08-May-2026 23:52:04 UTC] 3
[08-May-2026 23:52:04 UTC] 3
[08-May-2026 23:52:04 UTC] ../panel.db
[08-May-2026 23:52:04 UTC] 3
[08-May-2026 23:52:04 UTC] ../panel.db
[08-May-2026 23:52:04 UTC] 3
[08-May-2026 23:52:08 UTC] ../panel.db
[08-May-2026 23:52:08 UTC] 3
[08-May-2026 23:52:16 UTC] ../panel.db
[08-May-2026 23:52:16 UTC] 3
[08-May-2026 23:52:30 UTC] ../panel.db
[08-May-2026 23:52:30 UTC] 3
[08-May-2026 23:52:32 UTC] ../panel.db
[08-May-2026 23:52:32 UTC] 3
[08-May-2026 23:52:32 UTC] ../panel.db
[08-May-2026 23:52:32 UTC] ../panel.db
[08-May-2026 23:52:32 UTC] ../panel.db
[08-May-2026 23:52:32 UTC] 3
[08-May-2026 23:52:32 UTC] {"serverId":"06ac013c-1f14-4f03-8c5a-bd97d0d0499f","userUuid":"1","token":"7dcd5010-b674-417d-b121-113eb9200a9a"}
[08-May-2026 23:52:32 UTC] {"serverId":"06ac013c-1f14-4f03-8c5a-bd97d0d0499f","userUuid":"1","token":"7dcd5010-b674-417d-b121-113eb9200a9a"}
[08-May-2026 23:52:32 UTC] 3
[08-May-2026 23:52:32 UTC] 3
[08-May-2026 23:52:32 UTC] {"serverId":"6d51f2c4-a03d-4373-a278-4932147e3c5a","userUuid":"1","token":"7dcd5010-b674-417d-b121-113eb9200a9a"}
[08-May-2026 23:52:32 UTC] {"serverId":"6d51f2c4-a03d-4373-a278-4932147e3c5a","userUuid":"1","token":"7dcd5010-b674-417d-b121-113eb9200a9a"}
[08-May-2026 23:52:32 UTC] {"serverId":"4c09c109-1764-445c-beda-bafce5c08b83","userUuid":"1","token":"7dcd5010-b674-417d-b121-113eb9200a9a"}
[08-May-2026 23:52:32 UTC] {"serverId":"4c09c109-1764-445c-beda-bafce5c08b83","userUuid":"1","token":"7dcd5010-b674-417d-b121-113eb9200a9a"}
[08-May-2026 23:52:44 UTC] ../panel.db
[08-May-2026 23:52:44 UTC] 3
[08-May-2026 23:53:16 UTC] ../panel.db
[08-May-2026 23:53:16 UTC] 3
[08-May-2026 23:53:21 UTC] ../panel.db
[08-May-2026 23:53:21 UTC] 3
[08-May-2026 23:53:21 UTC] ../panel.db
[08-May-2026 23:53:21 UTC] ../panel.db
[08-May-2026 23:53:21 UTC] ../panel.db
[08-May-2026 23:53:21 UTC] ../panel.db
[08-May-2026 23:53:21 UTC] 3
[08-May-2026 23:53:21 UTC] 3
[08-May-2026 23:53:21 UTC] 3
[08-May-2026 23:53:21 UTC] 3
[08-May-2026 23:53:21 UTC] ../panel.db
[08-May-2026 23:53:21 UTC] 3
[08-May-2026 23:53:21 UTC] ../panel.db
[08-May-2026 23:53:21 UTC] 3
[08-May-2026 23:53:22 UTC] ../panel.db
[08-May-2026 23:53:22 UTC] 3
[08-May-2026 23:53:22 UTC] ../panel.db
[08-May-2026 23:53:22 UTC] ../panel.db
[08-May-2026 23:53:22 UTC] ../panel.db
[08-May-2026 23:53:22 UTC] 3
[08-May-2026 23:53:22 UTC] 3
[08-May-2026 23:53:22 UTC] 3
[08-May-2026 23:53:22 UTC] {"serverId":"6d51f2c4-a03d-4373-a278-4932147e3c5a","userUuid":"1","token":"7dcd5010-b674-417d-b121-113eb9200a9a"}
[08-May-2026 23:53:22 UTC] {"serverId":"6d51f2c4-a03d-4373-a278-4932147e3c5a","userUuid":"1","token":"7dcd5010-b674-417d-b121-113eb9200a9a"}
[08-May-2026 23:53:22 UTC] {"serverId":"4c09c109-1764-445c-beda-bafce5c08b83","userUuid":"1","token":"7dcd5010-b674-417d-b121-113eb9200a9a"}
[08-May-2026 23:53:22 UTC] {"serverId":"4c09c109-1764-445c-beda-bafce5c08b83","userUuid":"1","token":"7dcd5010-b674-417d-b121-113eb9200a9a"}
[08-May-2026 23:53:22 UTC] {"serverId":"06ac013c-1f14-4f03-8c5a-bd97d0d0499f","userUuid":"1","token":"7dcd5010-b674-417d-b121-113eb9200a9a"}
[08-May-2026 23:53:22 UTC] {"serverId":"06ac013c-1f14-4f03-8c5a-bd97d0d0499f","userUuid":"1","token":"7dcd5010-b674-417d-b121-113eb9200a9a"}
[08-May-2026 23:53:22 UTC] ../panel.db
[08-May-2026 23:53:22 UTC] 3
[08-May-2026 23:53:22 UTC] ../panel.db
[08-May-2026 23:53:22 UTC] ../panel.db
[08-May-2026 23:53:22 UTC] ../panel.db
[08-May-2026 23:53:22 UTC] ../panel.db
[08-May-2026 23:53:22 UTC] 3
[08-May-2026 23:53:22 UTC] 3
[08-May-2026 23:53:22 UTC] 3
[08-May-2026 23:53:22 UTC] 3
[08-May-2026 23:53:23 UTC] ../panel.db
[08-May-2026 23:53:23 UTC] 3
[08-May-2026 23:53:23 UTC] ../panel.db
[08-May-2026 23:53:23 UTC] 3
[08-May-2026 23:53:23 UTC] ../panel.db
[08-May-2026 23:53:23 UTC] 3
[08-May-2026 23:53:23 UTC] ../panel.db
[08-May-2026 23:53:23 UTC] ../panel.db
[08-May-2026 23:53:23 UTC] ../panel.db
[08-May-2026 23:53:23 UTC] 3
[08-May-2026 23:53:23 UTC] 3
[08-May-2026 23:53:23 UTC] {"serverId":"06ac013c-1f14-4f03-8c5a-bd97d0d0499f","userUuid":"1","token":"7dcd5010-b674-417d-b121-113eb9200a9a"}
[08-May-2026 23:53:23 UTC] 3
[08-May-2026 23:53:23 UTC] {"serverId":"06ac013c-1f14-4f03-8c5a-bd97d0d0499f","userUuid":"1","token":"7dcd5010-b674-417d-b121-113eb9200a9a"}
[08-May-2026 23:53:23 UTC] {"serverId":"4c09c109-1764-445c-beda-bafce5c08b83","userUuid":"1","token":"7dcd5010-b674-417d-b121-113eb9200a9a"}
[08-May-2026 23:53:23 UTC] {"serverId":"4c09c109-1764-445c-beda-bafce5c08b83","userUuid":"1","token":"7dcd5010-b674-417d-b121-113eb9200a9a"}
[08-May-2026 23:53:23 UTC] {"serverId":"6d51f2c4-a03d-4373-a278-4932147e3c5a","userUuid":"1","token":"7dcd5010-b674-417d-b121-113eb9200a9a"}
[08-May-2026 23:53:23 UTC] {"serverId":"6d51f2c4-a03d-4373-a278-4932147e3c5a","userUuid":"1","token":"7dcd5010-b674-417d-b121-113eb9200a9a"}
[08-May-2026 23:53:25 UTC] ../panel.db
[08-May-2026 23:53:25 UTC] 3
[08-May-2026 23:53:31 UTC] ../panel.db
[08-May-2026 23:53:31 UTC] 3
[08-May-2026 23:53:51 UTC] ../panel.db
[08-May-2026 23:53:51 UTC] 3
[08-May-2026 23:53:59 UTC] ../panel.db
[08-May-2026 23:53:59 UTC] 3
[08-May-2026 23:54:06 UTC] ../panel.db
[08-May-2026 23:54:06 UTC] 3
[08-May-2026 23:54:07 UTC] ../panel.db
[08-May-2026 23:54:07 UTC] 3
[08-May-2026 23:54:07 UTC] ../panel.db
[08-May-2026 23:54:07 UTC] ../panel.db
[08-May-2026 23:54:07 UTC] ../panel.db
[08-May-2026 23:54:07 UTC] ../panel.db
[08-May-2026 23:54:07 UTC] 3
[08-May-2026 23:54:07 UTC] 3
[08-May-2026 23:54:07 UTC] 3
[08-May-2026 23:54:07 UTC] 3
[08-May-2026 23:54:08 UTC] ../panel.db
[08-May-2026 23:54:08 UTC] 3
[08-May-2026 23:54:08 UTC] ../panel.db
[08-May-2026 23:54:08 UTC] 3
[08-May-2026 23:54:08 UTC] ../panel.db
[08-May-2026 23:54:08 UTC] 3
[08-May-2026 23:54:10 UTC] ../panel.db
[08-May-2026 23:54:10 UTC] 3
[08-May-2026 23:54:10 UTC] ../panel.db
[08-May-2026 23:54:10 UTC] ../panel.db
[08-May-2026 23:54:10 UTC] ../panel.db
[08-May-2026 23:54:10 UTC] 3
[08-May-2026 23:54:10 UTC] 3
[08-May-2026 23:54:10 UTC] 3
[08-May-2026 23:54:10 UTC] {"serverId":"6d51f2c4-a03d-4373-a278-4932147e3c5a","userUuid":"1","token":"7dcd5010-b674-417d-b121-113eb9200a9a"}
[08-May-2026 23:54:10 UTC] {"serverId":"6d51f2c4-a03d-4373-a278-4932147e3c5a","userUuid":"1","token":"7dcd5010-b674-417d-b121-113eb9200a9a"}
[08-May-2026 23:54:10 UTC] {"serverId":"06ac013c-1f14-4f03-8c5a-bd97d0d0499f","userUuid":"1","token":"7dcd5010-b674-417d-b121-113eb9200a9a"}
[08-May-2026 23:54:10 UTC] {"serverId":"06ac013c-1f14-4f03-8c5a-bd97d0d0499f","userUuid":"1","token":"7dcd5010-b674-417d-b121-113eb9200a9a"}
[08-May-2026 23:54:10 UTC] {"serverId":"4c09c109-1764-445c-beda-bafce5c08b83","userUuid":"1","token":"7dcd5010-b674-417d-b121-113eb9200a9a"}
[08-May-2026 23:54:10 UTC] {"serverId":"4c09c109-1764-445c-beda-bafce5c08b83","userUuid":"1","token":"7dcd5010-b674-417d-b121-113eb9200a9a"}
[08-May-2026 23:54:13 UTC] ../panel.db
[08-May-2026 23:54:13 UTC] 3
[08-May-2026 23:54:13 UTC] ../panel.db
[08-May-2026 23:54:13 UTC] ../panel.db
[08-May-2026 23:54:13 UTC] ../panel.db
[08-May-2026 23:54:13 UTC] 3
[08-May-2026 23:54:13 UTC] 3
[08-May-2026 23:54:13 UTC] 3
[08-May-2026 23:54:13 UTC] {"serverId":"6d51f2c4-a03d-4373-a278-4932147e3c5a","userUuid":"1","token":"7dcd5010-b674-417d-b121-113eb9200a9a"}
[08-May-2026 23:54:13 UTC] {"serverId":"6d51f2c4-a03d-4373-a278-4932147e3c5a","userUuid":"1","token":"7dcd5010-b674-417d-b121-113eb9200a9a"}
[08-May-2026 23:54:13 UTC] {"serverId":"4c09c109-1764-445c-beda-bafce5c08b83","userUuid":"1","token":"7dcd5010-b674-417d-b121-113eb9200a9a"}
[08-May-2026 23:54:13 UTC] {"serverId":"4c09c109-1764-445c-beda-bafce5c08b83","userUuid":"1","token":"7dcd5010-b674-417d-b121-113eb9200a9a"}
[08-May-2026 23:54:13 UTC] {"serverId":"06ac013c-1f14-4f03-8c5a-bd97d0d0499f","userUuid":"1","token":"7dcd5010-b674-417d-b121-113eb9200a9a"}
[08-May-2026 23:54:13 UTC] {"serverId":"06ac013c-1f14-4f03-8c5a-bd97d0d0499f","userUuid":"1","token":"7dcd5010-b674-417d-b121-113eb9200a9a"}
[08-May-2026 23:54:15 UTC] ../panel.db
[08-May-2026 23:54:15 UTC] 3
[08-May-2026 23:54:15 UTC] ../panel.db
[08-May-2026 23:54:15 UTC] ../panel.db
[08-May-2026 23:54:15 UTC] ../panel.db
[08-May-2026 23:54:15 UTC] 3
[08-May-2026 23:54:15 UTC] 3
[08-May-2026 23:54:15 UTC] 3
[08-May-2026 23:54:15 UTC] {"serverId":"4c09c109-1764-445c-beda-bafce5c08b83","userUuid":"1","token":"7dcd5010-b674-417d-b121-113eb9200a9a"}
[08-May-2026 23:54:15 UTC] {"serverId":"4c09c109-1764-445c-beda-bafce5c08b83","userUuid":"1","token":"7dcd5010-b674-417d-b121-113eb9200a9a"}
[08-May-2026 23:54:15 UTC] {"serverId":"06ac013c-1f14-4f03-8c5a-bd97d0d0499f","userUuid":"1","token":"7dcd5010-b674-417d-b121-113eb9200a9a"}
[08-May-2026 23:54:15 UTC] {"serverId":"06ac013c-1f14-4f03-8c5a-bd97d0d0499f","userUuid":"1","token":"7dcd5010-b674-417d-b121-113eb9200a9a"}
[08-May-2026 23:54:15 UTC] {"serverId":"6d51f2c4-a03d-4373-a278-4932147e3c5a","userUuid":"1","token":"7dcd5010-b674-417d-b121-113eb9200a9a"}
[08-May-2026 23:54:15 UTC] {"serverId":"6d51f2c4-a03d-4373-a278-4932147e3c5a","userUuid":"1","token":"7dcd5010-b674-417d-b121-113eb9200a9a"}
[08-May-2026 23:54:17 UTC] ../panel.db
[08-May-2026 23:54:17 UTC] 3
[08-May-2026 23:54:17 UTC] ../panel.db
[08-May-2026 23:54:17 UTC] 3
[08-May-2026 23:54:17 UTC] ../panel.db
[08-May-2026 23:54:17 UTC] 3
[08-May-2026 23:54:24 UTC] ../panel.db
[08-May-2026 23:54:24 UTC] 3
[08-May-2026 23:54:24 UTC] {"serverId":"4c09c109-1764-445c-beda-bafce5c08b83","userUuid":"1","action":"stop","command":"stop","token":"7dcd5010-b674-417d-b121-113eb9200a9a"}
[08-May-2026 23:54:24 UTC] [sendAction Otimizado] PHP Payload: 0.09ms | cURL Node.js: 2.17ms | Total: 2.27ms
[08-May-2026 23:54:31 UTC] ../panel.db
[08-May-2026 23:54:31 UTC] 3
[08-May-2026 23:54:31 UTC] ../panel.db
[08-May-2026 23:54:31 UTC] ../panel.db
[08-May-2026 23:54:31 UTC] ../panel.db
[08-May-2026 23:54:31 UTC] 3
[08-May-2026 23:54:31 UTC] 3
[08-May-2026 23:54:31 UTC] 3
[08-May-2026 23:54:31 UTC] {"serverId":"6d51f2c4-a03d-4373-a278-4932147e3c5a","userUuid":"1","token":"7dcd5010-b674-417d-b121-113eb9200a9a"}
[08-May-2026 23:54:31 UTC] {"serverId":"6d51f2c4-a03d-4373-a278-4932147e3c5a","userUuid":"1","token":"7dcd5010-b674-417d-b121-113eb9200a9a"}
[08-May-2026 23:54:31 UTC] {"serverId":"06ac013c-1f14-4f03-8c5a-bd97d0d0499f","userUuid":"1","token":"7dcd5010-b674-417d-b121-113eb9200a9a"}
[08-May-2026 23:54:31 UTC] {"serverId":"06ac013c-1f14-4f03-8c5a-bd97d0d0499f","userUuid":"1","token":"7dcd5010-b674-417d-b121-113eb9200a9a"}
[08-May-2026 23:54:31 UTC] {"serverId":"4c09c109-1764-445c-beda-bafce5c08b83","userUuid":"1","token":"7dcd5010-b674-417d-b121-113eb9200a9a"}
[08-May-2026 23:54:31 UTC] {"serverId":"4c09c109-1764-445c-beda-bafce5c08b83","userUuid":"1","token":"7dcd5010-b674-417d-b121-113eb9200a9a"}
[08-May-2026 23:54:36 UTC] ../panel.db
[08-May-2026 23:54:36 UTC] 3
[08-May-2026 23:54:38 UTC] ../panel.db
[08-May-2026 23:54:38 UTC] 3
[08-May-2026 23:54:38 UTC] ../panel.db
[08-May-2026 23:54:38 UTC] 3
[08-May-2026 23:54:39 UTC] ../panel.db
[08-May-2026 23:54:39 UTC] 3
[08-May-2026 23:54:43 UTC] ../panel.db
[08-May-2026 23:54:43 UTC] 3
[08-May-2026 23:54:43 UTC] ../panel.db
[08-May-2026 23:54:43 UTC] ../panel.db
[08-May-2026 23:54:43 UTC] ../panel.db
[08-May-2026 23:54:43 UTC] ../panel.db
[08-May-2026 23:54:43 UTC] 3
[08-May-2026 23:54:43 UTC] 3
[08-May-2026 23:54:43 UTC] 3
[08-May-2026 23:54:43 UTC] 3
[08-May-2026 23:54:44 UTC] ../panel.db
[08-May-2026 23:54:44 UTC] 3
[08-May-2026 23:54:44 UTC] ../panel.db
[08-May-2026 23:54:44 UTC] 3
[08-May-2026 23:54:44 UTC] ../panel.db
[08-May-2026 23:54:44 UTC] 3
[08-May-2026 23:54:44 UTC] ../panel.db
[08-May-2026 23:54:44 UTC] ../panel.db
[08-May-2026 23:54:44 UTC] ../panel.db
[08-May-2026 23:54:44 UTC] 3
[08-May-2026 23:54:44 UTC] 3
[08-May-2026 23:54:44 UTC] 3
[08-May-2026 23:54:44 UTC] {"serverId":"06ac013c-1f14-4f03-8c5a-bd97d0d0499f","userUuid":"1","token":"7dcd5010-b674-417d-b121-113eb9200a9a"}
[08-May-2026 23:54:44 UTC] {"serverId":"06ac013c-1f14-4f03-8c5a-bd97d0d0499f","userUuid":"1","token":"7dcd5010-b674-417d-b121-113eb9200a9a"}
[08-May-2026 23:54:44 UTC] {"serverId":"6d51f2c4-a03d-4373-a278-4932147e3c5a","userUuid":"1","token":"7dcd5010-b674-417d-b121-113eb9200a9a"}
[08-May-2026 23:54:44 UTC] {"serverId":"6d51f2c4-a03d-4373-a278-4932147e3c5a","userUuid":"1","token":"7dcd5010-b674-417d-b121-113eb9200a9a"}
[08-May-2026 23:54:44 UTC] {"serverId":"4c09c109-1764-445c-beda-bafce5c08b83","userUuid":"1","token":"7dcd5010-b674-417d-b121-113eb9200a9a"}
[08-May-2026 23:54:44 UTC] {"serverId":"4c09c109-1764-445c-beda-bafce5c08b83","userUuid":"1","token":"7dcd5010-b674-417d-b121-113eb9200a9a"}
[08-May-2026 23:54:50 UTC] ../panel.db
[08-May-2026 23:54:50 UTC] 3
[08-May-2026 23:54:53 UTC] ../panel.db
[08-May-2026 23:54:53 UTC] 3
[08-May-2026 23:54:53 UTC] ../panel.db
[08-May-2026 23:54:53 UTC] 3
[08-May-2026 23:54:53 UTC] ../panel.db
[08-May-2026 23:54:53 UTC] 3
[08-May-2026 23:54:54 UTC] ../panel.db
[08-May-2026 23:54:54 UTC] 3
[08-May-2026 23:54:54 UTC] ../panel.db
[08-May-2026 23:54:54 UTC] ../panel.db
[08-May-2026 23:54:54 UTC] ../panel.db
[08-May-2026 23:54:54 UTC] 3
[08-May-2026 23:54:54 UTC] 3
[08-May-2026 23:54:54 UTC] 3
[08-May-2026 23:54:54 UTC] {"serverId":"4c09c109-1764-445c-beda-bafce5c08b83","userUuid":"1","token":"7dcd5010-b674-417d-b121-113eb9200a9a"}
[08-May-2026 23:54:54 UTC] {"serverId":"4c09c109-1764-445c-beda-bafce5c08b83","userUuid":"1","token":"7dcd5010-b674-417d-b121-113eb9200a9a"}
[08-May-2026 23:54:54 UTC] {"serverId":"06ac013c-1f14-4f03-8c5a-bd97d0d0499f","userUuid":"1","token":"7dcd5010-b674-417d-b121-113eb9200a9a"}
[08-May-2026 23:54:54 UTC] {"serverId":"06ac013c-1f14-4f03-8c5a-bd97d0d0499f","userUuid":"1","token":"7dcd5010-b674-417d-b121-113eb9200a9a"}
[08-May-2026 23:54:54 UTC] {"serverId":"6d51f2c4-a03d-4373-a278-4932147e3c5a","userUuid":"1","token":"7dcd5010-b674-417d-b121-113eb9200a9a"}
[08-May-2026 23:54:54 UTC] {"serverId":"6d51f2c4-a03d-4373-a278-4932147e3c5a","userUuid":"1","token":"7dcd5010-b674-417d-b121-113eb9200a9a"}
[08-May-2026 23:54:56 UTC] ../panel.db
[08-May-2026 23:54:56 UTC] 3
[08-May-2026 23:54:56 UTC] ../panel.db
[08-May-2026 23:54:56 UTC] ../panel.db
[08-May-2026 23:54:56 UTC] ../panel.db
[08-May-2026 23:54:56 UTC] ../panel.db
[08-May-2026 23:54:56 UTC] 3
[08-May-2026 23:54:56 UTC] 3
[08-May-2026 23:54:56 UTC] 3
[08-May-2026 23:54:56 UTC] 3
[08-May-2026 23:54:56 UTC] ../panel.db
[08-May-2026 23:54:56 UTC] 3
[08-May-2026 23:54:56 UTC] ../panel.db
[08-May-2026 23:54:56 UTC] 3
[08-May-2026 23:54:56 UTC] ../panel.db
[08-May-2026 23:54:56 UTC] 3
[08-May-2026 23:54:56 UTC] ../panel.db
[08-May-2026 23:54:56 UTC] ../panel.db
[08-May-2026 23:54:56 UTC] ../panel.db
[08-May-2026 23:54:56 UTC] 3
[08-May-2026 23:54:56 UTC] 3
[08-May-2026 23:54:56 UTC] 3
[08-May-2026 23:54:56 UTC] {"serverId":"4c09c109-1764-445c-beda-bafce5c08b83","userUuid":"1","token":"7dcd5010-b674-417d-b121-113eb9200a9a"}
[08-May-2026 23:54:56 UTC] {"serverId":"4c09c109-1764-445c-beda-bafce5c08b83","userUuid":"1","token":"7dcd5010-b674-417d-b121-113eb9200a9a"}
[08-May-2026 23:54:56 UTC] {"serverId":"6d51f2c4-a03d-4373-a278-4932147e3c5a","userUuid":"1","token":"7dcd5010-b674-417d-b121-113eb9200a9a"}
[08-May-2026 23:54:56 UTC] {"serverId":"6d51f2c4-a03d-4373-a278-4932147e3c5a","userUuid":"1","token":"7dcd5010-b674-417d-b121-113eb9200a9a"}
[08-May-2026 23:54:56 UTC] {"serverId":"06ac013c-1f14-4f03-8c5a-bd97d0d0499f","userUuid":"1","token":"7dcd5010-b674-417d-b121-113eb9200a9a"}
[08-May-2026 23:54:56 UTC] {"serverId":"06ac013c-1f14-4f03-8c5a-bd97d0d0499f","userUuid":"1","token":"7dcd5010-b674-417d-b121-113eb9200a9a"}
[08-May-2026 23:54:58 UTC] ../panel.db
[08-May-2026 23:54:58 UTC] 3
[08-May-2026 23:54:59 UTC] ../panel.db
[08-May-2026 23:54:59 UTC] 3
[08-May-2026 23:54:59 UTC] ../panel.db
[08-May-2026 23:54:59 UTC] ../panel.db
[08-May-2026 23:54:59 UTC] ../panel.db
[08-May-2026 23:54:59 UTC] 3
[08-May-2026 23:54:59 UTC] 3
[08-May-2026 23:54:59 UTC] 3
[08-May-2026 23:54:59 UTC] {"serverId":"6d51f2c4-a03d-4373-a278-4932147e3c5a","userUuid":"1","token":"7dcd5010-b674-417d-b121-113eb9200a9a"}
[08-May-2026 23:54:59 UTC] {"serverId":"6d51f2c4-a03d-4373-a278-4932147e3c5a","userUuid":"1","token":"7dcd5010-b674-417d-b121-113eb9200a9a"}
[08-May-2026 23:54:59 UTC] {"serverId":"06ac013c-1f14-4f03-8c5a-bd97d0d0499f","userUuid":"1","token":"7dcd5010-b674-417d-b121-113eb9200a9a"}
[08-May-2026 23:54:59 UTC] {"serverId":"06ac013c-1f14-4f03-8c5a-bd97d0d0499f","userUuid":"1","token":"7dcd5010-b674-417d-b121-113eb9200a9a"}
[08-May-2026 23:54:59 UTC] {"serverId":"4c09c109-1764-445c-beda-bafce5c08b83","userUuid":"1","token":"7dcd5010-b674-417d-b121-113eb9200a9a"}
[08-May-2026 23:54:59 UTC] {"serverId":"4c09c109-1764-445c-beda-bafce5c08b83","userUuid":"1","token":"7dcd5010-b674-417d-b121-113eb9200a9a"}
[08-May-2026 23:55:00 UTC] ../panel.db
[08-May-2026 23:55:00 UTC] 3
[08-May-2026 23:55:00 UTC] ../panel.db
[08-May-2026 23:55:00 UTC] ../panel.db
[08-May-2026 23:55:00 UTC] ../panel.db
[08-May-2026 23:55:00 UTC] ../panel.db
[08-May-2026 23:55:00 UTC] 3
[08-May-2026 23:55:00 UTC] 3
[08-May-2026 23:55:00 UTC] 3
[08-May-2026 23:55:00 UTC] 3
[08-May-2026 23:55:00 UTC] ../panel.db
[08-May-2026 23:55:00 UTC] 3
[08-May-2026 23:55:00 UTC] ../panel.db
[08-May-2026 23:55:00 UTC] 3
[08-May-2026 23:55:00 UTC] ../panel.db
[08-May-2026 23:55:00 UTC] 3
[08-May-2026 23:55:00 UTC] ../panel.db
[08-May-2026 23:55:00 UTC] ../panel.db
[08-May-2026 23:55:00 UTC] ../panel.db
[08-May-2026 23:55:00 UTC] 3
[08-May-2026 23:55:00 UTC] 3
[08-May-2026 23:55:00 UTC] 3
[08-May-2026 23:55:00 UTC] {"serverId":"4c09c109-1764-445c-beda-bafce5c08b83","userUuid":"1","token":"7dcd5010-b674-417d-b121-113eb9200a9a"}
[08-May-2026 23:55:00 UTC] {"serverId":"4c09c109-1764-445c-beda-bafce5c08b83","userUuid":"1","token":"7dcd5010-b674-417d-b121-113eb9200a9a"}
[08-May-2026 23:55:00 UTC] {"serverId":"6d51f2c4-a03d-4373-a278-4932147e3c5a","userUuid":"1","token":"7dcd5010-b674-417d-b121-113eb9200a9a"}
[08-May-2026 23:55:00 UTC] {"serverId":"6d51f2c4-a03d-4373-a278-4932147e3c5a","userUuid":"1","token":"7dcd5010-b674-417d-b121-113eb9200a9a"}
[08-May-2026 23:55:00 UTC] {"serverId":"06ac013c-1f14-4f03-8c5a-bd97d0d0499f","userUuid":"1","token":"7dcd5010-b674-417d-b121-113eb9200a9a"}
[08-May-2026 23:55:00 UTC] {"serverId":"06ac013c-1f14-4f03-8c5a-bd97d0d0499f","userUuid":"1","token":"7dcd5010-b674-417d-b121-113eb9200a9a"}
[08-May-2026 23:55:02 UTC] ../panel.db
[08-May-2026 23:55:02 UTC] 3
[08-May-2026 23:55:07 UTC] ../panel.db
[08-May-2026 23:55:07 UTC] 3
[08-May-2026 23:55:08 UTC] ../panel.db
[08-May-2026 23:55:08 UTC] 3
[08-May-2026 23:55:09 UTC] ../panel.db
[08-May-2026 23:55:09 UTC] ../panel.db
[08-May-2026 23:55:09 UTC] ../panel.db
[08-May-2026 23:55:09 UTC] ../panel.db
[08-May-2026 23:55:09 UTC] 3
[08-May-2026 23:55:09 UTC] 3
[08-May-2026 23:55:09 UTC] 3
[08-May-2026 23:55:09 UTC] 3
[08-May-2026 23:55:09 UTC] ../panel.db
[08-May-2026 23:55:09 UTC] 3
[08-May-2026 23:55:09 UTC] ../panel.db
[08-May-2026 23:55:09 UTC] 3
[08-May-2026 23:55:09 UTC] ../panel.db
[08-May-2026 23:55:09 UTC] 3
[08-May-2026 23:55:10 UTC] ../panel.db
[08-May-2026 23:55:10 UTC] 3
[08-May-2026 23:55:10 UTC] {"serverId":"6d51f2c4-a03d-4373-a278-4932147e3c5a","userUuid":"1","action":"start","memory":0,"cpu":0,"disk":0,"image":"ghcr.io\/ptero-eggs\/yolks:nodejs_25","additionalAllocation":[{"id":4,"ip":"0.0.0.0","port":25567,"externalIp":"localhost"}],"environment":{"STARTUP_MODE":"npm","NPM_SCRIPT":"start","MAIN_FILE":"src\/index.ts","GIT_ADDRESS":"","GIT_BRANCH":"main","EXTRA_PACKAGES":"","NODE_ARGS":""},"primaryAllocation":{"ip":"0.0.0.0","port":25565,"externalIp":"localhost"},"core":{"id":2,"name":"Node.js Universal","startupCommand":"echo \"[Debug] STARTUP_MODE: '{{STARTUP_MODE}}'\"; if [ -n \"{{GIT_ADDRESS}}\" ]; then if [ -d .git ]; then git pull; else git clone --single-branch --branch {{GIT_BRANCH} {{GIT_ADDRESS}} .; fi; fi; if [ -f package.json ]; then if [ -f yarn.lock ]; then yarn install; else npm install --production; fi; fi; if [ -n \"{{EXTRA_PACKAGES}}\" ]; then if [ ! -f package.json ]; then npm init -y; fi; npm install {{EXTRA_PACKAGES}}; fi; if [ \"{{STARTUP_MODE}}\" = \"npm\" ]; then npm run {{NPM_SCRIPT}}; else node {{NODE_ARGS}} {{MAIN_FILE}}; fi","stopCommand":"^C","startupParser":[],"configSystem":[],"installScript":"#!\/bin\/ash\napk add --no-cache curl jq git\n\nC_LBLUE='\\033[1;34m'\nC_BLUE='\\033[0;34m'\nC_GREEN='\\033[0;32m'\nC_PINK='\\033[38;5;211m'\nC_NC='\\033[0m'\n\necho -e \"${C_BLUE}------------------------------------------------------------${C_NC}\"\necho -e \"${C_LBLUE}[Orchestrator]${C_NC} Preparando ambiente inicial...\"\necho -e \"${C_BLUE}------------------------------------------------------------${C_NC}\"\n\ncd \/mnt\/server\n\necho -e \"${C_GREEN}[Sucesso]${C_NC} Ambiente pronto!\"","installImage":"alpine","installEntrypoint":"ash","rootAcess":null,"maintainable":null},"token":"7dcd5010-b674-417d-b121-113eb9200a9a"}
[08-May-2026 23:55:10 UTC] [sendAction Otimizado] PHP Payload: 0.23ms | cURL Node.js: 25.76ms | Total: 25.99ms
[08-May-2026 23:55:16 UTC] ../panel.db
[08-May-2026 23:55:16 UTC] 3
[08-May-2026 23:55:16 UTC] {"serverId":"6d51f2c4-a03d-4373-a278-4932147e3c5a","userUuid":"1","action":"kill","token":"7dcd5010-b674-417d-b121-113eb9200a9a"}
[08-May-2026 23:55:16 UTC] [sendAction Otimizado] PHP Payload: 0.08ms | cURL Node.js: 1.17ms | Total: 1.25ms
[08-May-2026 23:56:26 UTC] ../panel.db
[08-May-2026 23:56:26 UTC] 3
[08-May-2026 23:56:28 UTC] ../panel.db
[08-May-2026 23:56:28 UTC] 3
[08-May-2026 23:56:31 UTC] ../panel.db
[08-May-2026 23:56:31 UTC] 3
[08-May-2026 23:56:31 UTC] ../panel.db
[08-May-2026 23:56:31 UTC] ../panel.db
[08-May-2026 23:56:31 UTC] ../panel.db
[08-May-2026 23:56:31 UTC] 3
[08-May-2026 23:56:31 UTC] 3
[08-May-2026 23:56:31 UTC] 3
[08-May-2026 23:56:31 UTC] {"serverId":"06ac013c-1f14-4f03-8c5a-bd97d0d0499f","userUuid":"1","token":"7dcd5010-b674-417d-b121-113eb9200a9a"}
[08-May-2026 23:56:31 UTC] {"serverId":"06ac013c-1f14-4f03-8c5a-bd97d0d0499f","userUuid":"1","token":"7dcd5010-b674-417d-b121-113eb9200a9a"}
[08-May-2026 23:56:31 UTC] {"serverId":"4c09c109-1764-445c-beda-bafce5c08b83","userUuid":"1","token":"7dcd5010-b674-417d-b121-113eb9200a9a"}
[08-May-2026 23:56:31 UTC] {"serverId":"4c09c109-1764-445c-beda-bafce5c08b83","userUuid":"1","token":"7dcd5010-b674-417d-b121-113eb9200a9a"}
[08-May-2026 23:56:31 UTC] {"serverId":"6d51f2c4-a03d-4373-a278-4932147e3c5a","userUuid":"1","token":"7dcd5010-b674-417d-b121-113eb9200a9a"}
[08-May-2026 23:56:31 UTC] {"serverId":"6d51f2c4-a03d-4373-a278-4932147e3c5a","userUuid":"1","token":"7dcd5010-b674-417d-b121-113eb9200a9a"}
[08-May-2026 23:56:35 UTC] ../panel.db
[08-May-2026 23:56:35 UTC] 3
[08-May-2026 23:57:16 UTC] ../panel.db
[08-May-2026 23:57:16 UTC] 3
[08-May-2026 23:57:17 UTC] ../panel.db
[08-May-2026 23:57:17 UTC] 3
[08-May-2026 23:57:17 UTC] ../panel.db
[08-May-2026 23:57:17 UTC] 3
[08-May-2026 23:57:59 UTC] ../panel.db
[08-May-2026 23:57:59 UTC] 3
[08-May-2026 23:58:05 UTC] ../panel.db
[08-May-2026 23:58:05 UTC] 3
[08-May-2026 23:58:09 UTC] ../panel.db
[08-May-2026 23:58:09 UTC] 3
[08-May-2026 23:58:09 UTC] ../panel.db
[08-May-2026 23:58:09 UTC] ../panel.db
[08-May-2026 23:58:09 UTC] ../panel.db
[08-May-2026 23:58:09 UTC] ../panel.db
[08-May-2026 23:58:09 UTC] 3
[08-May-2026 23:58:09 UTC] 3
[08-May-2026 23:58:09 UTC] 3
[08-May-2026 23:58:09 UTC] 3
[08-May-2026 23:58:09 UTC] ../panel.db
[08-May-2026 23:58:09 UTC] 3
[08-May-2026 23:58:09 UTC] ../panel.db
[08-May-2026 23:58:09 UTC] 3
[08-May-2026 23:58:09 UTC] ../panel.db
[08-May-2026 23:58:09 UTC] 3
[08-May-2026 23:58:18 UTC] ../panel.db
[08-May-2026 23:58:18 UTC] 3
[08-May-2026 23:58:27 UTC] ../panel.db
[08-May-2026 23:58:27 UTC] 3
[08-May-2026 23:58:27 UTC] ../panel.db
[08-May-2026 23:58:27 UTC] ../panel.db
[08-May-2026 23:58:27 UTC] ../panel.db
[08-May-2026 23:58:27 UTC] ../panel.db
[08-May-2026 23:58:27 UTC] 3
[08-May-2026 23:58:27 UTC] 3
[08-May-2026 23:58:27 UTC] 3
[08-May-2026 23:58:27 UTC] 3
[08-May-2026 23:58:27 UTC] ../panel.db
[08-May-2026 23:58:27 UTC] 3
[08-May-2026 23:58:27 UTC] ../panel.db
[08-May-2026 23:58:27 UTC] 3
[08-May-2026 23:58:28 UTC] ../panel.db
[08-May-2026 23:58:28 UTC] 3
[08-May-2026 23:58:28 UTC] ../panel.db
[08-May-2026 23:58:28 UTC] 3
[08-May-2026 23:58:28 UTC] ../panel.db
[08-May-2026 23:58:28 UTC] ../panel.db
[08-May-2026 23:58:28 UTC] ../panel.db
[08-May-2026 23:58:28 UTC] ../panel.db
[08-May-2026 23:58:28 UTC] 3
[08-May-2026 23:58:28 UTC] 3
[08-May-2026 23:58:28 UTC] 3
[08-May-2026 23:58:28 UTC] 3
[08-May-2026 23:58:29 UTC] ../panel.db
[08-May-2026 23:58:29 UTC] 3
[08-May-2026 23:58:29 UTC] ../panel.db
[08-May-2026 23:58:29 UTC] 3
[08-May-2026 23:58:29 UTC] ../panel.db
[08-May-2026 23:58:29 UTC] 3
[08-May-2026 23:58:41 UTC] ../panel.db
[08-May-2026 23:58:41 UTC] 3
[08-May-2026 23:58:44 UTC] ../panel.db
[08-May-2026 23:58:44 UTC] 3
[08-May-2026 23:58:44 UTC] ../panel.db
[08-May-2026 23:58:44 UTC] ../panel.db
[08-May-2026 23:58:44 UTC] ../panel.db
[08-May-2026 23:58:44 UTC] 3
[08-May-2026 23:58:44 UTC] 3
[08-May-2026 23:58:44 UTC] 3
[08-May-2026 23:58:44 UTC] ../panel.db
[08-May-2026 23:58:44 UTC] 3
[08-May-2026 23:58:44 UTC] ../panel.db
[08-May-2026 23:58:44 UTC] 3
[08-May-2026 23:58:47 UTC] ../panel.db
[08-May-2026 23:58:47 UTC] ../panel.db
[08-May-2026 23:58:47 UTC] 3
[08-May-2026 23:58:47 UTC] 3
[08-May-2026 23:58:47 UTC] ../panel.db
[08-May-2026 23:58:47 UTC] 3
[09-May-2026 00:00:52 UTC] ../panel.db
[09-May-2026 00:00:52 UTC] 3
[09-May-2026 00:00:54 UTC] ../panel.db
[09-May-2026 00:00:54 UTC] 3
[09-May-2026 00:01:00 UTC] ../panel.db
[09-May-2026 00:01:00 UTC] 3
[09-May-2026 00:01:00 UTC] ../panel.db
[09-May-2026 00:01:00 UTC] ../panel.db
[09-May-2026 00:01:00 UTC] ../panel.db
[09-May-2026 00:01:00 UTC] ../panel.db
[09-May-2026 00:01:00 UTC] 3
[09-May-2026 00:01:01 UTC] 3
[09-May-2026 00:01:01 UTC] 3
[09-May-2026 00:01:01 UTC] 3
[09-May-2026 00:01:01 UTC] ../panel.db
[09-May-2026 00:01:01 UTC] 3
[09-May-2026 00:01:01 UTC] ../panel.db
[09-May-2026 00:01:01 UTC] 3
[09-May-2026 00:01:01 UTC] ../panel.db
[09-May-2026 00:01:01 UTC] 3
[09-May-2026 00:01:19 UTC] ../panel.db
[09-May-2026 00:01:19 UTC] 3
[09-May-2026 00:01:25 UTC] ../panel.db
[09-May-2026 00:01:25 UTC] 3
[09-May-2026 00:01:31 UTC] ../panel.db
[09-May-2026 00:01:31 UTC] 3
[09-May-2026 00:01:31 UTC] ../panel.db
[09-May-2026 00:01:31 UTC] ../panel.db
[09-May-2026 00:01:31 UTC] ../panel.db
[09-May-2026 00:01:31 UTC] ../panel.db
[09-May-2026 00:01:31 UTC] 3
[09-May-2026 00:01:31 UTC] 3
[09-May-2026 00:01:31 UTC] 3
[09-May-2026 00:01:31 UTC] 3
[09-May-2026 00:01:32 UTC] ../panel.db
[09-May-2026 00:01:32 UTC] 3
[09-May-2026 00:01:32 UTC] ../panel.db
[09-May-2026 00:01:32 UTC] 3
[09-May-2026 00:01:32 UTC] ../panel.db
[09-May-2026 00:01:32 UTC] 3
[09-May-2026 00:02:16 UTC] ../panel.db
[09-May-2026 00:02:16 UTC] 3
[09-May-2026 00:02:18 UTC] ../panel.db
[09-May-2026 00:02:18 UTC] 3
[09-May-2026 00:02:20 UTC] ../panel.db
[09-May-2026 00:02:20 UTC] 3
[09-May-2026 00:02:20 UTC] ../panel.db
[09-May-2026 00:02:20 UTC] ../panel.db
[09-May-2026 00:02:20 UTC] ../panel.db
[09-May-2026 00:02:20 UTC] 3
[09-May-2026 00:02:20 UTC] 3
[09-May-2026 00:02:20 UTC] 3
[09-May-2026 00:02:20 UTC] ../panel.db
[09-May-2026 00:02:20 UTC] 3
[09-May-2026 00:02:20 UTC] ../panel.db
[09-May-2026 00:02:20 UTC] 3
[09-May-2026 00:02:21 UTC] ../panel.db
[09-May-2026 00:02:21 UTC] ../panel.db
[09-May-2026 00:02:21 UTC] 3
[09-May-2026 00:02:21 UTC] 3
[09-May-2026 00:02:21 UTC] ../panel.db
[09-May-2026 00:02:21 UTC] 3
[09-May-2026 00:02:22 UTC] ../panel.db
[09-May-2026 00:02:22 UTC] 3
[09-May-2026 00:02:22 UTC] ../panel.db
[09-May-2026 00:02:22 UTC] 3
[09-May-2026 00:02:32 UTC] ../panel.db
[09-May-2026 00:02:32 UTC] 3
[09-May-2026 00:02:39 UTC] ../panel.db
[09-May-2026 00:02:39 UTC] 3
[09-May-2026 00:02:42 UTC] ../panel.db
[09-May-2026 00:02:42 UTC] 3
[09-May-2026 00:02:42 UTC] ../panel.db
[09-May-2026 00:02:42 UTC] ../panel.db
[09-May-2026 00:02:42 UTC] ../panel.db
[09-May-2026 00:02:42 UTC] ../panel.db
[09-May-2026 00:02:42 UTC] 3
[09-May-2026 00:02:42 UTC] 3
[09-May-2026 00:02:42 UTC] 3
[09-May-2026 00:02:42 UTC] 3
[09-May-2026 00:02:42 UTC] ../panel.db
[09-May-2026 00:02:42 UTC] 3
[09-May-2026 00:02:42 UTC] ../panel.db
[09-May-2026 00:02:42 UTC] 3
[09-May-2026 00:02:43 UTC] ../panel.db
[09-May-2026 00:02:43 UTC] 3
[09-May-2026 00:02:43 UTC] ../panel.db
[09-May-2026 00:02:43 UTC] 3
[09-May-2026 00:02:43 UTC] ../panel.db
[09-May-2026 00:02:43 UTC] ../panel.db
[09-May-2026 00:02:43 UTC] ../panel.db
[09-May-2026 00:02:43 UTC] 3
[09-May-2026 00:02:43 UTC] 3
[09-May-2026 00:02:43 UTC] ../panel.db
[09-May-2026 00:02:43 UTC] 3
[09-May-2026 00:02:43 UTC] 3
[09-May-2026 00:02:44 UTC] ../panel.db
[09-May-2026 00:02:44 UTC] 3
[09-May-2026 00:02:44 UTC] ../panel.db
[09-May-2026 00:02:44 UTC] 3
[09-May-2026 00:02:44 UTC] ../panel.db
[09-May-2026 00:02:44 UTC] 3
[09-May-2026 00:02:45 UTC] ../panel.db
[09-May-2026 00:02:45 UTC] 3
[09-May-2026 00:02:45 UTC] ../panel.db
[09-May-2026 00:02:45 UTC] 3
[09-May-2026 00:02:45 UTC] ../panel.db
[09-May-2026 00:02:45 UTC] ../panel.db
[09-May-2026 00:02:45 UTC] 3
[09-May-2026 00:02:45 UTC] ../panel.db
[09-May-2026 00:02:45 UTC] 3
[09-May-2026 00:02:45 UTC] 3
[09-May-2026 00:02:45 UTC] ../panel.db
[09-May-2026 00:02:45 UTC] 3
[09-May-2026 00:02:45 UTC] ../panel.db
[09-May-2026 00:02:45 UTC] 3
[09-May-2026 00:02:49 UTC] ../panel.db
[09-May-2026 00:02:49 UTC] ../panel.db
[09-May-2026 00:02:49 UTC] 3
[09-May-2026 00:02:49 UTC] 3
[09-May-2026 00:02:51 UTC] ../panel.db
[09-May-2026 00:02:51 UTC] 3
[09-May-2026 00:02:55 UTC] ../panel.db
[09-May-2026 00:02:55 UTC] 3
[09-May-2026 00:02:56 UTC] ../panel.db
[09-May-2026 00:02:56 UTC] ../panel.db
[09-May-2026 00:02:56 UTC] ../panel.db
[09-May-2026 00:02:56 UTC] ../panel.db
[09-May-2026 00:02:56 UTC] 3
[09-May-2026 00:02:56 UTC] 3
[09-May-2026 00:02:56 UTC] 3
[09-May-2026 00:02:56 UTC] 3
[09-May-2026 00:02:56 UTC] ../panel.db
[09-May-2026 00:02:56 UTC] 3
[09-May-2026 00:02:56 UTC] ../panel.db
[09-May-2026 00:02:56 UTC] 3
[09-May-2026 00:02:57 UTC] ../panel.db
[09-May-2026 00:02:57 UTC] 3
[09-May-2026 00:02:57 UTC] ../panel.db
[09-May-2026 00:02:57 UTC] 3
[09-May-2026 00:02:57 UTC] ../panel.db
[09-May-2026 00:02:57 UTC] ../panel.db
[09-May-2026 00:02:57 UTC] ../panel.db
[09-May-2026 00:02:57 UTC] ../panel.db
[09-May-2026 00:02:57 UTC] 3
[09-May-2026 00:02:57 UTC] 3
[09-May-2026 00:02:57 UTC] 3
[09-May-2026 00:02:57 UTC] 3
[09-May-2026 00:02:58 UTC] ../panel.db
[09-May-2026 00:02:58 UTC] 3
[09-May-2026 00:02:58 UTC] ../panel.db
[09-May-2026 00:02:58 UTC] 3
[09-May-2026 00:02:58 UTC] ../panel.db
[09-May-2026 00:02:58 UTC] 3
[09-May-2026 00:03:06 UTC] ../panel.db
[09-May-2026 00:03:06 UTC] 3
[09-May-2026 00:03:13 UTC] ../panel.db
[09-May-2026 00:03:13 UTC] 3
[09-May-2026 00:03:13 UTC] ../panel.db
[09-May-2026 00:03:13 UTC] 3
[09-May-2026 00:03:13 UTC] ../panel.db
[09-May-2026 00:03:13 UTC] ../panel.db
[09-May-2026 00:03:13 UTC] 3
[09-May-2026 00:03:13 UTC] 3
[09-May-2026 00:03:13 UTC] ../panel.db
[09-May-2026 00:03:13 UTC] 3
[09-May-2026 00:03:13 UTC] ../panel.db
[09-May-2026 00:03:13 UTC] 3
[09-May-2026 00:03:17 UTC] ../panel.db
[09-May-2026 00:03:17 UTC] 3
[09-May-2026 00:03:17 UTC] ../panel.db
[09-May-2026 00:03:17 UTC] 3
[09-May-2026 00:03:17 UTC] ../panel.db
[09-May-2026 00:03:17 UTC] 3
[09-May-2026 00:03:23 UTC] ../panel.db
[09-May-2026 00:03:23 UTC] 3
[09-May-2026 00:03:23 UTC] ../panel.db
[09-May-2026 00:03:23 UTC] ../panel.db
[09-May-2026 00:03:23 UTC] ../panel.db
[09-May-2026 00:03:23 UTC] ../panel.db
[09-May-2026 00:03:23 UTC] 3
[09-May-2026 00:03:23 UTC] 3
[09-May-2026 00:03:23 UTC] 3
[09-May-2026 00:03:23 UTC] 3
[09-May-2026 00:03:24 UTC] ../panel.db
[09-May-2026 00:03:24 UTC] 3
[09-May-2026 00:03:24 UTC] ../panel.db
[09-May-2026 00:03:24 UTC] 3
[09-May-2026 00:03:24 UTC] ../panel.db
[09-May-2026 00:03:24 UTC] 3
[09-May-2026 00:03:54 UTC] ../panel.db
[09-May-2026 00:03:54 UTC] 3
[09-May-2026 00:04:05 UTC] ../panel.db
[09-May-2026 00:04:05 UTC] 3
[09-May-2026 00:04:05 UTC] ../panel.db
[09-May-2026 00:04:05 UTC] ../panel.db
[09-May-2026 00:04:05 UTC] ../panel.db
[09-May-2026 00:04:05 UTC] 3
[09-May-2026 00:04:05 UTC] 3
[09-May-2026 00:04:05 UTC] 3
[09-May-2026 00:04:05 UTC] ../panel.db
[09-May-2026 00:04:05 UTC] 3
[09-May-2026 00:04:05 UTC] ../panel.db
[09-May-2026 00:04:05 UTC] 3
[09-May-2026 00:04:17 UTC] ../panel.db
[09-May-2026 00:04:17 UTC] ../panel.db
[09-May-2026 00:04:17 UTC] 3
[09-May-2026 00:04:17 UTC] 3
[09-May-2026 00:04:17 UTC] ../panel.db
[09-May-2026 00:04:17 UTC] 3
[09-May-2026 00:04:28 UTC] ../panel.db
[09-May-2026 00:04:28 UTC] 3
[09-May-2026 00:04:29 UTC] ../panel.db
[09-May-2026 00:04:29 UTC] 3
[09-May-2026 00:04:31 UTC] ../panel.db
[09-May-2026 00:04:31 UTC] 3
[09-May-2026 00:04:31 UTC] ../panel.db
[09-May-2026 00:04:31 UTC] ../panel.db
[09-May-2026 00:04:31 UTC] ../panel.db
[09-May-2026 00:04:31 UTC] ../panel.db
[09-May-2026 00:04:31 UTC] 3
[09-May-2026 00:04:31 UTC] 3
[09-May-2026 00:04:31 UTC] 3
[09-May-2026 00:04:31 UTC] 3
[09-May-2026 00:04:31 UTC] ../panel.db
[09-May-2026 00:04:31 UTC] 3
[09-May-2026 00:04:31 UTC] ../panel.db
[09-May-2026 00:04:31 UTC] 3
[09-May-2026 00:04:31 UTC] ../panel.db
[09-May-2026 00:04:31 UTC] 3
[09-May-2026 00:04:35 UTC] ../panel.db
[09-May-2026 00:04:35 UTC] 3
[09-May-2026 00:04:35 UTC] ../panel.db
[09-May-2026 00:04:35 UTC] ../panel.db
[09-May-2026 00:04:35 UTC] ../panel.db
[09-May-2026 00:04:35 UTC] 3
[09-May-2026 00:04:35 UTC] 3
[09-May-2026 00:04:35 UTC] 3
[09-May-2026 00:04:35 UTC] {"serverId":"06ac013c-1f14-4f03-8c5a-bd97d0d0499f","userUuid":"1","token":"7dcd5010-b674-417d-b121-113eb9200a9a"}
[09-May-2026 00:04:35 UTC] {"serverId":"06ac013c-1f14-4f03-8c5a-bd97d0d0499f","userUuid":"1","token":"7dcd5010-b674-417d-b121-113eb9200a9a"}
[09-May-2026 00:04:35 UTC] {"serverId":"4c09c109-1764-445c-beda-bafce5c08b83","userUuid":"1","token":"7dcd5010-b674-417d-b121-113eb9200a9a"}
[09-May-2026 00:04:35 UTC] {"serverId":"4c09c109-1764-445c-beda-bafce5c08b83","userUuid":"1","token":"7dcd5010-b674-417d-b121-113eb9200a9a"}
[09-May-2026 00:04:35 UTC] {"serverId":"6d51f2c4-a03d-4373-a278-4932147e3c5a","userUuid":"1","token":"7dcd5010-b674-417d-b121-113eb9200a9a"}
[09-May-2026 00:04:35 UTC] {"serverId":"6d51f2c4-a03d-4373-a278-4932147e3c5a","userUuid":"1","token":"7dcd5010-b674-417d-b121-113eb9200a9a"}
[09-May-2026 00:04:36 UTC] ../panel.db
[09-May-2026 00:04:36 UTC] 3
[09-May-2026 00:04:37 UTC] ../panel.db
[09-May-2026 00:04:37 UTC] 3
[09-May-2026 00:04:37 UTC] ../panel.db
[09-May-2026 00:04:37 UTC] 3
[09-May-2026 00:04:37 UTC] {"serverId":"4c09c109-1764-445c-beda-bafce5c08b83","userUuid":"1","action":"start","memory":1024,"cpu":100,"disk":0,"image":"ghcr.io\/pterodactyl\/yolks:java_21","additionalAllocation":[],"environment":{"MINECRAFT_VERSION":"1.8.8","SERVER_JARFILE":"server.jar","SOFTWARE_TYPE":"paper","ONLINE_MODE":"false","WHITELIST":"false","VIEW_DISTANCE":"10","ALLOW_NETHER":"true","ALLOW_END":"true","DIFFICULTY":"normal","MAX_PLAYERS":"20"},"primaryAllocation":{"ip":"0.0.0.0","port":25566,"externalIp":"localhost"},"core":{"id":1,"name":"Minecraft Universal","startupCommand":"java -Xms128M -XX:MaxRAMPercentage=95.0 -Dterminal.jline=false -Dterminal.ansi=true -jar {{SERVER_JARFILE}}","stopCommand":"stop","startupParser":{"done":")! For help, type "},"configSystem":{"server.properties":{"server-ip":"0.0.0.0","server-port":"{{SERVER_PORT}}","query.port":"{{SERVER_PORT}}","online-mode":"{{ONLINE_MODE}}","white-list":"{{WHITELIST}}","view-distance":"{{VIEW_DISTANCE}}","allow-nether":"{{ALLOW_NETHER}}","difficulty":"{{DIFFICULTY}}","max-players":"{{MAX_PLAYERS}}"},"bukkit.yml":{"settings.allow-end":"{{ALLOW_END}}"}},"installScript":"#!\/bin\/ash\napk add --no-cache curl jq\n\nC_LBLUE='\\033[1;34m'\nC_BLUE='\\033[0;34m'\nC_GREEN='\\033[0;32m'\nC_PINK='\\033[38;5;211m'\nC_NC='\\033[0m'\n\necho -e \"${C_BLUE}------------------------------------------------------------${C_NC}\"\necho -e \"${C_LBLUE}[Orchestrator]${C_NC} Iniciando instala\u00e7\u00e3o do Minecraft Server\"\necho -e \"${C_LBLUE}[Orchestrator]${C_NC} Software: ${C_PINK}${SOFTWARE_TYPE}${C_NC} | Vers\u00e3o: ${C_PINK}${MINECRAFT_VERSION}${C_NC}\"\necho -e \"${C_BLUE}------------------------------------------------------------${C_NC}\"\n\ncd \/mnt\/server\n\nif [ \"$SOFTWARE_TYPE\" == \"paper\" ]; then\n    if [ \"$MINECRAFT_VERSION\" == \"latest\" ]; then\n        MINECRAFT_VERSION=$(curl -s https:\/\/api.papermc.io\/v2\/projects\/paper | jq -r '.versions[-1]')\n    fi\n    BUILD=$(curl -s https:\/\/api.papermc.io\/v2\/projects\/paper\/versions\/${MINECRAFT_VERSION} | jq -r '.builds[-1]')\n    JAR_NAME=\"paper-${MINECRAFT_VERSION}-${BUILD}.jar\"\n    DOWNLOAD_URL=\"https:\/\/api.papermc.io\/v2\/projects\/paper\/versions\/${MINECRAFT_VERSION}\/builds\/${BUILD}\/downloads\/${JAR_NAME}\"\n\nelif [ \"$SOFTWARE_TYPE\" == \"purpur\" ]; then\n    if [ \"$MINECRAFT_VERSION\" == \"latest\" ]; then\n        MINECRAFT_VERSION=$(curl -s https:\/\/api.purpurmc.org\/v2\/purpur | jq -r '.versions[-1]')\n    fi\n    DOWNLOAD_URL=\"https:\/\/api.purpurmc.org\/v2\/purpur\/${MINECRAFT_VERSION}\/latest\/download\"\n\nelif [ \"$SOFTWARE_TYPE\" == \"vanilla\" ]; then\n    MANIFEST=$(curl -s https:\/\/piston-meta.mojang.com\/mc\/game\/version_manifest_v2.json)\n    if [ \"$MINECRAFT_VERSION\" == \"latest\" ]; then\n        MINECRAFT_VERSION=$(echo $MANIFEST | jq -r '.latest.release')\n    fi\n    VERSION_URL=$(echo $MANIFEST | jq -r --arg VERSION \"$MINECRAFT_VERSION\" '.versions[] | select(.id == $VERSION) | .url')\n    DOWNLOAD_URL=$(curl -s $VERSION_URL | jq -r '.downloads.server.url')\n\nelif [ \"$SOFTWARE_TYPE\" == \"fabric\" ]; then\n    if [ \"$MINECRAFT_VERSION\" == \"latest\" ]; then\n        MANIFEST=$(curl -s https:\/\/piston-meta.mojang.com\/mc\/game\/version_manifest_v2.json)\n        MINECRAFT_VERSION=$(echo $MANIFEST | jq -r '.latest.release')\n    fi\n    LOADER_VERSION=$(curl -s https:\/\/meta.fabricmc.net\/v2\/versions\/loader | jq -r '.[0].version')\n    INSTALLER_VERSION=$(curl -s https:\/\/meta.fabricmc.net\/v2\/versions\/installer | jq -r '.[0].version')\n    DOWNLOAD_URL=\"https:\/\/meta.fabricmc.net\/v2\/versions\/loader\/${MINECRAFT_VERSION}\/${LOADER_VERSION}\/${INSTALLER_VERSION}\/server\/jar\"\nelse\n    echo -e \"${C_PINK}[Erro]${C_NC} O software selecionado n\u00e3o \u00e9 suportado por este Egg.\"\n    exit 1\nfi\n\necho -e \"${C_LBLUE}[Download]${C_NC} Baixando os arquivos base de ${DOWNLOAD_URL}...\"\ncurl -o ${SERVER_JARFILE} ${DOWNLOAD_URL}\n\nif [ ! -f server.properties ]; then\n    echo -e \"${C_LBLUE}[Configura\u00e7\u00e3o]${C_NC} Gerando propriedades do servidor base...\"\n    echo \"server-ip=0.0.0.0\" > server.properties\n    echo \"server-port=${SERVER_PORT}\" >> server.properties\n    echo \"online-mode=${ONLINE_MODE}\" >> server.properties\n    echo \"white-list=${WHITELIST}\" >> server.properties\n    echo \"view-distance=${VIEW_DISTANCE}\" >> server.properties\n    echo \"allow-nether=${ALLOW_NETHER}\" >> server.properties\n    echo \"difficulty=${DIFFICULTY}\" >> server.properties\n    echo \"max-players=${MAX_PLAYERS}\" >> server.properties\nfi\n\nif [ ! -f bukkit.yml ]; then\n    echo \"settings:\" > bukkit.yml\n    echo \"  allow-end: ${ALLOW_END}\" >> bukkit.yml\nfi\n\necho -e \"${C_GREEN}[Sucesso]${C_NC} Instala\u00e7\u00e3o conclu\u00edda com sucesso!\"\necho -e \"${C_LBLUE}[Orchestrator]${C_NC} O servidor j\u00e1 pode ser iniciado no painel.\"","installImage":"alpine","installEntrypoint":"ash","rootAcess":null,"maintainable":null},"token":"7dcd5010-b674-417d-b121-113eb9200a9a"}
[09-May-2026 00:04:37 UTC] [sendAction Otimizado] PHP Payload: 0.21ms | cURL Node.js: 22.4ms | Total: 22.61ms
[09-May-2026 00:05:00 UTC] ../panel.db
[09-May-2026 00:05:00 UTC] 3
[09-May-2026 00:05:30 UTC] ../panel.db
[09-May-2026 00:05:30 UTC] 3
[09-May-2026 00:06:08 UTC] ../panel.db
[09-May-2026 00:06:08 UTC] 3
[09-May-2026 00:06:16 UTC] ../panel.db
[09-May-2026 00:06:16 UTC] 3
[09-May-2026 00:06:16 UTC] ../panel.db
[09-May-2026 00:06:16 UTC] ../panel.db
[09-May-2026 00:06:16 UTC] ../panel.db
[09-May-2026 00:06:16 UTC] ../panel.db
[09-May-2026 00:06:16 UTC] 3
[09-May-2026 00:06:16 UTC] 3
[09-May-2026 00:06:16 UTC] 3
[09-May-2026 00:06:16 UTC] 3
[09-May-2026 00:06:17 UTC] ../panel.db
[09-May-2026 00:06:17 UTC] 3
[09-May-2026 00:06:17 UTC] ../panel.db
[09-May-2026 00:06:17 UTC] 3
[09-May-2026 00:06:17 UTC] ../panel.db
[09-May-2026 00:06:17 UTC] 3
[09-May-2026 00:06:36 UTC] ../panel.db
[09-May-2026 00:06:36 UTC] 3
[09-May-2026 00:06:42 UTC] ../panel.db
[09-May-2026 00:06:42 UTC] 3
[09-May-2026 00:06:42 UTC] ../panel.db
[09-May-2026 00:06:42 UTC] ../panel.db
[09-May-2026 00:06:42 UTC] ../panel.db
[09-May-2026 00:06:42 UTC] ../panel.db
[09-May-2026 00:06:42 UTC] 3
[09-May-2026 00:06:42 UTC] 3
[09-May-2026 00:06:42 UTC] 3
[09-May-2026 00:06:42 UTC] 3
[09-May-2026 00:06:43 UTC] ../panel.db
[09-May-2026 00:06:43 UTC] 3
[09-May-2026 00:06:43 UTC] ../panel.db
[09-May-2026 00:06:43 UTC] 3
[09-May-2026 00:06:43 UTC] ../panel.db
[09-May-2026 00:06:43 UTC] 3
[09-May-2026 00:07:07 UTC] ../panel.db
[09-May-2026 00:07:07 UTC] 3
[09-May-2026 00:07:17 UTC] ../panel.db
[09-May-2026 00:07:17 UTC] 3
[09-May-2026 00:07:17 UTC] ../panel.db
[09-May-2026 00:07:17 UTC] ../panel.db
[09-May-2026 00:07:17 UTC] ../panel.db
[09-May-2026 00:07:17 UTC] 3
[09-May-2026 00:07:17 UTC] 3
[09-May-2026 00:07:17 UTC] 3
[09-May-2026 00:07:17 UTC] ../panel.db
[09-May-2026 00:07:17 UTC] 3
[09-May-2026 00:07:17 UTC] ../panel.db
[09-May-2026 00:07:17 UTC] 3
[09-May-2026 00:07:48 UTC] ../panel.db
[09-May-2026 00:07:48 UTC] ../panel.db
[09-May-2026 00:07:48 UTC] 3
[09-May-2026 00:07:48 UTC] 3
[09-May-2026 00:07:48 UTC] ../panel.db
[09-May-2026 00:07:48 UTC] 3
[09-May-2026 00:07:53 UTC] ../panel.db
[09-May-2026 00:07:53 UTC] 3
[09-May-2026 00:07:55 UTC] ../panel.db
[09-May-2026 00:07:55 UTC] 3
[09-May-2026 00:07:55 UTC] ../panel.db
[09-May-2026 00:07:55 UTC] ../panel.db
[09-May-2026 00:07:55 UTC] ../panel.db
[09-May-2026 00:07:55 UTC] ../panel.db
[09-May-2026 00:07:55 UTC] 3
[09-May-2026 00:07:55 UTC] 3
[09-May-2026 00:07:55 UTC] 3
[09-May-2026 00:07:55 UTC] 3
[09-May-2026 00:07:55 UTC] ../panel.db
[09-May-2026 00:07:55 UTC] 3
[09-May-2026 00:07:55 UTC] ../panel.db
[09-May-2026 00:07:55 UTC] 3
[09-May-2026 00:07:55 UTC] ../panel.db
[09-May-2026 00:07:55 UTC] 3
[09-May-2026 00:07:56 UTC] ../panel.db
[09-May-2026 00:07:56 UTC] 3
[09-May-2026 00:07:56 UTC] ../panel.db
[09-May-2026 00:07:56 UTC] ../panel.db
[09-May-2026 00:07:56 UTC] ../panel.db
[09-May-2026 00:07:56 UTC] ../panel.db
[09-May-2026 00:07:56 UTC] 3
[09-May-2026 00:07:56 UTC] 3
[09-May-2026 00:07:56 UTC] 3
[09-May-2026 00:07:56 UTC] 3
[09-May-2026 00:07:56 UTC] ../panel.db
[09-May-2026 00:07:56 UTC] 3
[09-May-2026 00:07:56 UTC] ../panel.db
[09-May-2026 00:07:56 UTC] 3
[09-May-2026 00:07:57 UTC] ../panel.db
[09-May-2026 00:07:57 UTC] 3
[09-May-2026 00:07:58 UTC] ../panel.db
[09-May-2026 00:07:58 UTC] 3
[09-May-2026 00:07:58 UTC] ../panel.db
[09-May-2026 00:07:58 UTC] ../panel.db
[09-May-2026 00:07:58 UTC] ../panel.db
[09-May-2026 00:07:58 UTC] ../panel.db
[09-May-2026 00:07:58 UTC] 3
[09-May-2026 00:07:58 UTC] 3
[09-May-2026 00:07:58 UTC] 3
[09-May-2026 00:07:58 UTC] 3
[09-May-2026 00:07:58 UTC] ../panel.db
[09-May-2026 00:07:58 UTC] 3
[09-May-2026 00:07:58 UTC] ../panel.db
[09-May-2026 00:07:58 UTC] 3
[09-May-2026 00:07:59 UTC] ../panel.db
[09-May-2026 00:07:59 UTC] 3
[09-May-2026 00:08:22 UTC] ../panel.db
[09-May-2026 00:08:22 UTC] 3
[09-May-2026 00:08:22 UTC] ../panel.db
[09-May-2026 00:08:22 UTC] ../panel.db
[09-May-2026 00:08:22 UTC] ../panel.db
[09-May-2026 00:08:22 UTC] 3
[09-May-2026 00:08:22 UTC] 3
[09-May-2026 00:08:22 UTC] 3
[09-May-2026 00:08:22 UTC] ../panel.db
[09-May-2026 00:08:22 UTC] 3
[09-May-2026 00:08:22 UTC] ../panel.db
[09-May-2026 00:08:22 UTC] 3
[09-May-2026 00:08:43 UTC] ../panel.db
[09-May-2026 00:08:43 UTC] 3
[09-May-2026 00:08:43 UTC] ../panel.db
[09-May-2026 00:08:43 UTC] ../panel.db
[09-May-2026 00:08:43 UTC] ../panel.db
[09-May-2026 00:08:43 UTC] 3
[09-May-2026 00:08:43 UTC] 3
[09-May-2026 00:08:43 UTC] 3
[09-May-2026 00:08:43 UTC] ../panel.db
[09-May-2026 00:08:43 UTC] 3
[09-May-2026 00:08:43 UTC] ../panel.db
[09-May-2026 00:08:43 UTC] 3
[09-May-2026 00:09:21 UTC] ../panel.db
[09-May-2026 00:09:21 UTC] ../panel.db
[09-May-2026 00:09:21 UTC] 3
[09-May-2026 00:09:21 UTC] 3
[09-May-2026 00:09:21 UTC] ../panel.db
[09-May-2026 00:09:21 UTC] 3
[09-May-2026 00:09:30 UTC] ../panel.db
[09-May-2026 00:09:30 UTC] 3
[09-May-2026 00:09:31 UTC] ../panel.db
[09-May-2026 00:09:31 UTC] ../panel.db
[09-May-2026 00:09:31 UTC] ../panel.db
[09-May-2026 00:09:31 UTC] ../panel.db
[09-May-2026 00:09:31 UTC] 3
[09-May-2026 00:09:31 UTC] 3
[09-May-2026 00:09:31 UTC] 3
[09-May-2026 00:09:31 UTC] 3
[09-May-2026 00:09:31 UTC] ../panel.db
[09-May-2026 00:09:31 UTC] 3
[09-May-2026 00:09:31 UTC] ../panel.db
[09-May-2026 00:09:31 UTC] 3
[09-May-2026 00:09:31 UTC] ../panel.db
[09-May-2026 00:09:31 UTC] 3
[09-May-2026 00:10:47 UTC] ../panel.db
[09-May-2026 00:10:47 UTC] 3
[09-May-2026 00:10:57 UTC] ../panel.db
[09-May-2026 00:10:57 UTC] 3
[09-May-2026 00:11:00 UTC] ../panel.db
[09-May-2026 00:11:00 UTC] 3
[09-May-2026 00:11:00 UTC] ../panel.db
[09-May-2026 00:11:00 UTC] ../panel.db
[09-May-2026 00:11:00 UTC] ../panel.db
[09-May-2026 00:11:00 UTC] ../panel.db
[09-May-2026 00:11:00 UTC] 3
[09-May-2026 00:11:00 UTC] 3
[09-May-2026 00:11:00 UTC] 3
[09-May-2026 00:11:00 UTC] 3
[09-May-2026 00:11:00 UTC] ../panel.db
[09-May-2026 00:11:00 UTC] 3
[09-May-2026 00:11:00 UTC] ../panel.db
[09-May-2026 00:11:00 UTC] 3
[09-May-2026 00:11:01 UTC] ../panel.db
[09-May-2026 00:11:01 UTC] 3
[09-May-2026 00:11:01 UTC] ../panel.db
[09-May-2026 00:11:01 UTC] 3
[09-May-2026 00:11:13 UTC] ../panel.db
[09-May-2026 00:11:13 UTC] 3
[09-May-2026 00:11:45 UTC] ../panel.db
[09-May-2026 00:11:45 UTC] 3
[09-May-2026 00:11:47 UTC] ../panel.db
[09-May-2026 00:11:47 UTC] 3
[09-May-2026 00:11:53 UTC] ../panel.db
[09-May-2026 00:11:54 UTC] 3
[09-May-2026 00:11:54 UTC] ../panel.db
[09-May-2026 00:11:54 UTC] ../panel.db
[09-May-2026 00:11:54 UTC] ../panel.db
[09-May-2026 00:11:54 UTC] ../panel.db
[09-May-2026 00:11:54 UTC] 3
[09-May-2026 00:11:54 UTC] 3
[09-May-2026 00:11:54 UTC] 3
[09-May-2026 00:11:54 UTC] 3
[09-May-2026 00:11:54 UTC] ../panel.db
[09-May-2026 00:11:54 UTC] 3
[09-May-2026 00:11:54 UTC] ../panel.db
[09-May-2026 00:11:54 UTC] 3
[09-May-2026 00:11:54 UTC] ../panel.db
[09-May-2026 00:11:54 UTC] 3
[09-May-2026 00:12:49 UTC] ../panel.db
[09-May-2026 00:12:49 UTC] 3
[09-May-2026 00:12:55 UTC] ../panel.db
[09-May-2026 00:12:55 UTC] 3
[09-May-2026 00:12:59 UTC] ../panel.db
[09-May-2026 00:12:59 UTC] 3
[09-May-2026 00:12:59 UTC] ../panel.db
[09-May-2026 00:12:59 UTC] ../panel.db
[09-May-2026 00:12:59 UTC] ../panel.db
[09-May-2026 00:12:59 UTC] 3
[09-May-2026 00:12:59 UTC] 3
[09-May-2026 00:12:59 UTC] 3
[09-May-2026 00:12:59 UTC] ../panel.db
[09-May-2026 00:12:59 UTC] 3
[09-May-2026 00:12:59 UTC] ../panel.db
[09-May-2026 00:12:59 UTC] 3
[09-May-2026 00:13:12 UTC] ../panel.db
[09-May-2026 00:13:12 UTC] ../panel.db
[09-May-2026 00:13:12 UTC] 3
[09-May-2026 00:13:12 UTC] 3
[09-May-2026 00:13:12 UTC] ../panel.db
[09-May-2026 00:13:12 UTC] 3
[09-May-2026 00:13:46 UTC] ../panel.db
[09-May-2026 00:13:46 UTC] 3
[09-May-2026 00:13:54 UTC] ../panel.db
[09-May-2026 00:13:54 UTC] 3
[09-May-2026 00:13:55 UTC] ../panel.db
[09-May-2026 00:13:55 UTC] ../panel.db
[09-May-2026 00:13:55 UTC] ../panel.db
[09-May-2026 00:13:55 UTC] ../panel.db
[09-May-2026 00:13:55 UTC] 3
[09-May-2026 00:13:55 UTC] 3
[09-May-2026 00:13:55 UTC] 3
[09-May-2026 00:13:55 UTC] 3
[09-May-2026 00:13:55 UTC] ../panel.db
[09-May-2026 00:13:55 UTC] 3
[09-May-2026 00:13:55 UTC] ../panel.db
[09-May-2026 00:13:55 UTC] 3
[09-May-2026 00:13:55 UTC] ../panel.db
[09-May-2026 00:13:55 UTC] 3
[09-May-2026 00:13:57 UTC] ../panel.db
[09-May-2026 00:13:57 UTC] 3
[09-May-2026 00:13:57 UTC] ../panel.db
[09-May-2026 00:13:57 UTC] ../panel.db
[09-May-2026 00:13:57 UTC] ../panel.db
[09-May-2026 00:13:57 UTC] ../panel.db
[09-May-2026 00:13:57 UTC] 3
[09-May-2026 00:13:57 UTC] 3
[09-May-2026 00:13:57 UTC] 3
[09-May-2026 00:13:57 UTC] 3
[09-May-2026 00:13:57 UTC] ../panel.db
[09-May-2026 00:13:57 UTC] 3
[09-May-2026 00:13:57 UTC] ../panel.db
[09-May-2026 00:13:57 UTC] 3
[09-May-2026 00:13:58 UTC] ../panel.db
[09-May-2026 00:13:58 UTC] 3
[09-May-2026 00:14:24 UTC] ../panel.db
[09-May-2026 00:14:24 UTC] 3
[09-May-2026 00:14:26 UTC] ../panel.db
[09-May-2026 00:14:26 UTC] 3
[09-May-2026 00:14:34 UTC] ../panel.db
[09-May-2026 00:14:34 UTC] 3
[09-May-2026 00:14:34 UTC] ../panel.db
[09-May-2026 00:14:34 UTC] ../panel.db
[09-May-2026 00:14:34 UTC] ../panel.db
[09-May-2026 00:14:34 UTC] 3
[09-May-2026 00:14:34 UTC] 3
[09-May-2026 00:14:34 UTC] 3
[09-May-2026 00:14:34 UTC] ../panel.db
[09-May-2026 00:14:34 UTC] 3
[09-May-2026 00:14:34 UTC] ../panel.db
[09-May-2026 00:14:34 UTC] 3
[09-May-2026 00:14:37 UTC] ../panel.db
[09-May-2026 00:14:37 UTC] ../panel.db
[09-May-2026 00:14:37 UTC] 3
[09-May-2026 00:14:37 UTC] 3
[09-May-2026 00:14:37 UTC] ../panel.db
[09-May-2026 00:14:37 UTC] 3
[09-May-2026 00:14:55 UTC] ../panel.db
[09-May-2026 00:14:55 UTC] 3
[09-May-2026 00:15:02 UTC] ../panel.db
[09-May-2026 00:15:02 UTC] 3
[09-May-2026 00:15:02 UTC] ../panel.db
[09-May-2026 00:15:02 UTC] ../panel.db
[09-May-2026 00:15:02 UTC] ../panel.db
[09-May-2026 00:15:02 UTC] ../panel.db
[09-May-2026 00:15:02 UTC] 3
[09-May-2026 00:15:02 UTC] 3
[09-May-2026 00:15:02 UTC] 3
[09-May-2026 00:15:02 UTC] 3
[09-May-2026 00:15:02 UTC] ../panel.db
[09-May-2026 00:15:02 UTC] 3
[09-May-2026 00:15:02 UTC] ../panel.db
[09-May-2026 00:15:02 UTC] 3
[09-May-2026 00:15:03 UTC] ../panel.db
[09-May-2026 00:15:03 UTC] 3
[09-May-2026 00:15:23 UTC] ../panel.db
[09-May-2026 00:15:23 UTC] 3
[09-May-2026 00:15:30 UTC] ../panel.db
[09-May-2026 00:15:30 UTC] 3
[09-May-2026 00:15:56 UTC] ../panel.db
[09-May-2026 00:15:56 UTC] 3
[09-May-2026 00:15:56 UTC] ../panel.db
[09-May-2026 00:15:56 UTC] ../panel.db
[09-May-2026 00:15:56 UTC] 3
[09-May-2026 00:15:56 UTC] ../panel.db
[09-May-2026 00:15:56 UTC] 3
[09-May-2026 00:15:56 UTC] 3
[09-May-2026 00:15:56 UTC] ../panel.db
[09-May-2026 00:15:56 UTC] 3
[09-May-2026 00:15:56 UTC] ../panel.db
[09-May-2026 00:15:56 UTC] 3
[09-May-2026 00:15:59 UTC] ../panel.db
[09-May-2026 00:15:59 UTC] ../panel.db
[09-May-2026 00:15:59 UTC] 3
[09-May-2026 00:15:59 UTC] 3
[09-May-2026 00:15:59 UTC] ../panel.db
[09-May-2026 00:15:59 UTC] 3
[09-May-2026 00:16:04 UTC] ../panel.db
[09-May-2026 00:16:04 UTC] 3
[09-May-2026 00:16:04 UTC] ../panel.db
[09-May-2026 00:16:05 UTC] 3
[09-May-2026 00:16:05 UTC] ../panel.db
[09-May-2026 00:16:05 UTC] 3
[09-May-2026 00:16:06 UTC] ../panel.db
[09-May-2026 00:16:06 UTC] 3
[09-May-2026 00:16:06 UTC] ../panel.db
[09-May-2026 00:16:06 UTC] ../panel.db
[09-May-2026 00:16:06 UTC] ../panel.db
[09-May-2026 00:16:06 UTC] ../panel.db
[09-May-2026 00:16:06 UTC] 3
[09-May-2026 00:16:06 UTC] 3
[09-May-2026 00:16:06 UTC] 3
[09-May-2026 00:16:06 UTC] 3
[09-May-2026 00:16:06 UTC] ../panel.db
[09-May-2026 00:16:06 UTC] 3
[09-May-2026 00:16:06 UTC] ../panel.db
[09-May-2026 00:16:06 UTC] 3
[09-May-2026 00:16:07 UTC] ../panel.db
[09-May-2026 00:16:07 UTC] 3
[09-May-2026 00:16:16 UTC] ../panel.db
[09-May-2026 00:16:16 UTC] 3
[09-May-2026 00:16:25 UTC] ../panel.db
[09-May-2026 00:16:25 UTC] 3
[09-May-2026 00:16:25 UTC] ../panel.db
[09-May-2026 00:16:25 UTC] ../panel.db
[09-May-2026 00:16:25 UTC] ../panel.db
[09-May-2026 00:16:25 UTC] 3
[09-May-2026 00:16:25 UTC] 3
[09-May-2026 00:16:25 UTC] 3
[09-May-2026 00:16:25 UTC] ../panel.db
[09-May-2026 00:16:25 UTC] 3
[09-May-2026 00:16:25 UTC] ../panel.db
[09-May-2026 00:16:25 UTC] 3
[09-May-2026 00:16:26 UTC] ../panel.db
[09-May-2026 00:16:26 UTC] ../panel.db
[09-May-2026 00:16:26 UTC] 3
[09-May-2026 00:16:26 UTC] 3
[09-May-2026 00:16:26 UTC] ../panel.db
[09-May-2026 00:16:26 UTC] 3
[09-May-2026 00:16:31 UTC] ../panel.db
[09-May-2026 00:16:31 UTC] 3
[09-May-2026 00:16:31 UTC] ../panel.db
[09-May-2026 00:16:31 UTC] 3
[09-May-2026 00:16:33 UTC] ../panel.db
[09-May-2026 00:16:33 UTC] 3
[09-May-2026 00:16:43 UTC] ../panel.db
[09-May-2026 00:16:43 UTC] 3
[09-May-2026 00:16:50 UTC] ../panel.db
[09-May-2026 00:16:50 UTC] 3
[09-May-2026 00:17:08 UTC] ../panel.db
[09-May-2026 00:17:08 UTC] 3
[09-May-2026 00:17:08 UTC] ../panel.db
[09-May-2026 00:17:08 UTC] 3
[09-May-2026 00:17:11 UTC] ../panel.db
[09-May-2026 00:17:11 UTC] 3
[09-May-2026 00:17:11 UTC] ../panel.db
[09-May-2026 00:17:11 UTC] 3
[09-May-2026 00:17:12 UTC] ../panel.db
[09-May-2026 00:17:12 UTC] 3
[09-May-2026 00:19:05 UTC] ../panel.db
[09-May-2026 00:19:05 UTC] 3
[09-May-2026 00:19:07 UTC] ../panel.db
[09-May-2026 00:19:07 UTC] 3
[09-May-2026 00:19:13 UTC] ../panel.db
[09-May-2026 00:19:13 UTC] 3
[09-May-2026 00:19:15 UTC] ../panel.db
[09-May-2026 00:19:15 UTC] 3
[09-May-2026 00:19:18 UTC] ../panel.db
[09-May-2026 00:19:18 UTC] ../panel.db
[09-May-2026 00:19:18 UTC] ../panel.db
[09-May-2026 00:19:18 UTC] 3
[09-May-2026 00:19:18 UTC] 3
[09-May-2026 00:19:18 UTC] 3
[09-May-2026 00:19:18 UTC] ../panel.db
[09-May-2026 00:19:18 UTC] 3
[09-May-2026 00:19:18 UTC] ../panel.db
[09-May-2026 00:19:18 UTC] 3
[09-May-2026 00:19:18 UTC] ../panel.db
[09-May-2026 00:19:18 UTC] 3
[09-May-2026 00:19:19 UTC] ../panel.db
[09-May-2026 00:19:19 UTC] 3
[09-May-2026 00:19:19 UTC] ../panel.db
[09-May-2026 00:19:19 UTC] 3
[09-May-2026 00:19:21 UTC] ../panel.db
[09-May-2026 00:19:21 UTC] 3
[09-May-2026 00:19:21 UTC] ../panel.db
[09-May-2026 00:19:21 UTC] 3
[09-May-2026 00:19:22 UTC] ../panel.db
[09-May-2026 00:19:22 UTC] 3
[09-May-2026 00:19:23 UTC] ../panel.db
[09-May-2026 00:19:23 UTC] ../panel.db
[09-May-2026 00:19:23 UTC] ../panel.db
[09-May-2026 00:19:23 UTC] 3
[09-May-2026 00:19:23 UTC] ../panel.db
[09-May-2026 00:19:23 UTC] 3
[09-May-2026 00:19:23 UTC] 3
[09-May-2026 00:19:23 UTC] 3
[09-May-2026 00:19:23 UTC] ../panel.db
[09-May-2026 00:19:23 UTC] 3
[09-May-2026 00:19:23 UTC] ../panel.db
[09-May-2026 00:19:23 UTC] 3
[09-May-2026 00:19:23 UTC] ../panel.db
[09-May-2026 00:19:23 UTC] 3
[09-May-2026 00:19:23 UTC] ../panel.db
[09-May-2026 00:19:23 UTC] 3
[09-May-2026 00:19:26 UTC] ../panel.db
[09-May-2026 00:19:26 UTC] 3
[09-May-2026 00:19:28 UTC] ../panel.db
[09-May-2026 00:19:28 UTC] 3
[09-May-2026 00:19:31 UTC] ../panel.db
[09-May-2026 00:19:31 UTC] 3
[09-May-2026 00:19:36 UTC] ../panel.db
[09-May-2026 00:19:36 UTC] ../panel.db
[09-May-2026 00:19:36 UTC] 3
[09-May-2026 00:19:36 UTC] 3
[09-May-2026 00:19:37 UTC] ../panel.db
[09-May-2026 00:19:37 UTC] 3
[09-May-2026 00:21:00 UTC] ../panel.db
[09-May-2026 00:21:00 UTC] 3
[09-May-2026 00:21:00 UTC] ../panel.db
[09-May-2026 00:21:00 UTC] 3
[09-May-2026 00:21:00 UTC] ../panel.db
[09-May-2026 00:21:00 UTC] 3
[09-May-2026 00:21:02 UTC] ../panel.db
[09-May-2026 00:21:02 UTC] 3
[09-May-2026 00:21:08 UTC] ../panel.db
[09-May-2026 00:21:08 UTC] 3
[09-May-2026 00:21:09 UTC] ../panel.db
[09-May-2026 00:21:09 UTC] 3
[09-May-2026 00:21:13 UTC] ../panel.db
[09-May-2026 00:21:13 UTC] ../panel.db
[09-May-2026 00:21:13 UTC] ../panel.db
[09-May-2026 00:21:13 UTC] ../panel.db
[09-May-2026 00:21:13 UTC] 3
[09-May-2026 00:21:13 UTC] 3
[09-May-2026 00:21:13 UTC] 3
[09-May-2026 00:21:13 UTC] 3
[09-May-2026 00:21:13 UTC] ../panel.db
[09-May-2026 00:21:13 UTC] 3
[09-May-2026 00:21:13 UTC] ../panel.db
[09-May-2026 00:21:13 UTC] 3
[09-May-2026 00:21:13 UTC] ../panel.db
[09-May-2026 00:21:13 UTC] 3
[09-May-2026 00:21:13 UTC] ../panel.db
[09-May-2026 00:21:13 UTC] 3
[09-May-2026 00:21:14 UTC] ../panel.db
[09-May-2026 00:21:14 UTC] 3
[09-May-2026 00:21:14 UTC] ../panel.db
[09-May-2026 00:21:14 UTC] 3
[09-May-2026 00:21:30 UTC] ../panel.db
[09-May-2026 00:21:30 UTC] 3
[09-May-2026 00:21:30 UTC] ../panel.db
[09-May-2026 00:21:30 UTC] ../panel.db
[09-May-2026 00:21:30 UTC] 3
[09-May-2026 00:21:30 UTC] 3
[09-May-2026 00:21:34 UTC] ../panel.db
[09-May-2026 00:21:34 UTC] 3
[09-May-2026 00:21:34 UTC] ../panel.db
[09-May-2026 00:21:34 UTC] 3
[09-May-2026 00:21:35 UTC] ../panel.db
[09-May-2026 00:21:35 UTC] 3
[09-May-2026 00:21:41 UTC] ../panel.db
[09-May-2026 00:21:41 UTC] 3
[09-May-2026 00:21:41 UTC] ../panel.db
[09-May-2026 00:21:41 UTC] ../panel.db
[09-May-2026 00:21:41 UTC] 3
[09-May-2026 00:21:41 UTC] 3
[09-May-2026 00:21:48 UTC] ../panel.db
[09-May-2026 00:21:48 UTC] ../panel.db
[09-May-2026 00:21:48 UTC] 3
[09-May-2026 00:21:48 UTC] 3
[09-May-2026 00:21:48 UTC] ../panel.db
[09-May-2026 00:21:48 UTC] 3
[09-May-2026 00:21:48 UTC] ../panel.db
[09-May-2026 00:21:48 UTC] 3
[09-May-2026 00:21:52 UTC] ../panel.db
[09-May-2026 00:21:52 UTC] 3
[09-May-2026 00:21:55 UTC] ../panel.db
[09-May-2026 00:21:55 UTC] 3
[09-May-2026 00:22:19 UTC] ../panel.db
[09-May-2026 00:22:19 UTC] 3
[09-May-2026 00:22:19 UTC] ../panel.db
[09-May-2026 00:22:19 UTC] 3
[09-May-2026 00:22:19 UTC] ../panel.db
[09-May-2026 00:22:19 UTC] 3
[09-May-2026 00:22:21 UTC] ../panel.db
[09-May-2026 00:22:21 UTC] ../panel.db
[09-May-2026 00:22:21 UTC] 3
[09-May-2026 00:22:21 UTC] 3
[09-May-2026 00:22:21 UTC] ../panel.db
[09-May-2026 00:22:21 UTC] 3
[09-May-2026 00:22:30 UTC] ../panel.db
[09-May-2026 00:22:30 UTC] 3
[09-May-2026 00:22:30 UTC] ../panel.db
[09-May-2026 00:22:30 UTC] ../panel.db
[09-May-2026 00:22:30 UTC] 3
[09-May-2026 00:22:30 UTC] 3
[09-May-2026 00:22:43 UTC] ../panel.db
[09-May-2026 00:22:43 UTC] 3
[09-May-2026 00:22:43 UTC] ../panel.db
[09-May-2026 00:22:43 UTC] ../panel.db
[09-May-2026 00:22:43 UTC] 3
[09-May-2026 00:22:43 UTC] 3
[09-May-2026 00:22:49 UTC] ../panel.db
[09-May-2026 00:22:49 UTC] 3
[09-May-2026 00:22:49 UTC] {"serverId":"4c09c109-1764-445c-beda-bafce5c08b83","userUuid":"1","action":"stop","command":"stop","token":"7dcd5010-b674-417d-b121-113eb9200a9a"}
[09-May-2026 00:22:49 UTC] [sendAction Otimizado] PHP Payload: 0.1ms | cURL Node.js: 14.5ms | Total: 14.61ms
[09-May-2026 00:37:38 UTC] ../panel.db
[09-May-2026 00:37:38 UTC] 3
[09-May-2026 00:37:38 UTC] ../panel.db
[09-May-2026 00:37:38 UTC] 3
[09-May-2026 00:37:39 UTC] ../panel.db
[09-May-2026 00:37:39 UTC] ../panel.db
[09-May-2026 00:37:39 UTC] ../panel.db
[09-May-2026 00:37:39 UTC] ../panel.db
[09-May-2026 00:37:39 UTC] 3
[09-May-2026 00:37:39 UTC] 3
[09-May-2026 00:37:39 UTC] 3
[09-May-2026 00:37:39 UTC] 3
[09-May-2026 00:37:39 UTC] ../panel.db
[09-May-2026 00:37:39 UTC] 3
[09-May-2026 00:37:39 UTC] ../panel.db
[09-May-2026 00:37:39 UTC] 3
[09-May-2026 00:37:40 UTC] ../panel.db
[09-May-2026 00:37:40 UTC] 3
[09-May-2026 00:37:40 UTC] ../panel.db
[09-May-2026 00:37:40 UTC] 3
[09-May-2026 00:37:47 UTC] ../panel.db
[09-May-2026 00:37:47 UTC] 3
[09-May-2026 00:37:47 UTC] ../panel.db
[09-May-2026 00:37:47 UTC] 3
[09-May-2026 00:37:49 UTC] ../panel.db
[09-May-2026 00:37:49 UTC] 3
[09-May-2026 00:37:49 UTC] ../panel.db
[09-May-2026 00:37:49 UTC] 3
[09-May-2026 00:37:56 UTC] ../panel.db
[09-May-2026 00:37:56 UTC] 3
[09-May-2026 00:37:56 UTC] ../panel.db
[09-May-2026 00:37:56 UTC] ../panel.db
[09-May-2026 00:37:56 UTC] ../panel.db
[09-May-2026 00:37:56 UTC] 3
[09-May-2026 00:37:56 UTC] 3
[09-May-2026 00:37:56 UTC] {"serverId":"06ac013c-1f14-4f03-8c5a-bd97d0d0499f","userUuid":"1","token":"7dcd5010-b674-417d-b121-113eb9200a9a"}
[09-May-2026 00:37:56 UTC] {"serverId":"06ac013c-1f14-4f03-8c5a-bd97d0d0499f","userUuid":"1","token":"7dcd5010-b674-417d-b121-113eb9200a9a"}
[09-May-2026 00:37:56 UTC] 3
[09-May-2026 00:37:57 UTC] {"serverId":"6d51f2c4-a03d-4373-a278-4932147e3c5a","userUuid":"1","token":"7dcd5010-b674-417d-b121-113eb9200a9a"}
[09-May-2026 00:37:57 UTC] {"serverId":"6d51f2c4-a03d-4373-a278-4932147e3c5a","userUuid":"1","token":"7dcd5010-b674-417d-b121-113eb9200a9a"}
[09-May-2026 00:37:57 UTC] {"serverId":"4c09c109-1764-445c-beda-bafce5c08b83","userUuid":"1","token":"7dcd5010-b674-417d-b121-113eb9200a9a"}
[09-May-2026 00:37:57 UTC] {"serverId":"4c09c109-1764-445c-beda-bafce5c08b83","userUuid":"1","token":"7dcd5010-b674-417d-b121-113eb9200a9a"}
[09-May-2026 00:38:35 UTC] ../panel.db
[09-May-2026 00:38:35 UTC] 3
[09-May-2026 00:40:00 UTC] ../panel.db
[09-May-2026 00:40:00 UTC] 3
[09-May-2026 00:40:01 UTC] ../panel.db
[09-May-2026 00:40:01 UTC] 3
[09-May-2026 00:40:01 UTC] ../panel.db
[09-May-2026 00:40:01 UTC] 3
[09-May-2026 00:41:20 UTC] ../panel.db
[09-May-2026 00:41:20 UTC] 3
[09-May-2026 00:41:21 UTC] ../panel.db
[09-May-2026 00:41:21 UTC] 3
[09-May-2026 00:41:21 UTC] ../panel.db
[09-May-2026 00:41:21 UTC] 3
[09-May-2026 00:41:21 UTC] ../panel.db
[09-May-2026 00:41:21 UTC] ../panel.db
[09-May-2026 00:41:21 UTC] 3
[09-May-2026 00:41:21 UTC] 3
[09-May-2026 00:41:32 UTC] ../panel.db
[09-May-2026 00:41:32 UTC] 3
[09-May-2026 00:41:32 UTC] ../panel.db
[09-May-2026 00:41:32 UTC] ../panel.db
[09-May-2026 00:41:32 UTC] ../panel.db
[09-May-2026 00:41:32 UTC] ../panel.db
[09-May-2026 00:41:32 UTC] 3
[09-May-2026 00:41:32 UTC] 3
[09-May-2026 00:41:32 UTC] 3
[09-May-2026 00:41:32 UTC] 3
[09-May-2026 00:41:33 UTC] ../panel.db
[09-May-2026 00:41:33 UTC] 3
[09-May-2026 00:41:33 UTC] ../panel.db
[09-May-2026 00:41:33 UTC] 3
[09-May-2026 00:41:33 UTC] ../panel.db
[09-May-2026 00:41:33 UTC] 3
[09-May-2026 00:41:33 UTC] ../panel.db
[09-May-2026 00:41:33 UTC] ../panel.db
[09-May-2026 00:41:33 UTC] ../panel.db
[09-May-2026 00:41:33 UTC] 3
[09-May-2026 00:41:33 UTC] 3
[09-May-2026 00:41:33 UTC] 3
[09-May-2026 00:41:33 UTC] {"serverId":"4c09c109-1764-445c-beda-bafce5c08b83","userUuid":"1","token":"7dcd5010-b674-417d-b121-113eb9200a9a"}
[09-May-2026 00:41:33 UTC] {"serverId":"4c09c109-1764-445c-beda-bafce5c08b83","userUuid":"1","token":"7dcd5010-b674-417d-b121-113eb9200a9a"}
[09-May-2026 00:41:33 UTC] {"serverId":"6d51f2c4-a03d-4373-a278-4932147e3c5a","userUuid":"1","token":"7dcd5010-b674-417d-b121-113eb9200a9a"}
[09-May-2026 00:41:33 UTC] {"serverId":"6d51f2c4-a03d-4373-a278-4932147e3c5a","userUuid":"1","token":"7dcd5010-b674-417d-b121-113eb9200a9a"}
[09-May-2026 00:41:33 UTC] {"serverId":"06ac013c-1f14-4f03-8c5a-bd97d0d0499f","userUuid":"1","token":"7dcd5010-b674-417d-b121-113eb9200a9a"}
[09-May-2026 00:41:33 UTC] {"serverId":"06ac013c-1f14-4f03-8c5a-bd97d0d0499f","userUuid":"1","token":"7dcd5010-b674-417d-b121-113eb9200a9a"}
[09-May-2026 00:41:42 UTC] ../panel.db
[09-May-2026 00:41:42 UTC] 3
[09-May-2026 00:41:44 UTC] ../panel.db
[09-May-2026 00:41:44 UTC] 3
[09-May-2026 00:43:39 UTC] ../panel.db
[09-May-2026 00:43:39 UTC] 3
[09-May-2026 00:43:42 UTC] ../panel.db
[09-May-2026 00:43:42 UTC] 3
[09-May-2026 00:43:50 UTC] ../panel.db
[09-May-2026 00:43:50 UTC] 3
[09-May-2026 00:43:50 UTC] ../panel.db
[09-May-2026 00:43:50 UTC] ../panel.db
[09-May-2026 00:43:50 UTC] ../panel.db
[09-May-2026 00:43:50 UTC] 3
[09-May-2026 00:43:50 UTC] ../panel.db
[09-May-2026 00:43:50 UTC] 3
[09-May-2026 00:43:50 UTC] 3
[09-May-2026 00:43:50 UTC] 3
[09-May-2026 00:43:50 UTC] ../panel.db
[09-May-2026 00:43:50 UTC] 3
[09-May-2026 00:43:50 UTC] ../panel.db
[09-May-2026 00:43:50 UTC] 3
[09-May-2026 00:43:50 UTC] ../panel.db
[09-May-2026 00:43:50 UTC] 3
[09-May-2026 00:44:12 UTC] ../panel.db
[09-May-2026 00:44:12 UTC] 3
[09-May-2026 00:44:24 UTC] ../panel.db
[09-May-2026 00:44:24 UTC] 3
[09-May-2026 00:44:25 UTC] ../panel.db
[09-May-2026 00:44:25 UTC] ../panel.db
[09-May-2026 00:44:25 UTC] ../panel.db
[09-May-2026 00:44:25 UTC] 3
[09-May-2026 00:44:25 UTC] 3
[09-May-2026 00:44:25 UTC] 3
[09-May-2026 00:44:25 UTC] ../panel.db
[09-May-2026 00:44:25 UTC] 3
[09-May-2026 00:44:25 UTC] ../panel.db
[09-May-2026 00:44:25 UTC] 3
[09-May-2026 00:44:39 UTC] ../panel.db
[09-May-2026 00:44:39 UTC] ../panel.db
[09-May-2026 00:44:39 UTC] 3
[09-May-2026 00:44:39 UTC] 3
[09-May-2026 00:44:40 UTC] ../panel.db
[09-May-2026 00:44:40 UTC] 3
[09-May-2026 00:46:55 UTC] ../panel.db
[09-May-2026 00:46:55 UTC] 3
[09-May-2026 00:46:59 UTC] ../panel.db
[09-May-2026 00:46:59 UTC] 3
[09-May-2026 00:47:00 UTC] ../panel.db
[09-May-2026 00:47:00 UTC] 3
[09-May-2026 00:47:03 UTC] ../panel.db
[09-May-2026 00:47:03 UTC] ../panel.db
[09-May-2026 00:47:03 UTC] ../panel.db
[09-May-2026 00:47:03 UTC] 3
[09-May-2026 00:47:03 UTC] 3
[09-May-2026 00:47:03 UTC] 3
[09-May-2026 00:47:04 UTC] ../panel.db
[09-May-2026 00:47:04 UTC] 3
[09-May-2026 00:47:04 UTC] ../panel.db
[09-May-2026 00:47:04 UTC] 3
[09-May-2026 00:47:09 UTC] ../panel.db
[09-May-2026 00:47:09 UTC] 3
[09-May-2026 00:47:09 UTC] ../panel.db
[09-May-2026 00:47:09 UTC] ../panel.db
[09-May-2026 00:47:09 UTC] ../panel.db
[09-May-2026 00:47:09 UTC] ../panel.db
[09-May-2026 00:47:09 UTC] 3
[09-May-2026 00:47:09 UTC] 3
[09-May-2026 00:47:09 UTC] 3
[09-May-2026 00:47:09 UTC] 3
[09-May-2026 00:47:09 UTC] ../panel.db
[09-May-2026 00:47:09 UTC] 3
[09-May-2026 00:47:09 UTC] ../panel.db
[09-May-2026 00:47:09 UTC] ../panel.db
[09-May-2026 00:47:09 UTC] 3
[09-May-2026 00:47:09 UTC] 3
[09-May-2026 00:47:09 UTC] ../panel.db
[09-May-2026 00:47:09 UTC] 3
[09-May-2026 00:47:09 UTC] ../panel.db
[09-May-2026 00:47:09 UTC] 3
[09-May-2026 00:47:10 UTC] ../panel.db
[09-May-2026 00:47:10 UTC] ../panel.db
[09-May-2026 00:47:10 UTC] ../panel.db
[09-May-2026 00:47:10 UTC] 3
[09-May-2026 00:47:10 UTC] 3
[09-May-2026 00:47:10 UTC] 3
[09-May-2026 00:47:11 UTC] ../panel.db
[09-May-2026 00:47:11 UTC] 3
[09-May-2026 00:47:11 UTC] ../panel.db
[09-May-2026 00:47:11 UTC] 3
[09-May-2026 00:47:11 UTC] ../panel.db
[09-May-2026 00:47:11 UTC] ../panel.db
[09-May-2026 00:47:11 UTC] ../panel.db
[09-May-2026 00:47:11 UTC] 3
[09-May-2026 00:47:11 UTC] 3
[09-May-2026 00:47:11 UTC] {"serverId":"6d51f2c4-a03d-4373-a278-4932147e3c5a","userUuid":"1","token":"7dcd5010-b674-417d-b121-113eb9200a9a"}
[09-May-2026 00:47:11 UTC] 3
[09-May-2026 00:47:11 UTC] {"serverId":"6d51f2c4-a03d-4373-a278-4932147e3c5a","userUuid":"1","token":"7dcd5010-b674-417d-b121-113eb9200a9a"}
[09-May-2026 00:47:11 UTC] {"serverId":"06ac013c-1f14-4f03-8c5a-bd97d0d0499f","userUuid":"1","token":"7dcd5010-b674-417d-b121-113eb9200a9a"}
[09-May-2026 00:47:11 UTC] {"serverId":"06ac013c-1f14-4f03-8c5a-bd97d0d0499f","userUuid":"1","token":"7dcd5010-b674-417d-b121-113eb9200a9a"}
[09-May-2026 00:47:11 UTC] {"serverId":"4c09c109-1764-445c-beda-bafce5c08b83","userUuid":"1","token":"7dcd5010-b674-417d-b121-113eb9200a9a"}
[09-May-2026 00:47:11 UTC] {"serverId":"4c09c109-1764-445c-beda-bafce5c08b83","userUuid":"1","token":"7dcd5010-b674-417d-b121-113eb9200a9a"}
[09-May-2026 00:47:12 UTC] ../panel.db
[09-May-2026 00:47:12 UTC] 3
[09-May-2026 00:47:30 UTC] ../panel.db
[09-May-2026 00:47:30 UTC] 3
[09-May-2026 00:47:31 UTC] ../panel.db
[09-May-2026 00:47:31 UTC] 3
[09-May-2026 00:47:35 UTC] ../panel.db
[09-May-2026 00:47:35 UTC] 3
[09-May-2026 00:47:35 UTC] ../panel.db
[09-May-2026 00:47:35 UTC] ../panel.db
[09-May-2026 00:47:35 UTC] ../panel.db
[09-May-2026 00:47:35 UTC] ../panel.db
[09-May-2026 00:47:35 UTC] 3
[09-May-2026 00:47:35 UTC] 3
[09-May-2026 00:47:35 UTC] 3
[09-May-2026 00:47:35 UTC] 3
[09-May-2026 00:47:35 UTC] ../panel.db
[09-May-2026 00:47:35 UTC] 3
[09-May-2026 00:47:35 UTC] ../panel.db
[09-May-2026 00:47:35 UTC] 3
[09-May-2026 00:47:35 UTC] ../panel.db
[09-May-2026 00:47:35 UTC] 3
[09-May-2026 00:47:35 UTC] ../panel.db
[09-May-2026 00:47:35 UTC] ../panel.db
[09-May-2026 00:47:35 UTC] ../panel.db
[09-May-2026 00:47:36 UTC] 3
[09-May-2026 00:47:36 UTC] 3
[09-May-2026 00:47:36 UTC] 3
[09-May-2026 00:47:36 UTC] {"serverId":"6d51f2c4-a03d-4373-a278-4932147e3c5a","userUuid":"1","token":"7dcd5010-b674-417d-b121-113eb9200a9a"}
[09-May-2026 00:47:36 UTC] {"serverId":"6d51f2c4-a03d-4373-a278-4932147e3c5a","userUuid":"1","token":"7dcd5010-b674-417d-b121-113eb9200a9a"}
[09-May-2026 00:47:36 UTC] {"serverId":"06ac013c-1f14-4f03-8c5a-bd97d0d0499f","userUuid":"1","token":"7dcd5010-b674-417d-b121-113eb9200a9a"}
[09-May-2026 00:47:36 UTC] {"serverId":"06ac013c-1f14-4f03-8c5a-bd97d0d0499f","userUuid":"1","token":"7dcd5010-b674-417d-b121-113eb9200a9a"}
[09-May-2026 00:47:36 UTC] {"serverId":"4c09c109-1764-445c-beda-bafce5c08b83","userUuid":"1","token":"7dcd5010-b674-417d-b121-113eb9200a9a"}
[09-May-2026 00:47:36 UTC] {"serverId":"4c09c109-1764-445c-beda-bafce5c08b83","userUuid":"1","token":"7dcd5010-b674-417d-b121-113eb9200a9a"}
[09-May-2026 00:47:47 UTC] ../panel.db
[09-May-2026 00:47:47 UTC] 3
[09-May-2026 00:47:49 UTC] ../panel.db
[09-May-2026 00:47:49 UTC] 3
[09-May-2026 00:48:01 UTC] ../panel.db
[09-May-2026 00:48:01 UTC] 3
[09-May-2026 00:48:02 UTC] ../panel.db
[09-May-2026 00:48:02 UTC] 3
[09-May-2026 00:48:28 UTC] ../panel.db
[09-May-2026 00:48:28 UTC] 3
[09-May-2026 00:48:28 UTC] ../panel.db
[09-May-2026 00:48:28 UTC] 3
[09-May-2026 00:48:29 UTC] ../panel.db
[09-May-2026 00:48:29 UTC] 3
[09-May-2026 00:48:29 UTC] ../panel.db
[09-May-2026 00:48:29 UTC] ../panel.db
[09-May-2026 00:48:29 UTC] 3
[09-May-2026 00:48:29 UTC] 3
[09-May-2026 00:48:29 UTC] ../panel.db
[09-May-2026 00:48:29 UTC] 3
[09-May-2026 00:48:29 UTC] ../panel.db
[09-May-2026 00:48:29 UTC] 3
[09-May-2026 00:48:29 UTC] ../panel.db
[09-May-2026 00:48:29 UTC] 3
[09-May-2026 00:48:29 UTC] ../panel.db
[09-May-2026 00:48:29 UTC] 3
[09-May-2026 00:48:29 UTC] ../panel.db
[09-May-2026 00:48:29 UTC] 3
[09-May-2026 00:48:29 UTC] ../panel.db
[09-May-2026 00:48:29 UTC] 3
[09-May-2026 00:48:29 UTC] ../panel.db
[09-May-2026 00:48:29 UTC] 3
[09-May-2026 00:48:56 UTC] ../panel.db
[09-May-2026 00:48:56 UTC] 3
[09-May-2026 00:49:01 UTC] ../panel.db
[09-May-2026 00:49:01 UTC] 3
[09-May-2026 00:49:03 UTC] ../panel.db
[09-May-2026 00:49:03 UTC] ../panel.db
[09-May-2026 00:49:03 UTC] ../panel.db
[09-May-2026 00:49:03 UTC] 3
[09-May-2026 00:49:03 UTC] 3
[09-May-2026 00:49:03 UTC] 3
[09-May-2026 00:49:03 UTC] ../panel.db
[09-May-2026 00:49:03 UTC] 3
[09-May-2026 00:49:03 UTC] ../panel.db
[09-May-2026 00:49:03 UTC] 3
[09-May-2026 00:49:04 UTC] ../panel.db
[09-May-2026 00:49:04 UTC] 3
[09-May-2026 00:49:04 UTC] ../panel.db
[09-May-2026 00:49:04 UTC] ../panel.db
[09-May-2026 00:49:04 UTC] 3
[09-May-2026 00:49:04 UTC] ../panel.db
[09-May-2026 00:49:04 UTC] 3
[09-May-2026 00:49:04 UTC] 3
[09-May-2026 00:49:05 UTC] ../panel.db
[09-May-2026 00:49:05 UTC] 3
[09-May-2026 00:49:05 UTC] ../panel.db
[09-May-2026 00:49:05 UTC] 3
[09-May-2026 00:49:16 UTC] ../panel.db
[09-May-2026 00:49:16 UTC] 3
[09-May-2026 00:49:16 UTC] ../panel.db
[09-May-2026 00:49:16 UTC] ../panel.db
[09-May-2026 00:49:16 UTC] ../panel.db
[09-May-2026 00:49:16 UTC] 3
[09-May-2026 00:49:16 UTC] 3
[09-May-2026 00:49:16 UTC] 3
[09-May-2026 00:49:17 UTC] ../panel.db
[09-May-2026 00:49:17 UTC] 3
[09-May-2026 00:49:17 UTC] ../panel.db
[09-May-2026 00:49:17 UTC] 3
[09-May-2026 00:49:31 UTC] ../panel.db
[09-May-2026 00:49:31 UTC] 3
[09-May-2026 00:49:32 UTC] ../panel.db
[09-May-2026 00:49:32 UTC] ../panel.db
[09-May-2026 00:49:32 UTC] 3
[09-May-2026 00:49:32 UTC] 3
[09-May-2026 00:49:32 UTC] ../panel.db
[09-May-2026 00:49:32 UTC] 3
[09-May-2026 00:49:32 UTC] ../panel.db
[09-May-2026 00:49:32 UTC] 3
[09-May-2026 00:49:32 UTC] ../panel.db
[09-May-2026 00:49:32 UTC] 3
[09-May-2026 00:49:44 UTC] ../panel.db
[09-May-2026 00:49:44 UTC] 3
[09-May-2026 00:49:44 UTC] ../panel.db
[09-May-2026 00:49:44 UTC] ../panel.db
[09-May-2026 00:49:44 UTC] ../panel.db
[09-May-2026 00:49:44 UTC] 3
[09-May-2026 00:49:44 UTC] 3
[09-May-2026 00:49:44 UTC] 3
[09-May-2026 00:49:44 UTC] ../panel.db
[09-May-2026 00:49:45 UTC] 3
[09-May-2026 00:49:45 UTC] ../panel.db
[09-May-2026 00:49:45 UTC] 3
[09-May-2026 00:49:49 UTC] ../panel.db
[09-May-2026 00:49:49 UTC] 3
[09-May-2026 00:49:55 UTC] ../panel.db
[09-May-2026 00:49:55 UTC] 3
[09-May-2026 00:49:55 UTC] ../panel.db
[09-May-2026 00:49:55 UTC] 3
[09-May-2026 00:49:55 UTC] ../panel.db
[09-May-2026 00:49:55 UTC] ../panel.db
[09-May-2026 00:49:55 UTC] ../panel.db
[09-May-2026 00:49:55 UTC] 3
[09-May-2026 00:49:55 UTC] 3
[09-May-2026 00:49:55 UTC] 3
[09-May-2026 00:49:56 UTC] ../panel.db
[09-May-2026 00:49:56 UTC] 3
[09-May-2026 00:49:56 UTC] ../panel.db
[09-May-2026 00:49:56 UTC] 3
[09-May-2026 00:49:56 UTC] ../panel.db
[09-May-2026 00:49:56 UTC] 3
[09-May-2026 00:49:56 UTC] ../panel.db
[09-May-2026 00:49:56 UTC] ../panel.db
[09-May-2026 00:49:56 UTC] ../panel.db
[09-May-2026 00:49:56 UTC] ../panel.db
[09-May-2026 00:49:56 UTC] 3
[09-May-2026 00:49:56 UTC] 3
[09-May-2026 00:49:56 UTC] 3
[09-May-2026 00:49:56 UTC] 3
[09-May-2026 00:49:56 UTC] ../panel.db
[09-May-2026 00:49:56 UTC] 3
[09-May-2026 00:49:56 UTC] ../panel.db
[09-May-2026 00:49:56 UTC] 3
[09-May-2026 00:49:56 UTC] ../panel.db
[09-May-2026 00:49:56 UTC] 3
[09-May-2026 00:49:56 UTC] ../panel.db
[09-May-2026 00:49:56 UTC] ../panel.db
[09-May-2026 00:49:56 UTC] ../panel.db
[09-May-2026 00:49:56 UTC] 3
[09-May-2026 00:49:56 UTC] 3
[09-May-2026 00:49:56 UTC] 3
[09-May-2026 00:49:57 UTC] ../panel.db
[09-May-2026 00:49:57 UTC] 3
[09-May-2026 00:49:57 UTC] ../panel.db
[09-May-2026 00:49:57 UTC] 3
[09-May-2026 00:49:57 UTC] ../panel.db
[09-May-2026 00:49:57 UTC] ../panel.db
[09-May-2026 00:49:57 UTC] ../panel.db
[09-May-2026 00:49:57 UTC] 3
[09-May-2026 00:49:57 UTC] 3
[09-May-2026 00:49:57 UTC] 3
[09-May-2026 00:49:57 UTC] {"serverId":"06ac013c-1f14-4f03-8c5a-bd97d0d0499f","userUuid":"1","token":"7dcd5010-b674-417d-b121-113eb9200a9a"}
[09-May-2026 00:49:57 UTC] {"serverId":"06ac013c-1f14-4f03-8c5a-bd97d0d0499f","userUuid":"1","token":"7dcd5010-b674-417d-b121-113eb9200a9a"}
[09-May-2026 00:49:57 UTC] {"serverId":"6d51f2c4-a03d-4373-a278-4932147e3c5a","userUuid":"1","token":"7dcd5010-b674-417d-b121-113eb9200a9a"}
[09-May-2026 00:49:57 UTC] {"serverId":"6d51f2c4-a03d-4373-a278-4932147e3c5a","userUuid":"1","token":"7dcd5010-b674-417d-b121-113eb9200a9a"}
[09-May-2026 00:49:57 UTC] {"serverId":"4c09c109-1764-445c-beda-bafce5c08b83","userUuid":"1","token":"7dcd5010-b674-417d-b121-113eb9200a9a"}
[09-May-2026 00:49:57 UTC] ../panel.db
[09-May-2026 00:49:57 UTC] 3
[09-May-2026 00:49:57 UTC] {"serverId":"4c09c109-1764-445c-beda-bafce5c08b83","userUuid":"1","token":"7dcd5010-b674-417d-b121-113eb9200a9a"}
[09-May-2026 00:49:59 UTC] ../panel.db
[09-May-2026 00:49:59 UTC] 3
[09-May-2026 00:50:00 UTC] ../panel.db
[09-May-2026 00:50:00 UTC] 3
[09-May-2026 00:50:00 UTC] ../panel.db
[09-May-2026 00:50:00 UTC] 3
[09-May-2026 00:50:17 UTC] ../panel.db
[09-May-2026 00:50:17 UTC] 3
[09-May-2026 00:50:17 UTC] ../panel.db
[09-May-2026 00:50:17 UTC] ../panel.db
[09-May-2026 00:50:17 UTC] ../panel.db
[09-May-2026 00:50:17 UTC] 3
[09-May-2026 00:50:17 UTC] 3
[09-May-2026 00:50:17 UTC] 3
[09-May-2026 00:50:17 UTC] {"serverId":"4c09c109-1764-445c-beda-bafce5c08b83","userUuid":"1","token":"7dcd5010-b674-417d-b121-113eb9200a9a"}
[09-May-2026 00:50:17 UTC] {"serverId":"4c09c109-1764-445c-beda-bafce5c08b83","userUuid":"1","token":"7dcd5010-b674-417d-b121-113eb9200a9a"}
[09-May-2026 00:50:17 UTC] {"serverId":"6d51f2c4-a03d-4373-a278-4932147e3c5a","userUuid":"1","token":"7dcd5010-b674-417d-b121-113eb9200a9a"}
[09-May-2026 00:50:17 UTC] {"serverId":"6d51f2c4-a03d-4373-a278-4932147e3c5a","userUuid":"1","token":"7dcd5010-b674-417d-b121-113eb9200a9a"}
[09-May-2026 00:50:17 UTC] {"serverId":"06ac013c-1f14-4f03-8c5a-bd97d0d0499f","userUuid":"1","token":"7dcd5010-b674-417d-b121-113eb9200a9a"}
[09-May-2026 00:50:17 UTC] {"serverId":"06ac013c-1f14-4f03-8c5a-bd97d0d0499f","userUuid":"1","token":"7dcd5010-b674-417d-b121-113eb9200a9a"}
[09-May-2026 00:50:22 UTC] ../panel.db
[09-May-2026 00:50:22 UTC] 3
[09-May-2026 00:50:24 UTC] ../panel.db
[09-May-2026 00:50:24 UTC] 3
[09-May-2026 00:50:36 UTC] ../panel.db
[09-May-2026 00:50:36 UTC] 3
[09-May-2026 00:50:46 UTC] ../panel.db
[09-May-2026 00:50:46 UTC] 3
[09-May-2026 00:50:46 UTC] ../panel.db
[09-May-2026 00:50:46 UTC] ../panel.db
[09-May-2026 00:50:46 UTC] ../panel.db
[09-May-2026 00:50:46 UTC] ../panel.db
[09-May-2026 00:50:46 UTC] 3
[09-May-2026 00:50:46 UTC] 3
[09-May-2026 00:50:46 UTC] 3
[09-May-2026 00:50:46 UTC] 3
[09-May-2026 00:50:46 UTC] ../panel.db
[09-May-2026 00:50:46 UTC] 3
[09-May-2026 00:50:46 UTC] ../panel.db
[09-May-2026 00:50:46 UTC] 3
[09-May-2026 00:50:46 UTC] ../panel.db
[09-May-2026 00:50:46 UTC] 3
[09-May-2026 00:50:46 UTC] ../panel.db
[09-May-2026 00:50:46 UTC] 3
[09-May-2026 00:50:46 UTC] ../panel.db
[09-May-2026 00:50:46 UTC] ../panel.db
[09-May-2026 00:50:46 UTC] ../panel.db
[09-May-2026 00:50:46 UTC] 3
[09-May-2026 00:50:46 UTC] 3
[09-May-2026 00:50:46 UTC] 3
[09-May-2026 00:50:46 UTC] ../panel.db
[09-May-2026 00:50:46 UTC] 3
[09-May-2026 00:50:47 UTC] ../panel.db
[09-May-2026 00:50:47 UTC] 3
[09-May-2026 00:50:59 UTC] ../panel.db
[09-May-2026 00:50:59 UTC] 3
[09-May-2026 00:50:59 UTC] ../panel.db
[09-May-2026 00:50:59 UTC] ../panel.db
[09-May-2026 00:50:59 UTC] 3
[09-May-2026 00:50:59 UTC] 3
[09-May-2026 00:50:59 UTC] ../panel.db
[09-May-2026 00:50:59 UTC] 3
[09-May-2026 00:51:04 UTC] ../panel.db
[09-May-2026 00:51:04 UTC] 3
[09-May-2026 00:51:04 UTC] ../panel.db
[09-May-2026 00:51:04 UTC] ../panel.db
[09-May-2026 00:51:04 UTC] ../panel.db
[09-May-2026 00:51:04 UTC] 3
[09-May-2026 00:51:04 UTC] 3
[09-May-2026 00:51:04 UTC] {"serverId":"4c09c109-1764-445c-beda-bafce5c08b83","userUuid":"1","token":"7dcd5010-b674-417d-b121-113eb9200a9a"}
[09-May-2026 00:51:04 UTC] ../panel.db
[09-May-2026 00:51:04 UTC] {"serverId":"4c09c109-1764-445c-beda-bafce5c08b83","userUuid":"1","token":"7dcd5010-b674-417d-b121-113eb9200a9a"}
[09-May-2026 00:51:04 UTC] 3
[09-May-2026 00:51:04 UTC] {"serverId":"6d51f2c4-a03d-4373-a278-4932147e3c5a","userUuid":"1","token":"7dcd5010-b674-417d-b121-113eb9200a9a"}
[09-May-2026 00:51:04 UTC] {"serverId":"6d51f2c4-a03d-4373-a278-4932147e3c5a","userUuid":"1","token":"7dcd5010-b674-417d-b121-113eb9200a9a"}
[09-May-2026 00:51:04 UTC] 3
[09-May-2026 00:51:04 UTC] {"serverId":"06ac013c-1f14-4f03-8c5a-bd97d0d0499f","userUuid":"1","token":"7dcd5010-b674-417d-b121-113eb9200a9a"}
[09-May-2026 00:51:04 UTC] {"serverId":"06ac013c-1f14-4f03-8c5a-bd97d0d0499f","userUuid":"1","token":"7dcd5010-b674-417d-b121-113eb9200a9a"}
[09-May-2026 00:51:07 UTC] ../panel.db
[09-May-2026 00:51:07 UTC] 3
[09-May-2026 00:51:07 UTC] ../panel.db
[09-May-2026 00:51:07 UTC] 3
[09-May-2026 00:51:07 UTC] ../panel.db
[09-May-2026 00:51:07 UTC] ../panel.db
[09-May-2026 00:51:07 UTC] ../panel.db
[09-May-2026 00:51:07 UTC] ../panel.db
[09-May-2026 00:51:07 UTC] 3
[09-May-2026 00:51:07 UTC] 3
[09-May-2026 00:51:07 UTC] 3
[09-May-2026 00:51:07 UTC] 3
[09-May-2026 00:51:07 UTC] ../panel.db
[09-May-2026 00:51:07 UTC] 3
[09-May-2026 00:51:08 UTC] ../panel.db
[09-May-2026 00:51:08 UTC] 3
[09-May-2026 00:51:08 UTC] ../panel.db
[09-May-2026 00:51:08 UTC] 3
[09-May-2026 00:51:08 UTC] ../panel.db
[09-May-2026 00:51:08 UTC] 3
[09-May-2026 00:51:08 UTC] ../panel.db
[09-May-2026 00:51:08 UTC] 3
[09-May-2026 00:51:08 UTC] ../panel.db
[09-May-2026 00:51:08 UTC] 3
[09-May-2026 00:51:08 UTC] ../panel.db
[09-May-2026 00:51:08 UTC] 3
[09-May-2026 00:51:08 UTC] ../panel.db
[09-May-2026 00:51:08 UTC] 3
[09-May-2026 00:51:14 UTC] ../panel.db
[09-May-2026 00:51:14 UTC] 3
[09-May-2026 00:51:14 UTC] ../panel.db
[09-May-2026 00:51:14 UTC] ../panel.db
[09-May-2026 00:51:14 UTC] ../panel.db
[09-May-2026 00:51:14 UTC] 3
[09-May-2026 00:51:14 UTC] 3
[09-May-2026 00:51:14 UTC] 3
[09-May-2026 00:51:14 UTC] {"serverId":"06ac013c-1f14-4f03-8c5a-bd97d0d0499f","userUuid":"1","token":"7dcd5010-b674-417d-b121-113eb9200a9a"}
[09-May-2026 00:51:14 UTC] {"serverId":"06ac013c-1f14-4f03-8c5a-bd97d0d0499f","userUuid":"1","token":"7dcd5010-b674-417d-b121-113eb9200a9a"}
[09-May-2026 00:51:14 UTC] {"serverId":"4c09c109-1764-445c-beda-bafce5c08b83","userUuid":"1","token":"7dcd5010-b674-417d-b121-113eb9200a9a"}
[09-May-2026 00:51:14 UTC] {"serverId":"4c09c109-1764-445c-beda-bafce5c08b83","userUuid":"1","token":"7dcd5010-b674-417d-b121-113eb9200a9a"}
[09-May-2026 00:51:14 UTC] {"serverId":"6d51f2c4-a03d-4373-a278-4932147e3c5a","userUuid":"1","token":"7dcd5010-b674-417d-b121-113eb9200a9a"}
[09-May-2026 00:51:14 UTC] {"serverId":"6d51f2c4-a03d-4373-a278-4932147e3c5a","userUuid":"1","token":"7dcd5010-b674-417d-b121-113eb9200a9a"}
[09-May-2026 00:51:17 UTC] ../panel.db
[09-May-2026 00:51:17 UTC] 3
[09-May-2026 00:51:26 UTC] ../panel.db
[09-May-2026 00:51:26 UTC] 3
[09-May-2026 00:51:41 UTC] ../panel.db
[09-May-2026 00:51:41 UTC] 3
[09-May-2026 00:51:50 UTC] ../panel.db
[09-May-2026 00:51:50 UTC] 3
[09-May-2026 00:51:50 UTC] ../panel.db
[09-May-2026 00:51:50 UTC] ../panel.db
[09-May-2026 00:51:50 UTC] ../panel.db
[09-May-2026 00:51:50 UTC] ../panel.db
[09-May-2026 00:51:50 UTC] 3
[09-May-2026 00:51:50 UTC] 3
[09-May-2026 00:51:50 UTC] 3
[09-May-2026 00:51:50 UTC] 3
[09-May-2026 00:51:50 UTC] ../panel.db
[09-May-2026 00:51:50 UTC] 3
[09-May-2026 00:51:51 UTC] ../panel.db
[09-May-2026 00:51:51 UTC] ../panel.db
[09-May-2026 00:51:51 UTC] 3
[09-May-2026 00:51:51 UTC] ../panel.db
[09-May-2026 00:51:51 UTC] ../panel.db
[09-May-2026 00:51:51 UTC] 3
[09-May-2026 00:51:51 UTC] 3
[09-May-2026 00:51:51 UTC] 3
[09-May-2026 00:51:51 UTC] ../panel.db
[09-May-2026 00:51:51 UTC] ../panel.db
[09-May-2026 00:51:51 UTC] 3
[09-May-2026 00:51:51 UTC] 3
[09-May-2026 00:51:51 UTC] ../panel.db
[09-May-2026 00:51:51 UTC] 3
[09-May-2026 00:51:51 UTC] ../panel.db
[09-May-2026 00:51:51 UTC] 3
[09-May-2026 00:51:56 UTC] ../panel.db
[09-May-2026 00:51:56 UTC] 3
[09-May-2026 00:51:58 UTC] ../panel.db
[09-May-2026 00:51:58 UTC] 3
[09-May-2026 00:51:58 UTC] ../panel.db
[09-May-2026 00:51:58 UTC] ../panel.db
[09-May-2026 00:51:58 UTC] ../panel.db
[09-May-2026 00:51:58 UTC] 3
[09-May-2026 00:51:58 UTC] 3
[09-May-2026 00:51:58 UTC] 3
[09-May-2026 00:51:58 UTC] {"serverId":"6d51f2c4-a03d-4373-a278-4932147e3c5a","userUuid":"1","token":"7dcd5010-b674-417d-b121-113eb9200a9a"}
[09-May-2026 00:51:58 UTC] {"serverId":"6d51f2c4-a03d-4373-a278-4932147e3c5a","userUuid":"1","token":"7dcd5010-b674-417d-b121-113eb9200a9a"}
[09-May-2026 00:51:58 UTC] {"serverId":"06ac013c-1f14-4f03-8c5a-bd97d0d0499f","userUuid":"1","token":"7dcd5010-b674-417d-b121-113eb9200a9a"}
[09-May-2026 00:51:58 UTC] {"serverId":"06ac013c-1f14-4f03-8c5a-bd97d0d0499f","userUuid":"1","token":"7dcd5010-b674-417d-b121-113eb9200a9a"}
[09-May-2026 00:51:58 UTC] {"serverId":"4c09c109-1764-445c-beda-bafce5c08b83","userUuid":"1","token":"7dcd5010-b674-417d-b121-113eb9200a9a"}
[09-May-2026 00:51:58 UTC] {"serverId":"4c09c109-1764-445c-beda-bafce5c08b83","userUuid":"1","token":"7dcd5010-b674-417d-b121-113eb9200a9a"}
[09-May-2026 00:52:02 UTC] ../panel.db
[09-May-2026 00:52:02 UTC] 3
[09-May-2026 00:52:03 UTC] ../panel.db
[09-May-2026 00:52:03 UTC] ../panel.db
[09-May-2026 00:52:03 UTC] 3
[09-May-2026 00:52:03 UTC] 3
[09-May-2026 00:52:03 UTC] ../panel.db
[09-May-2026 00:52:03 UTC] 3
[09-May-2026 00:52:03 UTC] ../panel.db
[09-May-2026 00:52:03 UTC] ../panel.db
[09-May-2026 00:52:03 UTC] ../panel.db
[09-May-2026 00:52:03 UTC] 3
[09-May-2026 00:52:03 UTC] 3
[09-May-2026 00:52:03 UTC] {"serverId":"06ac013c-1f14-4f03-8c5a-bd97d0d0499f","userUuid":"1","token":"7dcd5010-b674-417d-b121-113eb9200a9a"}
[09-May-2026 00:52:03 UTC] 3
[09-May-2026 00:52:03 UTC] {"serverId":"06ac013c-1f14-4f03-8c5a-bd97d0d0499f","userUuid":"1","token":"7dcd5010-b674-417d-b121-113eb9200a9a"}
[09-May-2026 00:52:03 UTC] {"serverId":"6d51f2c4-a03d-4373-a278-4932147e3c5a","userUuid":"1","token":"7dcd5010-b674-417d-b121-113eb9200a9a"}
[09-May-2026 00:52:03 UTC] {"serverId":"6d51f2c4-a03d-4373-a278-4932147e3c5a","userUuid":"1","token":"7dcd5010-b674-417d-b121-113eb9200a9a"}
[09-May-2026 00:52:03 UTC] {"serverId":"4c09c109-1764-445c-beda-bafce5c08b83","userUuid":"1","token":"7dcd5010-b674-417d-b121-113eb9200a9a"}
[09-May-2026 00:52:03 UTC] {"serverId":"4c09c109-1764-445c-beda-bafce5c08b83","userUuid":"1","token":"7dcd5010-b674-417d-b121-113eb9200a9a"}
[09-May-2026 00:52:15 UTC] ../panel.db
[09-May-2026 00:52:15 UTC] 3
[09-May-2026 00:52:23 UTC] ../panel.db
[09-May-2026 00:52:23 UTC] 3
[09-May-2026 00:52:23 UTC] ../panel.db
[09-May-2026 00:52:23 UTC] ../panel.db
[09-May-2026 00:52:23 UTC] ../panel.db
[09-May-2026 00:52:23 UTC] ../panel.db
[09-May-2026 00:52:23 UTC] 3
[09-May-2026 00:52:23 UTC] 3
[09-May-2026 00:52:23 UTC] 3
[09-May-2026 00:52:23 UTC] 3
[09-May-2026 00:52:23 UTC] ../panel.db
[09-May-2026 00:52:23 UTC] 3
[09-May-2026 00:52:23 UTC] ../panel.db
[09-May-2026 00:52:23 UTC] 3
[09-May-2026 00:52:23 UTC] ../panel.db
[09-May-2026 00:52:23 UTC] 3
[09-May-2026 00:52:23 UTC] ../panel.db
[09-May-2026 00:52:23 UTC] ../panel.db
[09-May-2026 00:52:23 UTC] ../panel.db
[09-May-2026 00:52:23 UTC] 3
[09-May-2026 00:52:23 UTC] 3
[09-May-2026 00:52:23 UTC] 3
[09-May-2026 00:52:23 UTC] ../panel.db
[09-May-2026 00:52:23 UTC] 3
[09-May-2026 00:52:24 UTC] ../panel.db
[09-May-2026 00:52:24 UTC] 3
[09-May-2026 00:52:24 UTC] ../panel.db
[09-May-2026 00:52:24 UTC] ../panel.db
[09-May-2026 00:52:24 UTC] ../panel.db
[09-May-2026 00:52:24 UTC] 3
[09-May-2026 00:52:24 UTC] 3
[09-May-2026 00:52:24 UTC] 3
[09-May-2026 00:52:24 UTC] {"serverId":"6d51f2c4-a03d-4373-a278-4932147e3c5a","userUuid":"1","token":"7dcd5010-b674-417d-b121-113eb9200a9a"}
[09-May-2026 00:52:24 UTC] {"serverId":"6d51f2c4-a03d-4373-a278-4932147e3c5a","userUuid":"1","token":"7dcd5010-b674-417d-b121-113eb9200a9a"}
[09-May-2026 00:52:24 UTC] {"serverId":"06ac013c-1f14-4f03-8c5a-bd97d0d0499f","userUuid":"1","token":"7dcd5010-b674-417d-b121-113eb9200a9a"}
[09-May-2026 00:52:24 UTC] {"serverId":"06ac013c-1f14-4f03-8c5a-bd97d0d0499f","userUuid":"1","token":"7dcd5010-b674-417d-b121-113eb9200a9a"}
[09-May-2026 00:52:24 UTC] {"serverId":"4c09c109-1764-445c-beda-bafce5c08b83","userUuid":"1","token":"7dcd5010-b674-417d-b121-113eb9200a9a"}
[09-May-2026 00:52:24 UTC] {"serverId":"4c09c109-1764-445c-beda-bafce5c08b83","userUuid":"1","token":"7dcd5010-b674-417d-b121-113eb9200a9a"}
[09-May-2026 00:52:24 UTC] ../panel.db
[09-May-2026 00:52:24 UTC] 3
[09-May-2026 00:52:25 UTC] ../panel.db
[09-May-2026 00:52:25 UTC] 3
[09-May-2026 00:52:34 UTC] ../panel.db
[09-May-2026 00:52:34 UTC] 3
[09-May-2026 00:52:43 UTC] ../panel.db
[09-May-2026 00:52:43 UTC] 3
[09-May-2026 00:52:44 UTC] ../panel.db
[09-May-2026 00:52:44 UTC] ../panel.db
[09-May-2026 00:52:44 UTC] ../panel.db
[09-May-2026 00:52:44 UTC] ../panel.db
[09-May-2026 00:52:44 UTC] 3
[09-May-2026 00:52:44 UTC] 3
[09-May-2026 00:52:44 UTC] 3
[09-May-2026 00:52:44 UTC] 3
[09-May-2026 00:52:44 UTC] ../panel.db
[09-May-2026 00:52:44 UTC] 3
[09-May-2026 00:52:44 UTC] ../panel.db
[09-May-2026 00:52:44 UTC] 3
[09-May-2026 00:52:44 UTC] ../panel.db
[09-May-2026 00:52:44 UTC] 3
[09-May-2026 00:52:44 UTC] ../panel.db
[09-May-2026 00:52:44 UTC] 3
[09-May-2026 00:52:44 UTC] ../panel.db
[09-May-2026 00:52:44 UTC] ../panel.db
[09-May-2026 00:52:44 UTC] ../panel.db
[09-May-2026 00:52:44 UTC] 3
[09-May-2026 00:52:44 UTC] 3
[09-May-2026 00:52:44 UTC] 3
[09-May-2026 00:52:44 UTC] ../panel.db
[09-May-2026 00:52:45 UTC] 3
[09-May-2026 00:52:45 UTC] ../panel.db
[09-May-2026 00:52:45 UTC] 3
[09-May-2026 00:53:16 UTC] ../panel.db
[09-May-2026 00:53:16 UTC] 3
[09-May-2026 00:53:47 UTC] ../panel.db
[09-May-2026 00:53:47 UTC] 3
[09-May-2026 00:53:48 UTC] ../panel.db
[09-May-2026 00:53:48 UTC] 3
[09-May-2026 00:53:48 UTC] ../panel.db
[09-May-2026 00:53:48 UTC] 3
[09-May-2026 00:53:57 UTC] ../panel.db
[09-May-2026 00:53:57 UTC] 3
[09-May-2026 00:53:58 UTC] ../panel.db
[09-May-2026 00:53:58 UTC] ../panel.db
[09-May-2026 00:53:58 UTC] 3
[09-May-2026 00:53:58 UTC] ../panel.db
[09-May-2026 00:53:58 UTC] 3
[09-May-2026 00:53:58 UTC] ../panel.db
[09-May-2026 00:53:58 UTC] 3
[09-May-2026 00:53:59 UTC] 3
[09-May-2026 00:53:59 UTC] ../panel.db
[09-May-2026 00:53:59 UTC] 3
[09-May-2026 00:53:59 UTC] ../panel.db
[09-May-2026 00:53:59 UTC] 3
[09-May-2026 00:53:59 UTC] ../panel.db
[09-May-2026 00:53:59 UTC] 3
[09-May-2026 00:54:07 UTC] ../panel.db
[09-May-2026 00:54:07 UTC] 3
[09-May-2026 00:54:07 UTC] ../panel.db
[09-May-2026 00:54:07 UTC] ../panel.db
[09-May-2026 00:54:07 UTC] ../panel.db
[09-May-2026 00:54:07 UTC] ../panel.db
[09-May-2026 00:54:07 UTC] 3
[09-May-2026 00:54:07 UTC] 3
[09-May-2026 00:54:07 UTC] 3
[09-May-2026 00:54:07 UTC] 3
[09-May-2026 00:54:08 UTC] ../panel.db
[09-May-2026 00:54:08 UTC] 3
[09-May-2026 00:54:08 UTC] ../panel.db
[09-May-2026 00:54:08 UTC] 3
[09-May-2026 00:54:08 UTC] ../panel.db
[09-May-2026 00:54:08 UTC] 3
[09-May-2026 00:54:16 UTC] ../panel.db
[09-May-2026 00:54:16 UTC] 3
[09-May-2026 00:54:28 UTC] ../panel.db
[09-May-2026 00:54:28 UTC] 3
[09-May-2026 00:54:28 UTC] ../panel.db
[09-May-2026 00:54:28 UTC] ../panel.db
[09-May-2026 00:54:28 UTC] ../panel.db
[09-May-2026 00:54:29 UTC] 3
[09-May-2026 00:54:29 UTC] 3
[09-May-2026 00:54:29 UTC] 3
[09-May-2026 00:54:29 UTC] ../panel.db
[09-May-2026 00:54:29 UTC] 3
[09-May-2026 00:54:29 UTC] ../panel.db
[09-May-2026 00:54:29 UTC] 3
[09-May-2026 00:54:32 UTC] ../panel.db
[09-May-2026 00:54:32 UTC] ../panel.db
[09-May-2026 00:54:32 UTC] 3
[09-May-2026 00:54:32 UTC] 3
[09-May-2026 00:54:32 UTC] ../panel.db
[09-May-2026 00:54:32 UTC] 3
[09-May-2026 00:54:54 UTC] ../panel.db
[09-May-2026 00:54:54 UTC] 3
[09-May-2026 00:54:57 UTC] ../panel.db
[09-May-2026 00:54:57 UTC] 3
[09-May-2026 00:55:59 UTC] ../panel.db
[09-May-2026 00:56:01 UTC] ../panel.db
[09-May-2026 00:56:01 UTC] ../panel.db
[09-May-2026 00:56:01 UTC] ../panel.db
[09-May-2026 00:56:01 UTC] ../panel.db
[09-May-2026 00:56:01 UTC] ../panel.db
[09-May-2026 00:56:01 UTC] ../panel.db
[09-May-2026 00:56:01 UTC] ../panel.db
[09-May-2026 00:56:01 UTC] ../panel.db
[09-May-2026 00:56:01 UTC] ../panel.db
[09-May-2026 00:56:01 UTC] ../panel.db
[09-May-2026 00:56:01 UTC] ../panel.db
[09-May-2026 00:56:01 UTC] {"serverId":"4c09c109-1764-445c-beda-bafce5c08b83","userUuid":"1","token":"7dcd5010-b674-417d-b121-113eb9200a9a"}
[09-May-2026 00:56:01 UTC] {"serverId":"4c09c109-1764-445c-beda-bafce5c08b83","userUuid":"1","token":"7dcd5010-b674-417d-b121-113eb9200a9a"}
[09-May-2026 00:56:01 UTC] {"serverId":"06ac013c-1f14-4f03-8c5a-bd97d0d0499f","userUuid":"1","token":"7dcd5010-b674-417d-b121-113eb9200a9a"}
[09-May-2026 00:56:01 UTC] {"serverId":"06ac013c-1f14-4f03-8c5a-bd97d0d0499f","userUuid":"1","token":"7dcd5010-b674-417d-b121-113eb9200a9a"}
[09-May-2026 00:56:01 UTC] {"serverId":"6d51f2c4-a03d-4373-a278-4932147e3c5a","userUuid":"1","token":"7dcd5010-b674-417d-b121-113eb9200a9a"}
[09-May-2026 00:56:01 UTC] {"serverId":"6d51f2c4-a03d-4373-a278-4932147e3c5a","userUuid":"1","token":"7dcd5010-b674-417d-b121-113eb9200a9a"}
[09-May-2026 00:56:05 UTC] ../panel.db
[09-May-2026 00:56:05 UTC] ../panel.db
[09-May-2026 00:56:19 UTC] ../panel.db
[09-May-2026 00:56:22 UTC] ../panel.db
[09-May-2026 00:56:28 UTC] ../panel.db
[09-May-2026 00:56:32 UTC] ../panel.db
[09-May-2026 00:56:32 UTC] ../panel.db
[09-May-2026 00:56:32 UTC] ../panel.db
[09-May-2026 00:56:32 UTC] ../panel.db
[09-May-2026 00:56:32 UTC] ../panel.db
[09-May-2026 00:56:32 UTC] ../panel.db
[09-May-2026 00:56:33 UTC] ../panel.db
[09-May-2026 00:56:34 UTC] ../panel.db
[09-May-2026 00:56:34 UTC] ../panel.db
[09-May-2026 00:56:34 UTC] ../panel.db
[09-May-2026 00:56:34 UTC] ../panel.db
[09-May-2026 00:56:34 UTC] {"serverId":"06ac013c-1f14-4f03-8c5a-bd97d0d0499f","userUuid":"1","token":"7dcd5010-b674-417d-b121-113eb9200a9a"}
[09-May-2026 00:56:34 UTC] {"serverId":"06ac013c-1f14-4f03-8c5a-bd97d0d0499f","userUuid":"1","token":"7dcd5010-b674-417d-b121-113eb9200a9a"}
[09-May-2026 00:56:34 UTC] {"serverId":"4c09c109-1764-445c-beda-bafce5c08b83","userUuid":"1","token":"7dcd5010-b674-417d-b121-113eb9200a9a"}
[09-May-2026 00:56:34 UTC] {"serverId":"4c09c109-1764-445c-beda-bafce5c08b83","userUuid":"1","token":"7dcd5010-b674-417d-b121-113eb9200a9a"}
[09-May-2026 00:56:34 UTC] {"serverId":"6d51f2c4-a03d-4373-a278-4932147e3c5a","userUuid":"1","token":"7dcd5010-b674-417d-b121-113eb9200a9a"}
[09-May-2026 00:56:34 UTC] {"serverId":"6d51f2c4-a03d-4373-a278-4932147e3c5a","userUuid":"1","token":"7dcd5010-b674-417d-b121-113eb9200a9a"}
[09-May-2026 00:56:35 UTC] ../panel.db
[09-May-2026 00:56:35 UTC] ../panel.db
[09-May-2026 00:56:35 UTC] ../panel.db
[09-May-2026 00:56:35 UTC] ../panel.db
[09-May-2026 00:56:35 UTC] ../panel.db
[09-May-2026 00:56:36 UTC] ../panel.db
[09-May-2026 00:56:36 UTC] ../panel.db
[09-May-2026 00:56:36 UTC] ../panel.db
[09-May-2026 00:56:36 UTC] ../panel.db
[09-May-2026 00:56:36 UTC] ../panel.db
[09-May-2026 00:56:36 UTC] ../panel.db
[09-May-2026 00:56:36 UTC] {"serverId":"06ac013c-1f14-4f03-8c5a-bd97d0d0499f","userUuid":"1","token":"7dcd5010-b674-417d-b121-113eb9200a9a"}
[09-May-2026 00:56:36 UTC] {"serverId":"06ac013c-1f14-4f03-8c5a-bd97d0d0499f","userUuid":"1","token":"7dcd5010-b674-417d-b121-113eb9200a9a"}
[09-May-2026 00:56:36 UTC] {"serverId":"4c09c109-1764-445c-beda-bafce5c08b83","userUuid":"1","token":"7dcd5010-b674-417d-b121-113eb9200a9a"}
[09-May-2026 00:56:36 UTC] {"serverId":"4c09c109-1764-445c-beda-bafce5c08b83","userUuid":"1","token":"7dcd5010-b674-417d-b121-113eb9200a9a"}
[09-May-2026 00:56:36 UTC] {"serverId":"6d51f2c4-a03d-4373-a278-4932147e3c5a","userUuid":"1","token":"7dcd5010-b674-417d-b121-113eb9200a9a"}
[09-May-2026 00:56:36 UTC] {"serverId":"6d51f2c4-a03d-4373-a278-4932147e3c5a","userUuid":"1","token":"7dcd5010-b674-417d-b121-113eb9200a9a"}
[09-May-2026 00:56:58 UTC] ../panel.db
[09-May-2026 00:56:58 UTC] ../panel.db
[09-May-2026 00:57:00 UTC] ../panel.db
[09-May-2026 00:57:00 UTC] ../panel.db
[09-May-2026 00:57:00 UTC] ../panel.db
[09-May-2026 00:57:00 UTC] ../panel.db
[09-May-2026 00:57:00 UTC] ../panel.db
[09-May-2026 00:57:00 UTC] ../panel.db
[09-May-2026 00:57:00 UTC] ../panel.db
[09-May-2026 00:57:01 UTC] ../panel.db
[09-May-2026 00:57:01 UTC] ../panel.db
[09-May-2026 00:57:01 UTC] ../panel.db
[09-May-2026 00:57:01 UTC] ../panel.db
[09-May-2026 00:57:01 UTC] {"serverId":"4c09c109-1764-445c-beda-bafce5c08b83","userUuid":"1","token":"7dcd5010-b674-417d-b121-113eb9200a9a"}
[09-May-2026 00:57:01 UTC] {"serverId":"4c09c109-1764-445c-beda-bafce5c08b83","userUuid":"1","token":"7dcd5010-b674-417d-b121-113eb9200a9a"}
[09-May-2026 00:57:01 UTC] {"serverId":"06ac013c-1f14-4f03-8c5a-bd97d0d0499f","userUuid":"1","token":"7dcd5010-b674-417d-b121-113eb9200a9a"}
[09-May-2026 00:57:01 UTC] {"serverId":"06ac013c-1f14-4f03-8c5a-bd97d0d0499f","userUuid":"1","token":"7dcd5010-b674-417d-b121-113eb9200a9a"}
[09-May-2026 00:57:01 UTC] {"serverId":"6d51f2c4-a03d-4373-a278-4932147e3c5a","userUuid":"1","token":"7dcd5010-b674-417d-b121-113eb9200a9a"}
[09-May-2026 00:57:01 UTC] {"serverId":"6d51f2c4-a03d-4373-a278-4932147e3c5a","userUuid":"1","token":"7dcd5010-b674-417d-b121-113eb9200a9a"}
[09-May-2026 00:57:34 UTC] ../panel.db
[09-May-2026 00:57:45 UTC] ../panel.db
[09-May-2026 00:57:45 UTC] ../panel.db
[09-May-2026 00:57:45 UTC] ../panel.db
[09-May-2026 00:57:46 UTC] ../panel.db
[09-May-2026 00:57:46 UTC] ../panel.db
[09-May-2026 00:57:46 UTC] ../panel.db
[09-May-2026 00:58:02 UTC] ../panel.db
[09-May-2026 00:58:02 UTC] ../panel.db
[09-May-2026 00:58:02 UTC] ../panel.db
[09-May-2026 00:58:07 UTC] ../panel.db
[09-May-2026 00:58:07 UTC] ../panel.db
[09-May-2026 00:58:07 UTC] ../panel.db
[09-May-2026 00:58:07 UTC] {"serverId":"06ac013c-1f14-4f03-8c5a-bd97d0d0499f","userUuid":"1","token":"7dcd5010-b674-417d-b121-113eb9200a9a"}
[09-May-2026 00:58:07 UTC] {"serverId":"06ac013c-1f14-4f03-8c5a-bd97d0d0499f","userUuid":"1","token":"7dcd5010-b674-417d-b121-113eb9200a9a"}
[09-May-2026 00:58:07 UTC] {"serverId":"6d51f2c4-a03d-4373-a278-4932147e3c5a","userUuid":"1","token":"7dcd5010-b674-417d-b121-113eb9200a9a"}
[09-May-2026 00:58:07 UTC] {"serverId":"6d51f2c4-a03d-4373-a278-4932147e3c5a","userUuid":"1","token":"7dcd5010-b674-417d-b121-113eb9200a9a"}
[09-May-2026 00:58:07 UTC] {"serverId":"4c09c109-1764-445c-beda-bafce5c08b83","userUuid":"1","token":"7dcd5010-b674-417d-b121-113eb9200a9a"}
[09-May-2026 00:58:07 UTC] {"serverId":"4c09c109-1764-445c-beda-bafce5c08b83","userUuid":"1","token":"7dcd5010-b674-417d-b121-113eb9200a9a"}
[09-May-2026 00:58:12 UTC] ../panel.db
[09-May-2026 00:58:13 UTC] ../panel.db
[09-May-2026 00:58:13 UTC] ../panel.db
[09-May-2026 00:58:13 UTC] ../panel.db
[09-May-2026 00:58:13 UTC] ../panel.db
[09-May-2026 00:58:13 UTC] ../panel.db
[09-May-2026 00:58:19 UTC] ../panel.db
[09-May-2026 00:58:19 UTC] ../panel.db
[09-May-2026 00:58:19 UTC] ../panel.db
[09-May-2026 00:58:22 UTC] ../panel.db
[09-May-2026 00:58:22 UTC] ../panel.db
[09-May-2026 00:58:22 UTC] ../panel.db
[09-May-2026 00:58:22 UTC] {"serverId":"6d51f2c4-a03d-4373-a278-4932147e3c5a","userUuid":"1","token":"7dcd5010-b674-417d-b121-113eb9200a9a"}
[09-May-2026 00:58:22 UTC] {"serverId":"6d51f2c4-a03d-4373-a278-4932147e3c5a","userUuid":"1","token":"7dcd5010-b674-417d-b121-113eb9200a9a"}
[09-May-2026 00:58:22 UTC] {"serverId":"4c09c109-1764-445c-beda-bafce5c08b83","userUuid":"1","token":"7dcd5010-b674-417d-b121-113eb9200a9a"}
[09-May-2026 00:58:22 UTC] {"serverId":"4c09c109-1764-445c-beda-bafce5c08b83","userUuid":"1","token":"7dcd5010-b674-417d-b121-113eb9200a9a"}
[09-May-2026 00:58:22 UTC] {"serverId":"06ac013c-1f14-4f03-8c5a-bd97d0d0499f","userUuid":"1","token":"7dcd5010-b674-417d-b121-113eb9200a9a"}
[09-May-2026 00:58:22 UTC] {"serverId":"06ac013c-1f14-4f03-8c5a-bd97d0d0499f","userUuid":"1","token":"7dcd5010-b674-417d-b121-113eb9200a9a"}
[09-May-2026 00:58:22 UTC] ../panel.db
[09-May-2026 00:58:28 UTC] ../panel.db
[09-May-2026 00:58:31 UTC] ../panel.db
[09-May-2026 00:58:32 UTC] ../panel.db
[09-May-2026 00:58:32 UTC] ../panel.db
[09-May-2026 00:58:32 UTC] ../panel.db
[09-May-2026 00:58:32 UTC] ../panel.db
[09-May-2026 00:58:32 UTC] ../panel.db
[09-May-2026 00:58:32 UTC] ../panel.db
[09-May-2026 00:58:33 UTC] ../panel.db
[09-May-2026 00:58:33 UTC] ../panel.db
[09-May-2026 00:58:33 UTC] ../panel.db
[09-May-2026 00:58:33 UTC] ../panel.db
[09-May-2026 00:58:33 UTC] {"serverId":"06ac013c-1f14-4f03-8c5a-bd97d0d0499f","userUuid":"1","token":"7dcd5010-b674-417d-b121-113eb9200a9a"}
[09-May-2026 00:58:33 UTC] {"serverId":"06ac013c-1f14-4f03-8c5a-bd97d0d0499f","userUuid":"1","token":"7dcd5010-b674-417d-b121-113eb9200a9a"}
[09-May-2026 00:58:33 UTC] {"serverId":"6d51f2c4-a03d-4373-a278-4932147e3c5a","userUuid":"1","token":"7dcd5010-b674-417d-b121-113eb9200a9a"}
[09-May-2026 00:58:33 UTC] {"serverId":"6d51f2c4-a03d-4373-a278-4932147e3c5a","userUuid":"1","token":"7dcd5010-b674-417d-b121-113eb9200a9a"}
[09-May-2026 00:58:33 UTC] {"serverId":"4c09c109-1764-445c-beda-bafce5c08b83","userUuid":"1","token":"7dcd5010-b674-417d-b121-113eb9200a9a"}
[09-May-2026 00:58:33 UTC] {"serverId":"4c09c109-1764-445c-beda-bafce5c08b83","userUuid":"1","token":"7dcd5010-b674-417d-b121-113eb9200a9a"}
[09-May-2026 00:58:34 UTC] ../panel.db
[09-May-2026 00:58:34 UTC] ../panel.db
[09-May-2026 00:58:34 UTC] ../panel.db
[09-May-2026 00:58:34 UTC] ../panel.db
[09-May-2026 00:58:34 UTC] ../panel.db
[09-May-2026 00:58:34 UTC] ../panel.db
[09-May-2026 00:58:34 UTC] ../panel.db
[09-May-2026 00:58:35 UTC] ../panel.db
[09-May-2026 00:58:35 UTC] ../panel.db
[09-May-2026 00:58:35 UTC] ../panel.db
[09-May-2026 00:58:35 UTC] ../panel.db
[09-May-2026 00:58:35 UTC] {"serverId":"6d51f2c4-a03d-4373-a278-4932147e3c5a","userUuid":"1","token":"7dcd5010-b674-417d-b121-113eb9200a9a"}
[09-May-2026 00:58:35 UTC] {"serverId":"6d51f2c4-a03d-4373-a278-4932147e3c5a","userUuid":"1","token":"7dcd5010-b674-417d-b121-113eb9200a9a"}
[09-May-2026 00:58:35 UTC] {"serverId":"4c09c109-1764-445c-beda-bafce5c08b83","userUuid":"1","token":"7dcd5010-b674-417d-b121-113eb9200a9a"}
[09-May-2026 00:58:35 UTC] {"serverId":"4c09c109-1764-445c-beda-bafce5c08b83","userUuid":"1","token":"7dcd5010-b674-417d-b121-113eb9200a9a"}
[09-May-2026 00:58:35 UTC] {"serverId":"06ac013c-1f14-4f03-8c5a-bd97d0d0499f","userUuid":"1","token":"7dcd5010-b674-417d-b121-113eb9200a9a"}
[09-May-2026 00:58:35 UTC] {"serverId":"06ac013c-1f14-4f03-8c5a-bd97d0d0499f","userUuid":"1","token":"7dcd5010-b674-417d-b121-113eb9200a9a"}
[09-May-2026 00:58:42 UTC] ../panel.db
[09-May-2026 00:58:59 UTC] ../panel.db
[09-May-2026 00:59:07 UTC] ../panel.db
[09-May-2026 00:59:07 UTC] ../panel.db
[09-May-2026 00:59:07 UTC] ../panel.db
[09-May-2026 00:59:07 UTC] ../panel.db
[09-May-2026 00:59:08 UTC] ../panel.db
[09-May-2026 00:59:08 UTC] ../panel.db
[09-May-2026 00:59:10 UTC] ../panel.db
[09-May-2026 00:59:10 UTC] ../panel.db
[09-May-2026 00:59:10 UTC] ../panel.db
[09-May-2026 00:59:14 UTC] ../panel.db
[09-May-2026 00:59:18 UTC] ../panel.db
[09-May-2026 00:59:18 UTC] ../panel.db
[09-May-2026 00:59:18 UTC] ../panel.db
[09-May-2026 00:59:18 UTC] ../panel.db
[09-May-2026 00:59:18 UTC] ../panel.db
[09-May-2026 00:59:18 UTC] ../panel.db
[09-May-2026 00:59:18 UTC] ../panel.db
[09-May-2026 00:59:19 UTC] ../panel.db
[09-May-2026 00:59:19 UTC] ../panel.db
[09-May-2026 00:59:19 UTC] ../panel.db
[09-May-2026 00:59:19 UTC] ../panel.db
[09-May-2026 00:59:19 UTC] ../panel.db
[09-May-2026 00:59:19 UTC] ../panel.db
[09-May-2026 00:59:19 UTC] ../panel.db
[09-May-2026 00:59:31 UTC] ../panel.db
[09-May-2026 00:59:36 UTC] ../panel.db
[09-May-2026 00:59:36 UTC] ../panel.db
[09-May-2026 00:59:36 UTC] ../panel.db
[09-May-2026 00:59:36 UTC] ../panel.db
[09-May-2026 00:59:36 UTC] ../panel.db
[09-May-2026 00:59:36 UTC] ../panel.db
[09-May-2026 00:59:36 UTC] ../panel.db
[09-May-2026 00:59:37 UTC] ../panel.db
[09-May-2026 00:59:46 UTC] ../panel.db
[09-May-2026 00:59:49 UTC] ../panel.db
[09-May-2026 00:59:49 UTC] ../panel.db
[09-May-2026 00:59:57 UTC] ../panel.db
[09-May-2026 00:59:57 UTC] ../panel.db
[09-May-2026 00:59:57 UTC] ../panel.db
[09-May-2026 00:59:57 UTC] ../panel.db
[09-May-2026 00:59:57 UTC] {"serverId":"6d51f2c4-a03d-4373-a278-4932147e3c5a","userUuid":"1","token":"7dcd5010-b674-417d-b121-113eb9200a9a"}
[09-May-2026 00:59:57 UTC] {"serverId":"6d51f2c4-a03d-4373-a278-4932147e3c5a","userUuid":"1","token":"7dcd5010-b674-417d-b121-113eb9200a9a"}
[09-May-2026 00:59:57 UTC] {"serverId":"06ac013c-1f14-4f03-8c5a-bd97d0d0499f","userUuid":"1","token":"7dcd5010-b674-417d-b121-113eb9200a9a"}
[09-May-2026 00:59:57 UTC] {"serverId":"06ac013c-1f14-4f03-8c5a-bd97d0d0499f","userUuid":"1","token":"7dcd5010-b674-417d-b121-113eb9200a9a"}
[09-May-2026 00:59:57 UTC] {"serverId":"4c09c109-1764-445c-beda-bafce5c08b83","userUuid":"1","token":"7dcd5010-b674-417d-b121-113eb9200a9a"}
[09-May-2026 00:59:57 UTC] {"serverId":"4c09c109-1764-445c-beda-bafce5c08b83","userUuid":"1","token":"7dcd5010-b674-417d-b121-113eb9200a9a"}
[09-May-2026 00:59:59 UTC] ../panel.db
[09-May-2026 01:00:01 UTC] ../panel.db
[09-May-2026 01:00:01 UTC] ../panel.db
[09-May-2026 01:00:01 UTC] ../panel.db
[09-May-2026 01:00:01 UTC] ../panel.db
[09-May-2026 01:00:01 UTC] {"serverId":"06ac013c-1f14-4f03-8c5a-bd97d0d0499f","userUuid":"1","token":"7dcd5010-b674-417d-b121-113eb9200a9a"}
[09-May-2026 01:00:01 UTC] {"serverId":"06ac013c-1f14-4f03-8c5a-bd97d0d0499f","userUuid":"1","token":"7dcd5010-b674-417d-b121-113eb9200a9a"}
[09-May-2026 01:00:01 UTC] {"serverId":"4c09c109-1764-445c-beda-bafce5c08b83","userUuid":"1","token":"7dcd5010-b674-417d-b121-113eb9200a9a"}
[09-May-2026 01:00:01 UTC] {"serverId":"4c09c109-1764-445c-beda-bafce5c08b83","userUuid":"1","token":"7dcd5010-b674-417d-b121-113eb9200a9a"}
[09-May-2026 01:00:01 UTC] {"serverId":"6d51f2c4-a03d-4373-a278-4932147e3c5a","userUuid":"1","token":"7dcd5010-b674-417d-b121-113eb9200a9a"}
[09-May-2026 01:00:01 UTC] {"serverId":"6d51f2c4-a03d-4373-a278-4932147e3c5a","userUuid":"1","token":"7dcd5010-b674-417d-b121-113eb9200a9a"}
[09-May-2026 01:00:02 UTC] ../panel.db
[09-May-2026 01:00:30 UTC] ../panel.db
[09-May-2026 01:00:36 UTC] ../panel.db
[09-May-2026 01:00:36 UTC] ../panel.db
[09-May-2026 01:00:36 UTC] ../panel.db
[09-May-2026 01:00:36 UTC] ../panel.db
[09-May-2026 01:00:36 UTC] ../panel.db
[09-May-2026 01:00:37 UTC] ../panel.db
[09-May-2026 01:00:37 UTC] ../panel.db
[09-May-2026 01:00:37 UTC] ../panel.db
[09-May-2026 01:00:37 UTC] ../panel.db
[09-May-2026 01:00:37 UTC] ../panel.db
[09-May-2026 01:00:37 UTC] ../panel.db
[09-May-2026 01:00:37 UTC] ../panel.db
[09-May-2026 01:00:37 UTC] ../panel.db
[09-May-2026 01:00:37 UTC] ../panel.db
[09-May-2026 01:00:38 UTC] ../panel.db
[09-May-2026 01:00:38 UTC] ../panel.db
[09-May-2026 01:00:38 UTC] ../panel.db
[09-May-2026 01:00:38 UTC] ../panel.db
[09-May-2026 01:00:38 UTC] {"serverId":"4c09c109-1764-445c-beda-bafce5c08b83","userUuid":"1","token":"7dcd5010-b674-417d-b121-113eb9200a9a"}
[09-May-2026 01:00:38 UTC] {"serverId":"4c09c109-1764-445c-beda-bafce5c08b83","userUuid":"1","token":"7dcd5010-b674-417d-b121-113eb9200a9a"}
[09-May-2026 01:00:38 UTC] {"serverId":"6d51f2c4-a03d-4373-a278-4932147e3c5a","userUuid":"1","token":"7dcd5010-b674-417d-b121-113eb9200a9a"}
[09-May-2026 01:00:38 UTC] {"serverId":"6d51f2c4-a03d-4373-a278-4932147e3c5a","userUuid":"1","token":"7dcd5010-b674-417d-b121-113eb9200a9a"}
[09-May-2026 01:00:38 UTC] {"serverId":"06ac013c-1f14-4f03-8c5a-bd97d0d0499f","userUuid":"1","token":"7dcd5010-b674-417d-b121-113eb9200a9a"}
[09-May-2026 01:00:38 UTC] {"serverId":"06ac013c-1f14-4f03-8c5a-bd97d0d0499f","userUuid":"1","token":"7dcd5010-b674-417d-b121-113eb9200a9a"}
[09-May-2026 01:00:41 UTC] ../panel.db
[09-May-2026 01:00:46 UTC] ../panel.db
[09-May-2026 01:00:46 UTC] ../panel.db
[09-May-2026 01:00:46 UTC] ../panel.db
[09-May-2026 01:00:46 UTC] ../panel.db
[09-May-2026 01:00:46 UTC] {"serverId":"6d51f2c4-a03d-4373-a278-4932147e3c5a","userUuid":"1","token":"7dcd5010-b674-417d-b121-113eb9200a9a"}
[09-May-2026 01:00:46 UTC] {"serverId":"6d51f2c4-a03d-4373-a278-4932147e3c5a","userUuid":"1","token":"7dcd5010-b674-417d-b121-113eb9200a9a"}
[09-May-2026 01:00:46 UTC] {"serverId":"06ac013c-1f14-4f03-8c5a-bd97d0d0499f","userUuid":"1","token":"7dcd5010-b674-417d-b121-113eb9200a9a"}
[09-May-2026 01:00:46 UTC] {"serverId":"06ac013c-1f14-4f03-8c5a-bd97d0d0499f","userUuid":"1","token":"7dcd5010-b674-417d-b121-113eb9200a9a"}
[09-May-2026 01:00:46 UTC] {"serverId":"4c09c109-1764-445c-beda-bafce5c08b83","userUuid":"1","token":"7dcd5010-b674-417d-b121-113eb9200a9a"}
[09-May-2026 01:00:46 UTC] {"serverId":"4c09c109-1764-445c-beda-bafce5c08b83","userUuid":"1","token":"7dcd5010-b674-417d-b121-113eb9200a9a"}
[09-May-2026 01:00:50 UTC] ../panel.db
[09-May-2026 01:01:11 UTC] ../panel.db
[09-May-2026 01:01:38 UTC] ../panel.db
[09-May-2026 01:01:39 UTC] ../panel.db
[09-May-2026 01:01:39 UTC] {"serverId":"6d51f2c4-a03d-4373-a278-4932147e3c5a","userUuid":"1","action":"start","memory":0,"cpu":0,"disk":0,"image":"ghcr.io\/ptero-eggs\/yolks:nodejs_25","additionalAllocation":[{"id":4,"ip":"0.0.0.0","port":25567,"externalIp":"localhost"}],"environment":{"STARTUP_MODE":"npm","NPM_SCRIPT":"start","MAIN_FILE":"src\/index.ts","GIT_ADDRESS":"","GIT_BRANCH":"main","EXTRA_PACKAGES":"","NODE_ARGS":""},"primaryAllocation":{"ip":"0.0.0.0","port":25565,"externalIp":"localhost"},"core":{"id":2,"name":"Node.js Universal","startupCommand":"echo \"[Debug] STARTUP_MODE: '{{STARTUP_MODE}}'\"; if [ -n \"{{GIT_ADDRESS}}\" ]; then if [ -d .git ]; then git pull; else git clone --single-branch --branch {{GIT_BRANCH} {{GIT_ADDRESS}} .; fi; fi; if [ -f package.json ]; then if [ -f yarn.lock ]; then yarn install; else npm install --production; fi; fi; if [ -n \"{{EXTRA_PACKAGES}}\" ]; then if [ ! -f package.json ]; then npm init -y; fi; npm install {{EXTRA_PACKAGES}}; fi; if [ \"{{STARTUP_MODE}}\" = \"npm\" ]; then npm run {{NPM_SCRIPT}}; else node {{NODE_ARGS}} {{MAIN_FILE}}; fi","stopCommand":"^C","startupParser":[],"configSystem":[],"installScript":"#!\/bin\/ash\napk add --no-cache curl jq git\n\nC_LBLUE='\\033[1;34m'\nC_BLUE='\\033[0;34m'\nC_GREEN='\\033[0;32m'\nC_PINK='\\033[38;5;211m'\nC_NC='\\033[0m'\n\necho -e \"${C_BLUE}------------------------------------------------------------${C_NC}\"\necho -e \"${C_LBLUE}[Orchestrator]${C_NC} Preparando ambiente inicial...\"\necho -e \"${C_BLUE}------------------------------------------------------------${C_NC}\"\n\ncd \/mnt\/server\n\necho -e \"${C_GREEN}[Sucesso]${C_NC} Ambiente pronto!\"","installImage":"alpine","installEntrypoint":"ash","rootAcess":null,"maintainable":null},"token":"7dcd5010-b674-417d-b121-113eb9200a9a"}
[09-May-2026 01:01:39 UTC] [sendAction Otimizado] PHP Payload: 0.6ms | cURL Node.js: 15.89ms | Total: 16.49ms
[09-May-2026 01:01:44 UTC] ../panel.db
[09-May-2026 01:01:48 UTC] ../panel.db
[09-May-2026 01:01:54 UTC] ../panel.db
[09-May-2026 01:01:56 UTC] ../panel.db
[09-May-2026 01:01:56 UTC] {"serverId":"6d51f2c4-a03d-4373-a278-4932147e3c5a","userUuid":"1","action":"kill","token":"7dcd5010-b674-417d-b121-113eb9200a9a"}
[09-May-2026 01:01:56 UTC] [sendAction Otimizado] PHP Payload: 0.13ms | cURL Node.js: 1.55ms | Total: 1.68ms
[09-May-2026 01:02:32 UTC] ../panel.db
[09-May-2026 01:02:37 UTC] ../panel.db
[09-May-2026 01:02:38 UTC] ../panel.db
[09-May-2026 01:02:38 UTC] ../panel.db
[09-May-2026 01:02:38 UTC] ../panel.db
[09-May-2026 01:02:38 UTC] ../panel.db
[09-May-2026 01:02:38 UTC] ../panel.db
[09-May-2026 01:02:38 UTC] ../panel.db
[09-May-2026 01:02:38 UTC] ../panel.db
[09-May-2026 01:02:56 UTC] ../panel.db
[09-May-2026 01:02:58 UTC] ../panel.db
[09-May-2026 01:03:04 UTC] ../panel.db
[09-May-2026 01:03:09 UTC] ../panel.db
[09-May-2026 01:03:09 UTC] ../panel.db
[09-May-2026 01:03:09 UTC] ../panel.db
[09-May-2026 01:03:09 UTC] ../panel.db
[09-May-2026 01:03:09 UTC] ../panel.db
[09-May-2026 01:03:09 UTC] ../panel.db
[09-May-2026 01:03:12 UTC] ../panel.db
[09-May-2026 01:03:12 UTC] ../panel.db
[09-May-2026 01:03:12 UTC] ../panel.db
[09-May-2026 01:03:12 UTC] ../panel.db
[09-May-2026 01:03:12 UTC] ../panel.db
[09-May-2026 01:03:12 UTC] ../panel.db
[09-May-2026 01:03:12 UTC] ../panel.db
[09-May-2026 01:03:20 UTC] ../panel.db
[09-May-2026 01:03:33 UTC] ../panel.db
[09-May-2026 01:03:33 UTC] ../panel.db
[09-May-2026 01:03:33 UTC] ../panel.db
[09-May-2026 01:03:33 UTC] ../panel.db
[09-May-2026 01:03:33 UTC] ../panel.db
[09-May-2026 01:03:33 UTC] ../panel.db
[09-May-2026 01:03:33 UTC] ../panel.db
[09-May-2026 01:03:35 UTC] ../panel.db
[09-May-2026 01:03:35 UTC] ../panel.db
[09-May-2026 01:03:35 UTC] ../panel.db
[09-May-2026 01:03:35 UTC] ../panel.db
[09-May-2026 01:03:35 UTC] ../panel.db
[09-May-2026 01:03:36 UTC] ../panel.db
[09-May-2026 01:03:36 UTC] ../panel.db
[09-May-2026 01:03:37 UTC] ../panel.db
[09-May-2026 01:03:37 UTC] ../panel.db
[09-May-2026 01:03:37 UTC] ../panel.db
[09-May-2026 01:03:37 UTC] ../panel.db
[09-May-2026 01:03:37 UTC] {"serverId":"06ac013c-1f14-4f03-8c5a-bd97d0d0499f","userUuid":"1","token":"7dcd5010-b674-417d-b121-113eb9200a9a"}
[09-May-2026 01:03:37 UTC] {"serverId":"06ac013c-1f14-4f03-8c5a-bd97d0d0499f","userUuid":"1","token":"7dcd5010-b674-417d-b121-113eb9200a9a"}
[09-May-2026 01:03:37 UTC] {"serverId":"4c09c109-1764-445c-beda-bafce5c08b83","userUuid":"1","token":"7dcd5010-b674-417d-b121-113eb9200a9a"}
[09-May-2026 01:03:37 UTC] {"serverId":"4c09c109-1764-445c-beda-bafce5c08b83","userUuid":"1","token":"7dcd5010-b674-417d-b121-113eb9200a9a"}
[09-May-2026 01:03:37 UTC] {"serverId":"6d51f2c4-a03d-4373-a278-4932147e3c5a","userUuid":"1","token":"7dcd5010-b674-417d-b121-113eb9200a9a"}
[09-May-2026 01:03:37 UTC] {"serverId":"6d51f2c4-a03d-4373-a278-4932147e3c5a","userUuid":"1","token":"7dcd5010-b674-417d-b121-113eb9200a9a"}
[09-May-2026 01:03:39 UTC] ../panel.db
[09-May-2026 01:03:39 UTC] ../panel.db
[09-May-2026 01:03:40 UTC] ../panel.db
[09-May-2026 01:03:52 UTC] ../panel.db
[09-May-2026 01:03:59 UTC] ../panel.db
[09-May-2026 01:03:59 UTC] ../panel.db
[09-May-2026 01:03:59 UTC] ../panel.db
[09-May-2026 01:03:59 UTC] ../panel.db
[09-May-2026 01:03:59 UTC] {"serverId":"4c09c109-1764-445c-beda-bafce5c08b83","userUuid":"1","token":"7dcd5010-b674-417d-b121-113eb9200a9a"}
[09-May-2026 01:03:59 UTC] {"serverId":"4c09c109-1764-445c-beda-bafce5c08b83","userUuid":"1","token":"7dcd5010-b674-417d-b121-113eb9200a9a"}
[09-May-2026 01:03:59 UTC] {"serverId":"06ac013c-1f14-4f03-8c5a-bd97d0d0499f","userUuid":"1","token":"7dcd5010-b674-417d-b121-113eb9200a9a"}
[09-May-2026 01:03:59 UTC] {"serverId":"06ac013c-1f14-4f03-8c5a-bd97d0d0499f","userUuid":"1","token":"7dcd5010-b674-417d-b121-113eb9200a9a"}
[09-May-2026 01:03:59 UTC] {"serverId":"6d51f2c4-a03d-4373-a278-4932147e3c5a","userUuid":"1","token":"7dcd5010-b674-417d-b121-113eb9200a9a"}
[09-May-2026 01:03:59 UTC] {"serverId":"6d51f2c4-a03d-4373-a278-4932147e3c5a","userUuid":"1","token":"7dcd5010-b674-417d-b121-113eb9200a9a"}
[10-May-2026 12:38:25 UTC] ../panel.db
[10-May-2026 12:38:26 UTC] ../panel.db
[10-May-2026 12:38:26 UTC] ../panel.db
[10-May-2026 12:38:26 UTC] ../panel.db
[10-May-2026 12:38:26 UTC] ../panel.db
[10-May-2026 12:38:26 UTC] ../panel.db
[10-May-2026 12:38:26 UTC] ../panel.db
[10-May-2026 12:38:27 UTC] ../panel.db
[10-May-2026 12:38:34 UTC] ../panel.db
[10-May-2026 12:38:34 UTC] ../panel.db
[10-May-2026 12:38:34 UTC] ../panel.db
[10-May-2026 12:38:34 UTC] ../panel.db
[10-May-2026 12:38:34 UTC] ../panel.db
[10-May-2026 12:38:34 UTC] ../panel.db
[10-May-2026 12:38:34 UTC] ../panel.db
[10-May-2026 12:38:34 UTC] {"serverId":"6d51f2c4-a03d-4373-a278-4932147e3c5a","userUuid":"1","token":"7dcd5010-b674-417d-b121-113eb9200a9a"}
[10-May-2026 12:38:35 UTC] apiRequest cURL Error (Node 1): Connection timed out after 211 milliseconds
[10-May-2026 12:38:35 UTC] {"serverId":"6d51f2c4-a03d-4373-a278-4932147e3c5a","userUuid":"1","token":"7dcd5010-b674-417d-b121-113eb9200a9a"}
[10-May-2026 12:38:35 UTC] apiRequest cURL Error (Node 1): Connection timed out after 202 milliseconds
[10-May-2026 12:38:35 UTC] {"serverId":"06ac013c-1f14-4f03-8c5a-bd97d0d0499f","userUuid":"1","token":"7dcd5010-b674-417d-b121-113eb9200a9a"}
[10-May-2026 12:38:35 UTC] apiRequest cURL Error (Node 1): Connection timed out after 200 milliseconds
[10-May-2026 12:38:35 UTC] {"serverId":"06ac013c-1f14-4f03-8c5a-bd97d0d0499f","userUuid":"1","token":"7dcd5010-b674-417d-b121-113eb9200a9a"}
[10-May-2026 12:38:35 UTC] apiRequest cURL Error (Node 1): Connection timed out after 204 milliseconds
[10-May-2026 12:38:35 UTC] {"serverId":"4c09c109-1764-445c-beda-bafce5c08b83","userUuid":"1","token":"7dcd5010-b674-417d-b121-113eb9200a9a"}
[10-May-2026 12:38:35 UTC] apiRequest cURL Error (Node 1): Connection timed out after 203 milliseconds
[10-May-2026 12:38:35 UTC] {"serverId":"4c09c109-1764-445c-beda-bafce5c08b83","userUuid":"1","token":"7dcd5010-b674-417d-b121-113eb9200a9a"}
[10-May-2026 12:38:36 UTC] apiRequest cURL Error (Node 1): Connection timed out after 217 milliseconds
[10-May-2026 12:38:36 UTC] ../panel.db
[10-May-2026 12:38:36 UTC] ../panel.db
[10-May-2026 12:38:43 UTC] ../panel.db
[10-May-2026 12:38:43 UTC] ../panel.db
[10-May-2026 12:38:43 UTC] ../panel.db
[10-May-2026 12:38:43 UTC] ../panel.db
[10-May-2026 12:38:43 UTC] ../panel.db
[10-May-2026 12:38:44 UTC] ../panel.db
[10-May-2026 12:38:44 UTC] ../panel.db
[10-May-2026 12:38:44 UTC] ../panel.db
[10-May-2026 12:38:44 UTC] ../panel.db
[10-May-2026 12:38:44 UTC] ../panel.db
[10-May-2026 12:38:44 UTC] ../panel.db
[10-May-2026 12:38:44 UTC] {"serverId":"6d51f2c4-a03d-4373-a278-4932147e3c5a","userUuid":"1","token":"7dcd5010-b674-417d-b121-113eb9200a9a"}
[10-May-2026 12:38:44 UTC] apiRequest cURL Error (Node 1): Connection timed out after 210 milliseconds
[10-May-2026 12:38:44 UTC] {"serverId":"6d51f2c4-a03d-4373-a278-4932147e3c5a","userUuid":"1","token":"7dcd5010-b674-417d-b121-113eb9200a9a"}
[10-May-2026 12:38:44 UTC] apiRequest cURL Error (Node 1): Connection timed out after 200 milliseconds
[10-May-2026 12:38:44 UTC] {"serverId":"06ac013c-1f14-4f03-8c5a-bd97d0d0499f","userUuid":"1","token":"7dcd5010-b674-417d-b121-113eb9200a9a"}
[10-May-2026 12:38:45 UTC] apiRequest cURL Error (Node 1): Connection timed out after 203 milliseconds
[10-May-2026 12:38:45 UTC] {"serverId":"06ac013c-1f14-4f03-8c5a-bd97d0d0499f","userUuid":"1","token":"7dcd5010-b674-417d-b121-113eb9200a9a"}
[10-May-2026 12:38:45 UTC] apiRequest cURL Error (Node 1): Connection timed out after 200 milliseconds
[10-May-2026 12:38:45 UTC] {"serverId":"4c09c109-1764-445c-beda-bafce5c08b83","userUuid":"1","token":"7dcd5010-b674-417d-b121-113eb9200a9a"}
[10-May-2026 12:38:45 UTC] apiRequest cURL Error (Node 1): Connection timed out after 211 milliseconds
[10-May-2026 12:38:45 UTC] {"serverId":"4c09c109-1764-445c-beda-bafce5c08b83","userUuid":"1","token":"7dcd5010-b674-417d-b121-113eb9200a9a"}
[10-May-2026 12:38:45 UTC] apiRequest cURL Error (Node 1): Connection timed out after 201 milliseconds
[10-May-2026 12:38:45 UTC] ../panel.db
[10-May-2026 12:39:08 UTC] ../panel.db
[10-May-2026 12:39:16 UTC] ../panel.db
[10-May-2026 12:39:21 UTC] ../panel.db
[10-May-2026 12:39:21 UTC] ../panel.db
[10-May-2026 12:39:22 UTC] ../panel.db
[10-May-2026 12:39:22 UTC] ../panel.db
[10-May-2026 12:39:23 UTC] ../panel.db
[10-May-2026 12:39:23 UTC] ../panel.db
[10-May-2026 12:39:23 UTC] ../panel.db
[10-May-2026 12:39:24 UTC] ../panel.db
[10-May-2026 12:39:26 UTC] ../panel.db
[10-May-2026 12:39:26 UTC] ../panel.db
[10-May-2026 12:39:28 UTC] ../panel.db
[10-May-2026 12:39:28 UTC] ../panel.db
[10-May-2026 12:39:30 UTC] ../panel.db
[10-May-2026 12:39:30 UTC] ../panel.db
[10-May-2026 12:39:33 UTC] ../panel.db
[10-May-2026 12:39:33 UTC] ../panel.db
[10-May-2026 12:39:33 UTC] ../panel.db
[10-May-2026 12:39:33 UTC] ../panel.db
[10-May-2026 12:39:33 UTC] {"serverId":"06ac013c-1f14-4f03-8c5a-bd97d0d0499f","userUuid":"1","token":"7dcd5010-b674-417d-b121-113eb9200a9a"}
[10-May-2026 12:39:33 UTC] apiRequest cURL Error (Node 1): Connection timed out after 206 milliseconds
[10-May-2026 12:39:33 UTC] {"serverId":"06ac013c-1f14-4f03-8c5a-bd97d0d0499f","userUuid":"1","token":"7dcd5010-b674-417d-b121-113eb9200a9a"}
[10-May-2026 12:39:34 UTC] apiRequest cURL Error (Node 1): Connection timed out after 203 milliseconds
[10-May-2026 12:39:34 UTC] {"serverId":"6d51f2c4-a03d-4373-a278-4932147e3c5a","userUuid":"1","token":"7dcd5010-b674-417d-b121-113eb9200a9a"}
[10-May-2026 12:39:34 UTC] apiRequest cURL Error (Node 1): Connection timed out after 215 milliseconds
[10-May-2026 12:39:34 UTC] {"serverId":"6d51f2c4-a03d-4373-a278-4932147e3c5a","userUuid":"1","token":"7dcd5010-b674-417d-b121-113eb9200a9a"}
[10-May-2026 12:39:34 UTC] apiRequest cURL Error (Node 1): Connection timed out after 214 milliseconds
[10-May-2026 12:39:34 UTC] {"serverId":"4c09c109-1764-445c-beda-bafce5c08b83","userUuid":"1","token":"7dcd5010-b674-417d-b121-113eb9200a9a"}
[10-May-2026 12:39:34 UTC] apiRequest cURL Error (Node 1): Connection timed out after 208 milliseconds
[10-May-2026 12:39:34 UTC] {"serverId":"4c09c109-1764-445c-beda-bafce5c08b83","userUuid":"1","token":"7dcd5010-b674-417d-b121-113eb9200a9a"}
[10-May-2026 12:39:34 UTC] apiRequest cURL Error (Node 1): Connection timed out after 201 milliseconds
[10-May-2026 12:43:47 UTC] ../panel.db
[10-May-2026 12:43:47 UTC] ../panel.db
[10-May-2026 12:43:47 UTC] ../panel.db
[10-May-2026 12:43:47 UTC] ../panel.db
[10-May-2026 12:43:47 UTC] ../panel.db
[10-May-2026 12:43:47 UTC] ../panel.db
[10-May-2026 12:46:02 UTC] ../panel.db
[10-May-2026 12:46:02 UTC] ../panel.db
[10-May-2026 12:46:03 UTC] ../panel.db
[10-May-2026 12:46:03 UTC] ../panel.db
[10-May-2026 12:46:03 UTC] ../panel.db
[10-May-2026 12:46:03 UTC] ../panel.db
[10-May-2026 12:46:03 UTC] {"serverId":"06ac013c-1f14-4f03-8c5a-bd97d0d0499f","userUuid":"1","token":"7dcd5010-b674-417d-b121-113eb9200a9a"}
[10-May-2026 12:46:03 UTC] {"serverId":"06ac013c-1f14-4f03-8c5a-bd97d0d0499f","userUuid":"1","token":"7dcd5010-b674-417d-b121-113eb9200a9a"}
[10-May-2026 12:46:03 UTC] {"serverId":"4c09c109-1764-445c-beda-bafce5c08b83","userUuid":"1","token":"7dcd5010-b674-417d-b121-113eb9200a9a"}
[10-May-2026 12:46:03 UTC] {"serverId":"4c09c109-1764-445c-beda-bafce5c08b83","userUuid":"1","token":"7dcd5010-b674-417d-b121-113eb9200a9a"}
[10-May-2026 12:46:03 UTC] {"serverId":"6d51f2c4-a03d-4373-a278-4932147e3c5a","userUuid":"1","token":"7dcd5010-b674-417d-b121-113eb9200a9a"}
[10-May-2026 12:46:03 UTC] {"serverId":"6d51f2c4-a03d-4373-a278-4932147e3c5a","userUuid":"1","token":"7dcd5010-b674-417d-b121-113eb9200a9a"}
[10-May-2026 12:46:03 UTC] ../panel.db
[10-May-2026 12:46:03 UTC] ../panel.db
[10-May-2026 12:46:03 UTC] ../panel.db
[10-May-2026 12:46:03 UTC] ../panel.db
[10-May-2026 12:46:03 UTC] ../panel.db
[10-May-2026 12:46:03 UTC] ../panel.db
[10-May-2026 12:46:03 UTC] ../panel.db
[10-May-2026 12:46:06 UTC] ../panel.db
[10-May-2026 12:46:06 UTC] ../panel.db
[10-May-2026 12:46:06 UTC] ../panel.db
[10-May-2026 12:46:06 UTC] ../panel.db
[10-May-2026 12:46:06 UTC] ../panel.db
[10-May-2026 12:46:06 UTC] {"serverId":"06ac013c-1f14-4f03-8c5a-bd97d0d0499f","userUuid":"1","token":"7dcd5010-b674-417d-b121-113eb9200a9a"}
[10-May-2026 12:46:06 UTC] {"serverId":"06ac013c-1f14-4f03-8c5a-bd97d0d0499f","userUuid":"1","token":"7dcd5010-b674-417d-b121-113eb9200a9a"}
[10-May-2026 12:46:06 UTC] {"serverId":"4c09c109-1764-445c-beda-bafce5c08b83","userUuid":"1","token":"7dcd5010-b674-417d-b121-113eb9200a9a"}
[10-May-2026 12:46:06 UTC] {"serverId":"4c09c109-1764-445c-beda-bafce5c08b83","userUuid":"1","token":"7dcd5010-b674-417d-b121-113eb9200a9a"}
[10-May-2026 12:46:06 UTC] {"serverId":"6d51f2c4-a03d-4373-a278-4932147e3c5a","userUuid":"1","token":"7dcd5010-b674-417d-b121-113eb9200a9a"}
[10-May-2026 12:46:06 UTC] {"serverId":"6d51f2c4-a03d-4373-a278-4932147e3c5a","userUuid":"1","token":"7dcd5010-b674-417d-b121-113eb9200a9a"}
[10-May-2026 12:46:24 UTC] ../panel.db
[10-May-2026 12:46:24 UTC] ../panel.db
[10-May-2026 12:46:24 UTC] ../panel.db
[10-May-2026 12:46:24 UTC] ../panel.db
[10-May-2026 12:46:24 UTC] ../panel.db
[10-May-2026 12:46:24 UTC] ../panel.db
[10-May-2026 12:50:05 UTC] ../panel.db
[10-May-2026 12:50:05 UTC] ../panel.db
[10-May-2026 12:50:05 UTC] ../panel.db
[10-May-2026 12:50:05 UTC] ../panel.db
[10-May-2026 12:50:05 UTC] ../panel.db
[10-May-2026 12:50:05 UTC] ../panel.db
[10-May-2026 12:50:06 UTC] ../panel.db
[10-May-2026 12:50:06 UTC] ../panel.db
[10-May-2026 12:50:06 UTC] ../panel.db
[10-May-2026 12:50:06 UTC] ../panel.db
[10-May-2026 12:50:06 UTC] ../panel.db
[10-May-2026 12:50:06 UTC] ../panel.db
[10-May-2026 12:50:06 UTC] {"serverId":"4c09c109-1764-445c-beda-bafce5c08b83","userUuid":"1","token":"7dcd5010-b674-417d-b121-113eb9200a9a"}
[10-May-2026 12:50:06 UTC] {"serverId":"4c09c109-1764-445c-beda-bafce5c08b83","userUuid":"1","token":"7dcd5010-b674-417d-b121-113eb9200a9a"}
[10-May-2026 12:50:06 UTC] {"serverId":"06ac013c-1f14-4f03-8c5a-bd97d0d0499f","userUuid":"1","token":"7dcd5010-b674-417d-b121-113eb9200a9a"}
[10-May-2026 12:50:06 UTC] {"serverId":"06ac013c-1f14-4f03-8c5a-bd97d0d0499f","userUuid":"1","token":"7dcd5010-b674-417d-b121-113eb9200a9a"}
[10-May-2026 12:50:06 UTC] {"serverId":"6d51f2c4-a03d-4373-a278-4932147e3c5a","userUuid":"1","token":"7dcd5010-b674-417d-b121-113eb9200a9a"}
[10-May-2026 12:50:06 UTC] {"serverId":"6d51f2c4-a03d-4373-a278-4932147e3c5a","userUuid":"1","token":"7dcd5010-b674-417d-b121-113eb9200a9a"}
[10-May-2026 12:52:23 UTC] ../panel.db
[10-May-2026 12:52:26 UTC] ../panel.db
[10-May-2026 12:52:26 UTC] ../panel.db
[10-May-2026 12:52:26 UTC] ../panel.db
[10-May-2026 12:52:26 UTC] ../panel.db
[10-May-2026 12:52:26 UTC] ../panel.db
[10-May-2026 12:52:26 UTC] ../panel.db
[10-May-2026 12:52:27 UTC] ../panel.db
[10-May-2026 12:52:27 UTC] ../panel.db
[10-May-2026 12:52:33 UTC] ../panel.db
[10-May-2026 12:52:33 UTC] ../panel.db
[10-May-2026 12:52:33 UTC] ../panel.db
[10-May-2026 12:52:33 UTC] ../panel.db
[10-May-2026 12:52:33 UTC] ../panel.db
[10-May-2026 12:52:33 UTC] ../panel.db
[10-May-2026 12:52:33 UTC] ../panel.db
[10-May-2026 12:52:33 UTC] ../panel.db
[10-May-2026 12:52:35 UTC] ../panel.db
[10-May-2026 12:52:35 UTC] ../panel.db
[10-May-2026 12:52:35 UTC] ../panel.db
[10-May-2026 12:52:38 UTC] ../panel.db
[10-May-2026 12:54:46 UTC] ../panel.db
[10-May-2026 12:58:27 UTC] ../panel.db
[10-May-2026 12:58:29 UTC] ../panel.db
[10-May-2026 12:58:30 UTC] ../panel.db
[10-May-2026 12:59:20 UTC] ../panel.db
[10-May-2026 12:59:59 UTC] ../panel.db
[10-May-2026 13:00:44 UTC] ../panel.db
[10-May-2026 13:00:44 UTC] GitHub API response: 
[10-May-2026 13:02:32 UTC] ../panel.db
[10-May-2026 13:02:32 UTC] GitHub API response: {"url":"https://api.github.com/repos/mfrazlab/panel/releases/319239717","assets_url":"https://api.github.com/repos/mfrazlab/panel/releases/319239717/assets","upload_url":"https://uploads.github.com/repos/mfrazlab/panel/releases/319239717/assets{?name,label}","html_url":"https://github.com/mfrazlab/panel/releases/tag/0.0.1-canary-b193da8","id":319239717,"author":{"login":"github-actions[bot]","id":41898282,"node_id":"MDM6Qm90NDE4OTgyODI=","avatar_url":"https://avatars.githubusercontent.com/in/15368?v=4","gravatar_id":"","url":"https://api.github.com/users/github-actions%5Bbot%5D","html_url":"https://github.com/apps/github-actions","followers_url":"https://api.github.com/users/github-actions%5Bbot%5D/followers","following_url":"https://api.github.com/users/github-actions%5Bbot%5D/following{/other_user}","gists_url":"https://api.github.com/users/github-actions%5Bbot%5D/gists{/gist_id}","starred_url":"https://api.github.com/users/github-actions%5Bbot%5D/starred{/owner}{/repo}","subscriptions_url":"https://api.github.com/users/github-actions%5Bbot%5D/subscriptions","organizations_url":"https://api.github.com/users/github-actions%5Bbot%5D/orgs","repos_url":"https://api.github.com/users/github-actions%5Bbot%5D/repos","events_url":"https://api.github.com/users/github-actions%5Bbot%5D/events{/privacy}","received_events_url":"https://api.github.com/users/github-actions%5Bbot%5D/received_events","type":"Bot","user_view_type":"public","site_admin":false},"node_id":"RE_kwDOSW1Fzc4TBzYl","tag_name":"0.0.1-canary-b193da8","target_commitish":"master","name":"v0.0.1-canary-b193da8","draft":false,"immutable":false,"prerelease":false,"created_at":"2026-05-07T23:08:18Z","updated_at":"2026-05-07T23:16:52Z","published_at":"2026-05-07T23:16:52Z","assets":[{"url":"https://api.github.com/repos/mfrazlab/panel/releases/assets/414796226","id":414796226,"node_id":"RA_kwDOSW1Fzc4YuUnC","name":"panel.zip","label":"","uploader":{"login":"github-actions[bot]","id":41898282,"node_id":"MDM6Qm90NDE4OTgyODI=","avatar_url":"https://avatars.githubusercontent.com/in/15368?v=4","gravatar_id":"","url":"https://api.github.com/users/github-actions%5Bbot%5D","html_url":"https://github.com/apps/github-actions","followers_url":"https://api.github.com/users/github-actions%5Bbot%5D/followers","following_url":"https://api.github.com/users/github-actions%5Bbot%5D/following{/other_user}","gists_url":"https://api.github.com/users/github-actions%5Bbot%5D/gists{/gist_id}","starred_url":"https://api.github.com/users/github-actions%5Bbot%5D/starred{/owner}{/repo}","subscriptions_url":"https://api.github.com/users/github-actions%5Bbot%5D/subscriptions","organizations_url":"https://api.github.com/users/github-actions%5Bbot%5D/orgs","repos_url":"https://api.github.com/users/github-actions%5Bbot%5D/repos","events_url":"https://api.github.com/users/github-actions%5Bbot%5D/events{/privacy}","received_events_url":"https://api.github.com/users/github-actions%5Bbot%5D/received_events","type":"Bot","user_view_type":"public","site_admin":false},"content_type":"application/zip","state":"uploaded","size":3961744,"digest":"sha256:8d52f8ddc1af1311ea6635b0716a9aea3380caf2a1a2b5ee23a0f55720d2d089","download_count":0,"created_at":"2026-05-07T23:16:51Z","updated_at":"2026-05-07T23:16:52Z","browser_download_url":"https://github.com/mfrazlab/panel/releases/download/0.0.1-canary-b193da8/panel.zip"}],"tarball_url":"https://api.github.com/repos/mfrazlab/panel/tarball/0.0.1-canary-b193da8","zipball_url":"https://api.github.com/repos/mfrazlab/panel/zipball/0.0.1-canary-b193da8","body":"**Full Changelog**: https://github.com/mfrazlab/panel/commits/0.0.1-canary-b193da8"}
